entry,exit,sym,reason,net,notional,eq_at_entry,pnl,equity,year
2020-01-06 08:45:00,2020-01-06 09:00:00,XRPUSDT,TP,0.008527842422525002,4041.888005012525,10000.0,34.46858399624076,10034.46858399624,2020
2020-01-06 09:00:00,2020-01-06 09:15:00,XRPUSDT,TP,0.01118066871969317,3153.99396916234,10034.46858399624,35.26376171311428,10069.732345709355,2020
2020-01-06 09:15:00,2020-01-06 12:30:00,XRPUSDT,TP,0.014421235548155406,2489.019182158911,10069.732345709355,35.894731909790785,10105.627077619145,2020
2020-01-08 00:45:00,2020-01-08 07:30:00,ETHUSDT,SL,-0.030509041081119546,2546.8630818964575,10105.627077619147,-77.70235039356575,10027.92472722558,2020
2020-01-08 12:15:00,2020-01-08 14:00:00,XRPUSDT,SL,-0.02204910111312519,3531.108428225893,10027.924727225582,-77.85776677536128,9950.066960450218,2020
2020-01-10 10:15:00,2020-01-10 18:15:00,DOGEUSDT,TP,0.00991615356255965,3498.238693343329,9950.06696045022,34.68907208168047,9984.7560325319,2020
2020-01-11 16:45:00,2020-01-11 17:15:00,ETHUSDT,TP,0.009235863700102319,3749.584036642816,9984.756032531901,34.630647094512504,10019.386679626412,2020
2020-01-11 21:30:00,2020-01-11 21:45:00,BTCUSDT,SL,-0.017846199818321935,4395.4446541192665,10019.386679626414,-78.44198358778738,9940.944696038625,2020
2020-01-14 00:00:00,2020-01-14 00:15:00,XRPUSDT,TP,0.004973442710102441,6513.307549028882,9940.944696038627,32.39356194837289,9973.338257986998,2020
2020-01-14 00:30:00,2020-01-14 00:45:00,BTCUSDT,TP,0.005551714820536137,5934.895426491187,9973.338257987,32.948846897583266,10006.287104884581,2020
2020-01-14 09:15:00,2020-01-14 12:30:00,XRPUSDT,SL,-0.019817710315660365,3935.82407348604,10006.287104884583,-77.9990213417487,9928.288083542831,2020
2020-01-14 16:45:00,2020-01-14 17:45:00,XRPUSDT,TP,0.02639860367067167,1371.38103914736,9928.288083542833,36.20254453392503,9964.490628076757,2020
2020-01-15 10:15:00,2020-01-15 10:45:00,BNBUSDT,TP,0.018278060112731757,1963.7755837383204,9964.49062807676,35.89400816748392,10000.38463624424,2020
2020-01-17 05:15:00,2020-01-17 09:00:00,DOGEUSDT,TP,0.007184527466853211,4726.361152895331,10000.384636244244,33.95667152124451,10034.341307765486,2020
2020-01-18 15:00:00,2020-01-18 15:15:00,XRPUSDT,TP,0.014407078089808342,2482.587981744464,10034.341307765488,35.76683891781217,10070.108146683297,2020
2020-01-19 01:00:00,2020-01-19 03:15:00,BTCUSDT,TP,0.007818201599639233,4407.331586555171,10070.1081466833,34.45740686014616,10104.565553543443,2020
2020-01-19 01:00:00,2020-01-19 01:45:00,DOGEUSDT,TP,0.008846291981100951,3935.1559565332914,10070.1081466833,34.8115385826621,10139.377092126106,2020
2020-01-21 02:45:00,2020-01-21 03:00:00,XRPUSDT,TP,0.01031701894756153,3435.6735337342625,10139.37709212611,35.445908945172064,10174.823001071278,2020
2020-01-21 20:00:00,2020-01-22 00:45:00,BNBUSDT,TP,0.012339999954546396,2914.865270168705,10174.823001071281,35.96943730139069,10210.792438372668,2020
2020-01-21 20:00:00,2020-01-22 07:15:00,XRPUSDT,TP,0.012718239897680384,2833.00464974556,10174.823001071281,36.03083276670802,10246.823271139376,2020
2020-01-21 20:00:00,2020-01-22 07:15:00,BTCUSDT,TP,0.008376176383258884,4180.895114410655,10174.823001071281,35.019914918208976,10281.843186057586,2020
2020-01-21 20:00:00,2020-01-21 21:00:00,ETHUSDT,TP,0.00980687348404114,3614.288483394013,10174.823001071281,35.44486989147201,10317.288055949057,2020
2020-01-24 11:30:00,2020-01-24 11:45:00,BNBUSDT,TP,0.011169959629622457,3245.8021177907735,10317.288055949059,36.25547862146601,10353.543534570523,2020
2020-01-26 17:00:00,2020-01-27 00:00:00,BTCUSDT,TP,0.006303764667512162,5504.26475573553,10353.543534570525,34.6975896878381,10388.241124258362,2020
2020-01-26 23:00:00,2020-01-27 08:45:00,XRPUSDT,SL,-0.021498939100235006,3742.4359931925164,10353.543534570525,-80.45840350417342,10307.782720754189,2020
2020-01-27 11:45:00,2020-01-27 12:30:00,DOGEUSDT,TP,0.008788419956532387,4052.472566628406,10307.782720754189,35.61483077785711,10343.397551532045,2020
2020-01-27 11:45:00,2020-01-27 16:15:00,BTCUSDT,TP,0.006392971655956346,5411.499172140202,10307.782720754189,34.595560823723545,10377.993112355769,2020
2020-01-27 12:45:00,2020-01-28 04:45:00,DOGEUSDT,TIMEOUT,-0.012673556294142085,2998.0358422531244,10343.397551532045,-37.99577601865065,10339.997336337117,2020
2020-01-27 18:45:00,2020-01-27 19:15:00,BTCUSDT,TP,0.0072404839773423215,4870.477718457044,10377.993112355769,35.264615882491015,10375.26195221961,2020
2020-01-28 00:30:00,2020-01-28 01:15:00,BTCUSDT,TP,0.00950111921326051,3809.3124924720387,10413.25772823826,36.19273211153937,10411.45468433115,2020
2020-01-28 13:00:00,2020-01-28 13:15:00,XRPUSDT,TP,0.009855299031732654,3681.4572554172455,10411.454684331151,36.28186212467873,10447.736546455828,2020
2020-01-28 23:30:00,2020-01-29 15:30:00,DOGEUSDT,TIMEOUT,-0.01479863621426236,3563.443398078065,10447.73654645583,-52.734102518272174,10395.002443937556,2020
2020-01-28 23:30:00,2020-01-29 03:00:00,BNBUSDT,TP,0.008790289537507483,4106.690042810307,10447.73654645583,36.0989945171016,10431.101438454656,2020
2020-01-28 23:30:00,2020-01-29 15:30:00,BTCUSDT,TIMEOUT,-0.0075923731060525065,3305.7585950192038,10447.73654645583,-25.098552651925722,10406.00288580273,2020
2020-01-31 18:45:00,2020-01-31 20:30:00,DOGEUSDT,SL,-0.016619733729693234,4917.85325279234,10406.002885802734,-81.73341158311443,10324.269474219616,2020
2020-02-02 06:30:00,2020-02-02 09:45:00,ETHUSDT,TP,0.010716385506257907,3376.4790576066116,10324.26947421962,36.18365123511885,10360.453125454735,2020
2020-02-02 09:45:00,2020-02-02 10:45:00,XRPUSDT,TP,0.008945708432635036,4007.102677477746,10360.453125454738,35.8463722123471,10396.299497667083,2020
2020-02-03 01:30:00,2020-02-03 02:00:00,BTCUSDT,SL,-0.01988032704851282,4075.844915498415,10396.299497667085,-81.02912991912659,10315.270367747957,2020
2020-02-04 14:45:00,2020-02-04 15:00:00,XRPUSDT,TP,0.01421380148768465,2585.0559372156063,10315.270367747959,36.74347192614322,10352.013839674099,2020
2020-02-04 15:00:00,2020-02-05 00:15:00,XRPUSDT,TP,0.01836077266076043,2031.3177592492689,10352.013839674102,37.29656357934111,10389.310403253441,2020
2020-02-05 02:00:00,2020-02-05 02:45:00,BNBUSDT,TP,0.007781108988426638,4566.805331528885,10389.310403253443,35.5348100135541,10424.845213266994,2020
2020-02-06 03:45:00,2020-02-06 04:00:00,XRPUSDT,TP,0.011177769745195177,3277.491969150311,10424.845213266997,36.63505057288851,10461.480263839883,2020
2020-02-09 03:15:00,2020-02-09 03:30:00,BNBUSDT,TP,0.009395443286924175,3866.8148724424404,10461.480263839885,36.330439835067885,10497.810703674952,2020
2020-02-09 03:45:00,2020-02-09 16:45:00,BNBUSDT,TP,0.01313490779335367,2835.221574724814,10497.810703674953,37.240373957737425,10535.051077632688,2020
2020-02-10 06:15:00,2020-02-10 07:30:00,BNBUSDT,TP,0.02079703915343091,1833.4974592011156,10535.05107763269,38.13131844672169,10573.18239607941,2020
2020-02-11 15:15:00,2020-02-11 15:30:00,BTCUSDT,TP,0.006268694146227698,5649.118362937695,10573.182396079412,35.412595213094924,10608.594991292504,2020
2020-02-11 15:15:00,2020-02-11 15:45:00,DOGEUSDT,TP,0.012125014640240914,3079.5641863872656,10573.182396079412,37.33976084550719,10645.934752138011,2020
2020-02-11 15:30:00,2020-02-11 16:00:00,BTCUSDT,TP,0.008117642195149733,4486.224223064159,10608.594991292506,36.41756305004844,10682.35231518806,2020
2020-02-11 16:15:00,2020-02-12 00:45:00,XRPUSDT,TP,0.010143581011097986,3677.2867564067933,10682.352315188062,37.30085611465005,10719.65317130271,2020
2020-02-12 00:00:00,2020-02-12 00:45:00,ETHUSDT,TP,0.012737987050617435,2969.962903406078,10682.352315188062,37.831349004400785,10757.48452030711,2020
2020-02-12 10:45:00,2020-02-12 11:15:00,XRPUSDT,TP,0.013812507984160276,2770.1661688378363,10757.484520307113,38.262942324523294,10795.747462631634,2020
2020-02-12 21:45:00,2020-02-13 00:45:00,BNBUSDT,TP,0.01309917734933534,2923.2099469656687,10795.747462631636,38.29164552464445,10834.03910815628,2020
2020-02-19 17:30:00,2020-02-19 20:45:00,XRPUSDT,SL,-0.03452894490507081,2405.5012238992244,10834.039108156281,-83.05941922909672,10750.979688927182,2020
2020-02-22 16:45:00,2020-02-23 04:00:00,XRPUSDT,TP,0.010551516949278632,3567.3241047565834,10750.979688927184,37.64068075490931,10788.620369682092,2020
2020-02-23 03:30:00,2020-02-23 04:00:00,DOGEUSDT,TP,0.005146641210457533,6837.142094041122,10750.979688927184,35.18831726294595,10823.808686945038,2020
2020-02-23 04:00:00,2020-02-23 10:15:00,BTCUSDT,TP,0.005472483843434869,6523.003288930749,10823.80868694504,35.69703010934604,10859.505717054384,2020
2020-02-23 04:00:00,2020-02-23 20:00:00,DOGEUSDT,TIMEOUT,-0.0085586871644705,5698.221979865846,10823.80868694504,-48.769299319381496,10810.736417735003,2020
2020-02-27 16:30:00,2020-02-27 17:45:00,DOGEUSDT,SL,-0.02744058538066326,3037.7948619948147,10810.736417735005,-83.35886927950888,10727.377548455494,2020
2020-02-28 22:30:00,2020-02-28 22:45:00,DOGEUSDT,TP,0.013223163561846819,2878.923275223655,10727.377548455495,38.068473350290134,10765.446021805783,2020
2020-02-29 11:30:00,2020-03-01 03:30:00,BNBUSDT,TIMEOUT,-0.010868957988254739,1786.9464800810788,10765.446021805785,-19.422246219260927,10746.023775586522,2020
2020-03-03 09:45:00,2020-03-03 10:15:00,DOGEUSDT,TP,0.008921684723600101,4166.553223154418,10746.023775586524,37.172674241083534,10783.196449827607,2020
2020-03-03 11:15:00,2020-03-03 12:45:00,BNBUSDT,SL,-0.023370531072435616,3575.2464482258188,10783.196449827607,-83.55540820987657,10699.64104161773,2020
2020-03-03 21:30:00,2020-03-04 00:15:00,DOGEUSDT,SL,-0.028249713550221704,2918.1143165575313,10699.64104161773,-82.43589354955124,10617.205148068178,2020
2020-03-05 09:15:00,2020-03-05 09:45:00,BTCUSDT,TP,0.0064793519213298175,5507.342807283387,10617.205148068178,35.684012199793564,10652.889160267972,2020
2020-03-10 10:30:00,2020-03-10 11:15:00,BTCUSDT,TP,0.007567272598551915,4803.056997068968,10652.889160267972,36.34604160320305,10689.235201871175,2020
2020-03-10 10:30:00,2020-03-10 12:45:00,BNBUSDT,TP,0.013703636592779518,2763.8950304701543,10652.889160267972,37.87541307815227,10727.110614949326,2020
2020-03-11 18:30:00,2020-03-11 23:00:00,DOGEUSDT,TP,0.014373459811284945,2659.8850599016528,10727.110614949328,38.23175101113365,10765.342365960461,2020
2020-03-13 02:30:00,2020-03-13 03:15:00,ETHUSDT,TP,0.1367288066576172,293.6455069245028,10765.342365960461,40.149799742158336,10805.492165702619,2020
2020-03-13 02:30:00,2020-03-13 13:30:00,BTCUSDT,TP,0.12448569390517467,322.35245889976795,10765.342365960461,40.12826952817691,10845.620435230796,2020
2020-03-15 06:00:00,2020-03-15 09:00:00,BNBUSDT,SL,-0.04269906706814836,1939.0694227379738,10845.620435230796,-82.79645533128448,10762.823979899511,2020
2020-03-15 10:15:00,2020-03-15 12:15:00,BTCUSDT,TP,0.01715758520813106,2253.826490592209,10762.823979899511,38.67022005667883,10801.49419995619,2020
2020-03-15 10:15:00,2020-03-15 10:30:00,XRPUSDT,TP,0.016866977553876734,2291.005355554953,10762.823979899511,38.64233590795678,10840.136535864147,2020
2020-03-15 21:00:00,2020-03-15 21:45:00,BNBUSDT,TP,0.023691716800636062,1663.16107583869,10840.136535864147,39.403141202611444,10879.539677066758,2020
2020-03-15 21:00:00,2020-03-15 21:30:00,ETHUSDT,TP,0.02229568864404651,1763.9096248048986,10840.136535864147,39.32757979088692,10918.867256857646,2020
2020-03-15 21:00:00,2020-03-15 21:30:00,XRPUSDT,TP,0.020391426168339853,1922.7894885523935,10840.136535864147,39.20841989307608,10958.075676750721,2020
2020-03-15 21:00:00,2020-03-15 21:30:00,DOGEUSDT,TP,0.021367874770172303,1837.9031634771256,10840.136535864147,39.27208463688274,10997.347761387604,2020
2020-03-15 21:00:00,2020-03-15 21:30:00,BTCUSDT,TP,0.026251103667118976,1505.5129786784778,10840.136535864147,39.521377275481804,11036.869138663085,2020
2020-03-15 21:45:00,2020-03-15 22:15:00,DOGEUSDT,SL,-0.05810848697455038,1443.143341223429,11036.869138663084,-83.85887604589074,10953.010262617196,2020
2020-03-19 09:15:00,2020-03-19 09:45:00,ETHUSDT,TP,0.017511359031147762,2249.218604965619,10953.010262617192,39.386874531090264,10992.397137148286,2020
2020-03-19 09:15:00,2020-03-19 12:00:00,DOGEUSDT,TP,0.014085234277359998,2768.664634268495,10953.010262617192,38.99729000911299,11031.394427157398,2020
2020-03-19 09:15:00,2020-03-19 12:00:00,BNBUSDT,TP,0.01737241126430727,2266.4637660944636,10953.010262617192,39.37394066024374,11070.768367817642,2020
2020-03-19 16:15:00,2020-03-20 08:15:00,DOGEUSDT,TP,0.025392899148872463,1588.0175011541007,11070.768367817638,40.32436825345054,11111.092736071092,2020
2020-03-19 16:15:00,2020-03-19 22:45:00,XRPUSDT,TP,0.025255084904086147,1596.4332180585552,11070.768367817638,40.31805646577229,11151.410792536864,2020
2020-03-23 12:00:00,2020-03-23 12:15:00,XRPUSDT,TP,0.015414596274470827,2586.9987571577835,11151.41079253686,39.87754140414503,11191.288333941011,2020
2020-03-23 12:00:00,2020-03-23 12:15:00,DOGEUSDT,TP,0.01726332415674364,2321.4921414911614,11151.41079253686,40.07667136589489,11231.365005306905,2020
2020-03-23 12:00:00,2020-03-23 12:15:00,BNBUSDT,TP,0.02307272326889668,1755.3740603036383,11151.41079253686,40.5012599267854,11271.86626523369,2020
2020-03-23 12:00:00,2020-03-23 12:15:00,ETHUSDT,TP,0.020157303698306504,2000.1522470542384,11151.41079253686,40.31767628672247,11312.183941520412,2020
2020-03-23 12:00:00,2020-03-23 12:15:00,BTCUSDT,TP,0.019957442343419222,2019.4570521309647,11151.41079253686,40.303197682915076,11352.487139203327,2020
2020-03-23 12:15:00,2020-03-23 13:00:00,BTCUSDT,TP,0.023945337459219024,1723.8811513434046,11352.487139203322,41.27891590850484,11393.766055111833,2020
2020-03-24 08:15:00,2020-03-24 15:00:00,ETHUSDT,SL,-0.04342287850191245,2002.5188928726463,11393.766055111826,-86.95513458299315,11306.81092052884,2020
2020-03-24 08:15:00,2020-03-24 15:00:00,DOGEUSDT,SL,-0.03495071869863675,2498.5804002050063,11393.766055111826,-87.32718071349241,11219.483739815347,2020
2020-03-26 21:00:00,2020-03-26 21:15:00,XRPUSDT,TP,0.010390953397478128,3776.432996643819,11219.483739815341,39.2407392768246,11258.724479092172,2020
2020-03-28 18:00:00,2020-03-29 10:00:00,DOGEUSDT,TIMEOUT,-0.021732944344703735,2151.3537677956524,11258.724479092167,-46.7552517012716,11211.9692273909,2020
2020-03-30 05:00:00,2020-03-30 07:00:00,BTCUSDT,TP,0.012690993214571853,3128.108461295382,11211.969227390895,39.69880325674449,11251.668030647645,2020
2020-03-30 05:00:00,2020-03-30 07:00:00,BNBUSDT,TP,0.012380537336363519,3202.0688510802534,11211.969227390895,39.643332964405715,11291.31136361205,2020
2020-03-30 05:00:00,2020-03-30 07:00:00,ETHUSDT,TP,0.010560561475096163,3717.3118854701706,11211.969227390895,39.256900688613364,11330.568264300664,2020
2020-03-30 05:00:00,2020-03-30 07:15:00,DOGEUSDT,TP,0.010678031489852783,3679.1012205425423,11211.969227390895,39.28555868730907,11369.853822987972,2020
2020-03-31 14:45:00,2020-04-01 00:00:00,XRPUSDT,SL,-0.020693818114863607,4275.70604491512,11369.853822987967,-88.48068320609634,11281.373139781876,2020
2020-04-02 14:30:00,2020-04-02 16:00:00,BTCUSDT,TP,0.012137544220537247,3282.6385345600293,11281.37313978187,39.84317037326194,11321.216310155138,2020
2020-04-04 03:30:00,2020-04-04 08:15:00,DOGEUSDT,TP,0.00439848174661853,8246.035093931458,11321.216310155132,36.27003484263333,11357.486344997771,2020
2020-04-06 06:30:00,2020-04-06 13:45:00,BNBUSDT,TP,0.010089425784887269,3929.227861232578,11357.486344997766,39.64365289781743,11397.129997895589,2020
2020-04-10 13:45:00,2020-04-10 15:30:00,DOGEUSDT,SL,-0.024694953430982564,3569.7908217109198,11397.129997895583,-88.15581810050014,11308.974179795088,2020
2020-04-11 21:30:00,2020-04-12 00:00:00,BTCUSDT,TP,0.0073308397762469795,5248.050245828209,11308.974179795083,38.472615489860175,11347.446795284948,2020
2020-04-12 09:15:00,2020-04-12 09:30:00,XRPUSDT,TP,0.006617403668894477,5775.837377009658,11347.446795284943,38.22104744956156,11385.66784273451,2020
2020-04-12 12:00:00,2020-04-12 12:15:00,BNBUSDT,TP,0.007618903426225573,5101.774059963178,11385.667842734505,38.86992386528221,11424.537766599793,2020
2020-04-13 10:00:00,2020-04-13 10:30:00,BNBUSDT,TP,0.015341936386647215,2662.3282366625936,11424.537766599788,40.84527044725216,11465.383037047046,2020
2020-04-13 11:30:00,2020-04-13 12:00:00,BTCUSDT,SL,-0.019955503499529407,4477.381849424566,11465.38303704704,-89.34840916492138,11376.034627882123,2020
2020-04-16 07:00:00,2020-04-16 07:15:00,BTCUSDT,TP,0.01159347878678323,3456.0864559702854,11376.03462788212,40.068065012580334,11416.102692894703,2020
2020-04-16 07:00:00,2020-04-16 07:15:00,DOGEUSDT,TP,0.010648919942131001,3742.4712228115154,11376.03462788212,39.85327643744894,11455.955969332153,2020
2020-04-16 07:00:00,2020-04-16 07:15:00,XRPUSDT,TP,0.012903636181176592,3124.45192536847,11376.03462788212,40.31679091053145,11496.272760242684,2020
2020-04-16 07:00:00,2020-04-16 07:15:00,ETHUSDT,TP,0.012976244616827146,3107.924348241654,11376.03462788212,40.32918659337678,11536.601946836061,2020
2020-04-16 07:15:00,2020-04-16 08:15:00,ETHUSDT,TP,0.0188716640043331,2204.8210228796806,11536.601946836057,41.60864153347536,11578.210588369537,2020
2020-04-17 23:15:00,2020-04-17 23:30:00,XRPUSDT,SL,-0.011573409545418162,8023.033689003423,11578.210588369533,-92.8538546795237,11485.356733690012,2020
2020-04-17 23:15:00,2020-04-17 23:30:00,ETHUSDT,SL,-0.019220137112617462,4701.45829905349,11578.210588369533,-90.36267313706135,11394.994060552952,2020
2020-04-17 23:15:00,2020-04-17 23:30:00,BTCUSDT,SL,-0.014632328929613038,6255.188149845416,11578.210588369533,-91.52797052515574,11303.466090027796,2020
2020-04-18 12:45:00,2020-04-18 13:00:00,ETHUSDT,TP,0.01168035780329797,3410.0384323899566,11303.466090027792,39.830469013312005,11343.296559041108,2020
2020-04-18 13:45:00,2020-04-18 21:00:00,BNBUSDT,TP,0.009668634786308734,4082.815356221444,11343.296559041104,39.475250579238136,11382.771809620346,2020
2020-04-18 22:30:00,2020-04-18 22:45:00,ETHUSDT,TP,0.009481587878753172,4171.922754503859,11382.771809620343,39.55645222019834,11422.328261840545,2020
2020-04-19 21:15:00,2020-04-20 10:30:00,DOGEUSDT,SL,-0.014965812770114224,6026.209218505062,11422.328261840541,-90.18711887768312,11332.14114296286,2020
2020-04-22 13:15:00,2020-04-22 13:45:00,ETHUSDT,TP,0.010057589709696543,3932.0080080375224,11332.141142962859,39.54652328008259,11371.687666242944,2020
2020-04-22 13:15:00,2020-04-22 14:30:00,BTCUSDT,TP,0.006946874544377967,5521.140956773252,11332.141142962859,38.354673568530714,11410.042339811474,2020
2020-04-22 13:15:00,2020-04-22 13:45:00,XRPUSDT,TP,0.006059906953964566,6240.251089094723,11332.141142962859,37.81534096929007,11447.857680780764,2020
2020-04-23 01:30:00,2020-04-23 04:00:00,ETHUSDT,SL,-0.022099826561900675,4021.5283415497756,11447.857680780762,-88.8750788620181,11358.982601918746,2020
2020-04-23 13:15:00,2020-04-23 14:00:00,XRPUSDT,TP,0.010514255035728845,3781.5358958124802,11358.982601918744,39.760032835335764,11398.742634754082,2020
2020-04-23 14:00:00,2020-04-23 14:15:00,DOGEUSDT,TP,0.010736187956358865,3721.450932436108,11398.74263475408,39.95419668100101,11438.696831435082,2020
2020-04-23 14:00:00,2020-04-23 14:15:00,BTCUSDT,TP,0.0103496664851503,3851.0422756859225,11398.74263475408,39.857003173563534,11478.553834608647,2020
2020-04-23 14:15:00,2020-04-24 06:15:00,BTCUSDT,TIMEOUT,-0.00256798368598842,2466.740394112756,11478.553834608645,-6.334549089650203,11472.219285518995,2020
2020-04-25 05:45:00,2020-04-25 15:45:00,BNBUSDT,TP,0.009026844728469593,4400.276726848488,11472.219285518995,39.7206147755597,11511.939900294556,2020
2020-04-26 00:15:00,2020-04-26 09:30:00,DOGEUSDT,TP,0.012583886430087473,3237.598794054006,11511.939900294556,40.74157553056377,11552.681475825118,2020
2020-04-27 22:45:00,2020-04-28 02:00:00,XRPUSDT,SL,-0.011748438813838597,7877.946364503023,11552.68147582512,-92.55357084206598,11460.127904983054,2020
2020-04-28 09:30:00,2020-04-28 09:45:00,XRPUSDT,TP,0.008928219890756558,4440.4322415459255,11460.127904983054,39.645155462527065,11499.773060445581,2020
2020-04-28 18:00:00,2020-04-28 23:00:00,XRPUSDT,TP,0.012645465487875103,3219.3094757106273,11499.773060445581,40.70966686988803,11540.482727315468,2020
2020-04-28 21:15:00,2020-04-28 22:15:00,DOGEUSDT,SL,-0.01299501250028966,7043.545112861398,11499.773060445581,-91.53095678798802,11448.951770527481,2020
2020-04-29 06:00:00,2020-04-29 06:30:00,ETHUSDT,TP,0.009151143250486764,4336.223409086356,11448.951770527481,39.68140158266331,11488.633172110143,2020
2020-04-29 16:30:00,2020-04-29 16:45:00,ETHUSDT,SL,-0.029648180635653606,2981.6669041274877,11488.633172110145,-88.40099896892181,11400.232173141221,2020
2020-04-29 16:30:00,2020-04-29 17:30:00,BTCUSDT,TP,0.014933142800388845,2747.0498065186853,11488.633172110145,41.02208704052408,11441.254260181746,2020
2020-05-03 00:30:00,2020-05-03 06:00:00,BTCUSDT,SL,-0.02036371673823396,4374.969216522379,11441.254260181748,-89.09063386375507,11352.16362631799,2020
2020-05-04 12:15:00,2020-05-04 14:00:00,DOGEUSDT,TP,0.012641072536118656,3179.0294230630375,11352.163626317993,40.1863415313953,11392.349967849386,2020
2020-05-06 03:30:00,2020-05-06 11:45:00,ETHUSDT,TP,0.01009903893570116,3937.796945206917,11392.349967849388,39.76796467052974,11432.117932519915,2020
2020-05-06 10:15:00,2020-05-06 10:30:00,BTCUSDT,TP,0.008390250073343075,4673.976317565902,11392.349967849388,39.2158301412611,11471.333762661177,2020
2020-05-07 07:15:00,2020-05-07 13:15:00,DOGEUSDT,TP,0.009256624173356563,4298.90249346198,11471.33376266118,39.79332473988297,11511.127087401059,2020
2020-05-13 12:30:00,2020-05-13 13:00:00,ETHUSDT,TP,0.007379850218865351,5309.658285903659,11511.127087401062,39.18448286332634,11550.311570264386,2020
2020-05-13 21:45:00,2020-05-14 05:00:00,ETHUSDT,SL,-0.022586581920952354,3967.074017837165,11550.311570264388,-89.60264229036072,11460.708927974025,2020
2020-05-14 20:15:00,2020-05-15 02:30:00,BTCUSDT,SL,-0.027980041723381335,3156.6355216414836,11460.708927974027,-88.32279360103631,11372.38613437299,2020
2020-05-17 06:30:00,2020-05-17 12:45:00,XRPUSDT,TP,0.005607872030761626,6707.660644561657,11372.38613437299,37.61570252047782,11410.001836893467,2020
2020-05-17 12:00:00,2020-05-17 12:15:00,ETHUSDT,TP,0.005463545544123046,6863.46429764808,11372.38613437299,37.49884978066278,11447.50068667413,2020
2020-05-17 12:00:00,2020-05-17 12:45:00,BTCUSDT,TP,0.007859637403412391,4953.338451512056,11372.38613437299,38.93144416526497,11486.432130839396,2020
2020-05-17 12:00:00,2020-05-17 12:45:00,DOGEUSDT,SL,-0.014784837632529925,6077.227128734657,11372.38613437299,-89.85081635434793,11396.581314485047,2020
2020-05-17 12:15:00,2020-05-17 12:45:00,ETHUSDT,TP,0.006333224858477635,6040.619851191883,11409.884984153652,38.2566038021819,11434.837918287229,2020
2020-05-18 01:00:00,2020-05-18 02:00:00,ETHUSDT,TP,0.010020530191499798,3981.2935325522826,11434.837918287227,39.89467204416303,11474.732590331392,2020
2020-05-19 08:00:00,2020-05-19 08:15:00,BTCUSDT,TP,0.009285687805870938,4287.722779555781,11474.73259033139,39.814455129076165,11514.547045460467,2020
2020-05-19 11:00:00,2020-05-19 12:30:00,BNBUSDT,SL,-0.020465000038398837,4380.375484288726,11514.547045460467,-89.6443844541701,11424.902661006297,2020
2020-05-21 11:15:00,2020-05-21 14:30:00,DOGEUSDT,SL,-0.024879365237072504,3551.140658515852,11424.902661006297,-88.35012545143405,11336.552535554863,2020
2020-05-21 19:00:00,2020-05-21 21:30:00,ETHUSDT,TP,0.016998317571069458,2395.2733456621927,11336.552535554863,40.71561699908398,11377.268152553948,2020
2020-05-22 06:00:00,2020-05-22 10:00:00,XRPUSDT,TP,0.010944094599178071,3648.401781791322,11377.268152553948,39.92845423573406,11417.196606789683,2020
2020-05-23 12:45:00,2020-05-23 13:45:00,DOGEUSDT,TP,0.008394299697434014,4682.0958074543005,11417.196606789683,39.3029154198707,11456.499522209553,2020
2020-05-24 06:00:00,2020-05-24 11:00:00,BTCUSDT,SL,-0.012482455950399884,7323.59420566531,11456.499522209553,-91.41644207082106,11365.083080138731,2020
2020-05-27 08:15:00,2020-05-27 10:15:00,BTCUSDT,TP,0.005768419778236579,6538.250527039619,11365.083080138733,37.71537365524107,11402.798453793972,2020
2020-05-27 10:30:00,2020-05-27 15:15:00,BTCUSDT,TP,0.008477775437703164,4633.889770118947,11402.798453793974,39.28507687413837,11442.083530668111,2020
2020-05-30 10:45:00,2020-05-30 11:00:00,XRPUSDT,TP,0.006288909138110518,6095.804392145245,11442.083530668113,38.33595994589647,11480.419490614007,2020
2020-05-30 22:30:00,2020-05-31 04:15:00,BTCUSDT,SL,-0.01921233539389021,4663.719098511208,11480.41949061401,-89.60093550348863,11390.81855511052,2020
2020-05-31 10:30:00,2020-05-31 14:45:00,XRPUSDT,SL,-0.026218350447089353,3354.404100132546,11390.81855511052,-87.94694223842849,11302.87161287209,2020
2020-06-01 12:15:00,2020-06-01 22:15:00,ETHUSDT,TP,0.011082119021036162,3582.2635381636524,11302.871612872092,39.69907089464771,11342.570683766739,2020
2020-06-01 23:00:00,2020-06-01 23:30:00,BTCUSDT,TP,0.012411295017818668,3231.7974793923404,11342.570683766739,40.11079195458108,11382.68147572132,2020
2020-06-01 23:00:00,2020-06-01 23:30:00,DOGEUSDT,TP,0.011607463489694058,3442.0202899728097,11342.570683766739,39.953124846645544,11422.634600567964,2020
2020-06-01 23:00:00,2020-06-01 23:30:00,BNBUSDT,TP,0.008199737683975174,4752.613044769517,11342.570683766739,38.9701802805486,11461.604780848513,2020
2020-06-03 18:30:00,2020-06-03 23:30:00,ETHUSDT,TP,0.007882527309827322,4978.961129871192,11461.604780848513,39.246797080778364,11500.851577929292,2020
2020-06-05 08:30:00,2020-06-05 10:00:00,ETHUSDT,SL,-0.0210347437531697,4252.278849763186,11500.85157792929,-89.44559597179182,11411.4059819575,2020
2020-06-06 09:00:00,2020-06-07 01:00:00,XRPUSDT,TIMEOUT,-0.00271213087412936,7000.966579673423,11411.405981957498,-18.987537609480118,11392.41844434802,2020
2020-06-06 09:00:00,2020-06-07 01:00:00,ETHUSDT,TIMEOUT,-0.0072488483053636575,5445.004307456987,11411.405981957498,-39.47001024680739,11352.948434101212,2020
2020-06-07 19:30:00,2020-06-07 19:45:00,BTCUSDT,TP,0.00732323731002222,5273.418207963256,11352.94843410121,38.61849297190703,11391.56692707312,2020
2020-06-07 19:30:00,2020-06-07 21:15:00,DOGEUSDT,SL,-0.014842230827840622,6042.13160400003,11352.94843410121,-89.67871195875935,11301.88821511436,2020
2020-06-08 23:30:00,2020-06-09 00:00:00,ETHUSDT,TP,0.006185656984604347,6110.752146589424,11301.888215114359,37.79901669673688,11339.687231811098,2020
2020-06-09 00:00:00,2020-06-09 00:15:00,ETHUSDT,SL,-0.0182953544999082,4847.303269878527,11339.687231811096,-88.68313169099186,11251.004100120106,2020
2020-06-10 18:30:00,2020-06-11 10:30:00,DOGEUSDT,TIMEOUT,-0.010672779922779934,4738.3489954638235,11251.004100120104,-50.57135602591077,11200.432744094194,2020
2020-06-10 18:30:00,2020-06-10 18:45:00,ETHUSDT,SL,-0.01480851941840647,6002.234534059194,11251.004100120104,-88.88420665144548,11111.54853744275,2020
2020-06-10 18:30:00,2020-06-10 18:45:00,BTCUSDT,SL,-0.012975007697843974,6902.452156801738,11251.004100120104,-89.55936986850229,11021.989167574247,2020
2020-06-10 18:30:00,2020-06-10 18:45:00,BNBUSDT,SL,-0.011431515993163935,7899.864663864709,11251.004100120104,-90.30742924880005,10931.681738325447,2020
2020-06-11 17:00:00,2020-06-12 06:00:00,DOGEUSDT,TP,0.01626918099607879,2408.6826815088907,10931.681738325446,39.18729450758855,10970.869032833036,2020
2020-06-11 17:00:00,2020-06-12 07:30:00,XRPUSDT,TP,0.018758827324953025,2101.2952667988748,10931.681738325446,39.41783506862119,11010.286867901657,2020
2020-06-21 00:00:00,2020-06-21 02:00:00,BNBUSDT,TP,0.0051318790649721386,7019.623371808779,11010.286867901656,36.0238582257746,11046.31072612743,2020
2020-06-22 01:45:00,2020-06-22 04:00:00,ETHUSDT,TP,0.006210126301265362,5951.568036264938,11046.31072612743,36.95998919577914,11083.270715323211,2020
2020-06-22 15:45:00,2020-06-22 16:00:00,ETHUSDT,TP,0.006602461627666635,5652.836735123795,11083.27071532321,37.3226376311192,11120.593352954329,2020
2020-06-26 09:30:00,2020-06-27 01:30:00,DOGEUSDT,TIMEOUT,-0.005764960596738177,6209.485079491897,11120.593352954329,-35.79743680930441,11084.795916145025,2020
2020-06-26 11:45:00,2020-06-26 14:15:00,XRPUSDT,SL,-0.021313601520653792,4055.926198695646,11120.593352954329,-86.44639479617908,10998.349521348846,2020
2020-06-28 14:00:00,2020-06-28 16:00:00,BTCUSDT,TP,0.0052935878116091165,6824.391733968616,10998.349521348846,36.12551690458227,11034.47503825343,2020
2020-07-01 08:15:00,2020-07-01 10:00:00,BNBUSDT,TP,0.005080069266619222,7097.562567630674,11034.475038253428,36.056109467727595,11070.531147721156,2020
2020-07-04 17:30:00,2020-07-05 02:30:00,XRPUSDT,SL,-0.011883185382151511,7457.792245247135,11070.531147721154,-88.62232779184365,10981.908819929313,2020
2020-07-04 17:30:00,2020-07-04 17:45:00,ETHUSDT,TP,0.00484256715084607,7423.154820353658,11070.531147721154,35.94712568868928,11017.855945618001,2020
2020-07-05 21:30:00,2020-07-05 22:45:00,ETHUSDT,TP,0.0053753835827943025,6745.203665632209,11017.855945618001,36.25805704684333,11054.114002664845,2020
2020-07-06 07:15:00,2020-07-06 11:15:00,DOGEUSDT,TP,0.0061935728225235446,5969.970873716239,11054.114002664845,36.975449354706036,11091.08945201955,2020
2020-07-06 17:30:00,2020-07-06 21:15:00,DOGEUSDT,TP,0.016109462451569745,2466.957980691783,11091.08945201955,39.741366959554604,11130.830818979106,2020
2020-07-07 13:30:00,2020-07-07 13:45:00,BNBUSDT,TP,0.008481598678871284,4521.493732900804,11130.830818979106,38.34949527149625,11169.180314250601,2020
2020-07-08 01:15:00,2020-07-08 01:30:00,XRPUSDT,TP,0.0070156929644571275,5393.520754701632,11169.180314250601,37.83928561241373,11207.019599863015,2020
2020-07-08 01:45:00,2020-07-08 03:30:00,XRPUSDT,TP,0.010500383035736232,3735.5460134994437,11207.019599863015,39.224663989361666,11246.244263852377,2020
2020-07-08 13:45:00,2020-07-09 05:45:00,BTCUSDT,TIMEOUT,-0.006726908218805048,7434.8367525377425,11246.244263852377,-50.013464456119976,11196.230799396257,2020
2020-07-10 14:15:00,2020-07-10 15:45:00,BNBUSDT,TP,0.00948215102545117,4103.32738378286,11196.230799396257,38.908369959898515,11235.139169356156,2020
2020-07-11 19:45:00,2020-07-12 09:00:00,DOGEUSDT,SL,-0.048515433989024394,1764.1113402116978,11235.139169356155,-85.58662727532997,11149.552542080826,2020
2020-07-13 12:30:00,2020-07-13 14:45:00,XRPUSDT,SL,-0.019761294909072108,4398.524375407079,11149.552542080824,-86.92053734716148,11062.632004733665,2020
2020-07-17 11:45:00,2020-07-17 12:00:00,XRPUSDT,TP,0.005597852899113089,6535.260138675789,11062.632004733663,36.58342491374447,11099.21542964741,2020
2020-07-18 01:00:00,2020-07-18 01:15:00,DOGEUSDT,TP,0.02498284558743642,1617.4681389103305,11099.215429647407,40.40895675699495,11139.624386404405,2020
2020-07-18 13:00:00,2020-07-18 17:00:00,XRPUSDT,TP,0.005318024755094115,6884.215726698739,11139.624386404403,36.610429653992114,11176.234816058395,2020
2020-07-19 01:15:00,2020-07-19 03:15:00,DOGEUSDT,SL,-0.059872487161683204,1417.764460605475,11176.234816058395,-84.88508446589202,11091.349731592503,2020
2020-07-19 05:15:00,2020-07-19 05:30:00,BNBUSDT,TP,0.006965648971068262,5390.675709772827,11091.349731592503,37.54955471114177,11128.899286303646,2020
2020-07-21 07:30:00,2020-07-21 10:45:00,ETHUSDT,TP,0.0054439397432128845,6737.774995207037,11128.899286303646,36.68004107723359,11165.57932738088,2020
2020-07-22 14:45:00,2020-07-22 22:30:00,BNBUSDT,TP,0.006142541351137837,6074.816289751515,11165.57932738088,37.31481026036441,11202.894137641244,2020
2020-07-22 22:15:00,2020-07-22 22:30:00,ETHUSDT,TP,0.011464160546537965,3428.0638704676744,11165.57932738088,39.29987457482775,11242.19401221607,2020
2020-07-22 22:15:00,2020-07-22 22:45:00,DOGEUSDT,SL,-0.017849279744938783,4897.3901944696545,11165.57932738088,-87.41488760120902,11154.779124614863,2020
2020-07-22 22:30:00,2020-07-23 14:15:00,BTCUSDT,TP,0.004363776418821616,8244.049816226498,11242.194012216072,35.97519018363987,11190.754314798502,2020
2020-07-24 15:15:00,2020-07-24 15:30:00,BNBUSDT,TP,0.009488262363294092,4098.872171018687,11190.754314798503,38.891174552230154,11229.645489350733,2020
2020-07-25 17:15:00,2020-07-25 20:15:00,ETHUSDT,TP,0.013888401084584754,2876.7602651229,11229.645489350734,39.95360038622321,11269.599089736956,2020
2020-07-25 21:15:00,2020-07-25 22:45:00,DOGEUSDT,TP,0.009084385598294865,4297.268615727381,11269.599089736957,39.03804512471833,11308.637134861674,2020
2020-07-25 22:45:00,2020-07-25 23:00:00,DOGEUSDT,TP,0.01248607260611828,3203.9254027761017,11308.637134861676,40.00444520364916,11348.641580065323,2020
2020-07-26 08:15:00,2020-07-26 09:30:00,BNBUSDT,TP,0.00847727541496106,4612.131318443435,11348.641580065325,39.09830743641247,11387.739887501735,2020
2020-07-26 09:45:00,2020-07-26 10:00:00,BTCUSDT,TP,0.004532547749529428,8083.982692240838,11387.739887501737,36.641037558951055,11424.380925060686,2020
2020-07-26 10:00:00,2020-07-27 01:15:00,BTCUSDT,TP,0.008002654047646354,4894.67860100084,11424.380925060688,39.17041951822736,11463.551344578913,2020
2020-07-27 01:15:00,2020-07-27 15:00:00,ETHUSDT,SL,-0.03521452406921341,2494.641588889474,11463.551344578915,-87.84761627600916,11375.703728302904,2020
2020-07-27 16:45:00,2020-07-27 17:00:00,BTCUSDT,TP,0.015758500762741712,2584.055911207478,11375.703728302906,40.72084704773027,11416.424575350635,2020
2020-07-27 21:45:00,2020-07-27 22:00:00,BTCUSDT,TP,0.0147704088634897,2758.406207859318,11416.424575350637,40.74278750167028,11457.167362852306,2020
2020-07-29 01:15:00,2020-07-29 03:00:00,XRPUSDT,TP,0.016758480133786485,2453.9181746442314,11457.167362852308,41.123938979712946,11498.291301832018,2020
2020-07-31 05:00:00,2020-07-31 10:00:00,BNBUSDT,TP,0.010793231817194727,3735.400368347516,11498.291301832021,40.31704210560932,11538.608343937627,2020
2020-07-31 16:30:00,2020-07-31 19:30:00,XRPUSDT,TP,0.012510318149406808,3263.10280056908,11538.60834393763,40.822454189339545,11579.430798126967,2020
2020-08-01 08:45:00,2020-08-01 09:00:00,DOGEUSDT,TP,0.02194649446464032,1913.1970164214615,11579.43079812697,41.98796773065998,11621.418765857627,2020
2020-08-04 09:15:00,2020-08-04 09:30:00,DOGEUSDT,TP,0.011086114518999548,3681.9786004951357,11621.41876585763,40.81883642159476,11662.237602279221,2020
2020-08-05 02:30:00,2020-08-05 03:00:00,BNBUSDT,TP,0.011416300404055925,3594.6335004162556,11662.237602279225,41.03741588323506,11703.275018162456,2020
2020-08-05 12:30:00,2020-08-05 13:00:00,BTCUSDT,TP,0.0068215335112241674,5796.3530443403815,11703.27501816246,39.54001653485413,11742.81503469731,2020
2020-08-06 15:00:00,2020-08-06 21:45:00,XRPUSDT,SL,-0.02542702454571112,3568.9518643987626,11742.815034697314,-90.74782665852881,11652.067208038781,2020
2020-08-06 16:15:00,2020-08-06 21:45:00,DOGEUSDT,SL,-0.026311914199608225,3445.4036607938974,11742.815034697314,-90.65516550582511,11561.412042532957,2020
2020-08-08 23:45:00,2020-08-09 09:45:00,ETHUSDT,SL,-0.023248626260911787,3854.0393228205444,11561.41204253296,-89.60111981111238,11471.810922721845,2020
2020-08-10 01:45:00,2020-08-10 02:00:00,BTCUSDT,TP,0.005857458890203127,6510.716400217259,11471.810922721848,38.136253660043884,11509.947176381887,2020
2020-08-10 02:00:00,2020-08-10 10:15:00,BTCUSDT,SL,-0.016734607098788767,5400.483308057397,11509.947176381893,-90.37496630390757,11419.57221007798,2020
2020-08-10 06:45:00,2020-08-10 10:15:00,XRPUSDT,SL,-0.020376700107689594,4398.3249017517055,11509.947176381893,-89.6233474991778,11329.948862578804,2020
2020-08-11 03:00:00,2020-08-11 07:30:00,DOGEUSDT,SL,-0.019963893548163747,4422.561010673553,11329.948862578807,-88.29153722734628,11241.657325351456,2020
2020-08-12 07:15:00,2020-08-12 08:15:00,BNBUSDT,TP,0.014711994911973399,2726.4408771356766,11241.657325351462,40.111384312216366,11281.768709663673,2020
2020-08-13 17:00:00,2020-08-14 09:00:00,DOGEUSDT,TIMEOUT,0.004019977874199102,2672.8889348162284,11281.768709663678,10.744954378152844,11292.513664041826,2020
2020-08-13 20:45:00,2020-08-13 21:00:00,ETHUSDT,TP,0.01440666312800688,2791.2893691661798,11281.768709663678,40.21316563436398,11332.72682967619,2020
2020-08-13 22:00:00,2020-08-14 14:00:00,ETHUSDT,TIMEOUT,-0.020249965178633558,2078.8788798680307,11321.981875298043,-42.09722492792436,11290.629604748267,2020
2020-08-14 09:00:00,2020-08-14 09:30:00,BNBUSDT,TP,0.011517185748871684,3464.3419021510135,11332.726829676196,39.899469184672675,11330.52907393294,2020
2020-08-14 13:00:00,2020-08-15 05:00:00,BNBUSDT,TP,0.016807493934736312,2429.011154966337,11372.626298860869,40.82559025450355,11371.354664187442,2020
2020-08-14 15:45:00,2020-08-14 16:15:00,ETHUSDT,TP,0.012705987041923833,3157.6638632949976,11330.529073932945,40.12123612977739,11411.475900317218,2020
2020-08-15 00:15:00,2020-08-15 12:15:00,BTCUSDT,SL,-0.014911660197784771,6021.884167140948,11370.650310062721,-89.79629045082598,11321.679609866393,2020
2020-08-17 06:45:00,2020-08-17 07:00:00,DOGEUSDT,TP,0.008449276465882,4615.1780191039525,11321.6796098664,38.99491502267093,11360.674524889064,2020
2020-08-17 07:15:00,2020-08-17 08:00:00,DOGEUSDT,TP,0.011418314245279329,3501.103654095831,11360.674524889071,39.97670172776194,11400.651226616827,2020
2020-08-17 15:45:00,2020-08-18 02:00:00,ETHUSDT,SL,-0.030387441855182305,2885.0291674102436,11400.651226616834,-87.66865607518379,11312.982570541642,2020
2020-08-18 09:15:00,2020-08-18 13:45:00,SOLUSDT,SL,-0.0752492002321079,1138.9030890897336,11312.98257054165,-85.70154659587959,11227.281023945763,2020
2020-08-18 14:30:00,2020-08-18 15:00:00,SOLUSDT,TP,0.05717219549779178,726.8768643516248,11227.28102394577,41.55714619153297,11268.838170137296,2020
2020-08-20 13:00:00,2020-08-21 05:00:00,BNBUSDT,TIMEOUT,0.00876853038741022,3419.7551590626126,11268.838170137304,29.98622702974339,11298.824397167038,2020
2020-08-21 04:15:00,2020-08-21 12:00:00,DOGEUSDT,SL,-0.02805596980962754,3095.1578305133557,11268.838170137304,-86.83765464891498,11211.986742518124,2020
2020-08-22 12:30:00,2020-08-22 20:15:00,SOLUSDT,SL,-0.053851405865643735,1583.5720203274623,11211.986742518133,-85.2775795841316,11126.709162933992,2020
2020-08-23 02:45:00,2020-08-23 04:00:00,SOLUSDT,SL,-0.03723510676078554,2287.243374924093,11126.709162934001,-85.16575125319804,11041.543411680794,2020
2020-08-23 16:15:00,2020-08-23 18:30:00,SOLUSDT,TP,0.02377850309993449,1688.06827000844,11041.543411680803,40.139736591296746,11081.683148272092,2020
2020-08-23 18:15:00,2020-08-24 07:00:00,XRPUSDT,TP,0.0070439712627878345,5312.540474904509,11041.543411680803,37.4213824376246,11119.104530709716,2020
2020-08-24 08:00:00,2020-08-24 08:15:00,ETHUSDT,TP,0.008005989561206702,4762.0707743757175,11119.104530709723,38.125088909379514,11157.229619619095,2020
2020-08-27 07:15:00,2020-08-27 08:30:00,SOLUSDT,TP,0.028950198815057646,1408.7316833838631,11157.229619619102,40.783062311033675,11198.01268193013,2020
2020-08-30 01:30:00,2020-08-30 16:30:00,BTCUSDT,TP,0.004375833357950794,8192.33568959122,11198.012681930135,35.848295790044084,11233.860977720173,2020
2020-08-30 05:30:00,2020-08-30 08:15:00,SOLUSDT,TP,0.025907938382365235,1575.2361249741966,11198.012681930135,40.81112046350727,11274.67209818368,2020
2020-09-01 05:00:00,2020-09-01 06:30:00,XRPUSDT,TP,0.010651088125301168,3708.4197493712677,11274.672098183686,39.498705556160644,11314.17080373984,2020
2020-09-01 05:45:00,2020-09-01 06:15:00,ETHUSDT,TP,0.012800495698718698,3120.1825607152214,11274.672098183686,39.939883447652285,11354.110687187493,2020
2020-09-02 00:15:00,2020-09-02 06:30:00,XRPUSDT,SL,-0.03142158587179394,2776.375193309348,11354.1106871875,-87.23811154888817,11266.872575638605,2020
2020-09-04 00:15:00,2020-09-04 14:30:00,SOLUSDT,SL,-0.09365992611840057,909.4996395713879,11266.872575638612,-85.18366904696813,11181.688906591637,2020
2020-09-05 00:00:00,2020-09-05 06:15:00,XRPUSDT,SL,-0.033838638907396065,2534.485236281266,11181.688906591644,-85.76353072664817,11095.925375864988,2020
2020-09-06 08:15:00,2020-09-06 08:30:00,BNBUSDT,TP,0.03491352321933869,1166.7304966922277,11095.925375864996,40.73467228697465,11136.660048151964,2020
2020-09-07 22:30:00,2020-09-08 08:30:00,BTCUSDT,SL,-0.020545562236754564,4219.377523213681,11136.66004815197,-86.68948350355001,11049.970564648413,2020
2020-09-09 09:30:00,2020-09-09 14:30:00,SOLUSDT,TP,0.029672175539005675,1362.0784471611119,11049.970564648422,40.41583078206078,11090.386395430474,2020
2020-09-10 01:30:00,2020-09-10 02:15:00,ETHUSDT,TP,0.015693132320986663,2529.2595213007808,11090.386395430483,39.692004341888534,11130.078399772363,2020
2020-09-12 18:00:00,2020-09-12 18:30:00,ETHUSDT,TP,0.009379837726657667,4120.282587480094,11130.078399772372,38.64758205853645,11168.7259818309,2020
2020-09-12 21:30:00,2020-09-13 00:30:00,BNBUSDT,TP,0.017715924636168744,2268.108597704939,11168.725981830908,40.181640983587066,11208.907622814486,2020
2020-09-13 03:30:00,2020-09-13 10:00:00,BTCUSDT,SL,-0.011245784706626984,8009.57808500292,11208.907622814495,-90.07399073486049,11118.833632079626,2020
2020-09-13 09:15:00,2020-09-13 10:00:00,SOLUSDT,SL,-0.047568710118097796,1795.5814450901019,11208.907622814495,-85.4134932549262,11033.4201388247,2020
2020-09-15 06:45:00,2020-09-15 08:30:00,DOGEUSDT,SL,-0.020303849665501663,4231.936547368465,11033.42013882471,-85.92460345171146,10947.495535372987,2020
2020-09-16 22:15:00,2020-09-17 00:15:00,XRPUSDT,TP,0.00952292068873617,3996.245031139177,10947.495535372998,38.05592448429439,10985.551459857283,2020
2020-09-17 00:15:00,2020-09-17 08:15:00,XRPUSDT,SL,-0.02816283955481544,3005.585604664455,10985.551459857294,-84.64582515242799,10900.905634704855,2020
2020-09-18 09:30:00,2020-09-18 15:30:00,BNBUSDT,SL,-0.04173422409238646,1994.8356732578561,10900.905634704866,-83.25291901522998,10817.652715689625,2020
2020-09-18 23:45:00,2020-09-19 15:45:00,BNBUSDT,TIMEOUT,-0.010869801657678601,2110.5272535733475,10817.652715689635,-22.941012639467438,10794.711703050158,2020
2020-09-19 11:45:00,2020-09-20 01:00:00,BTCUSDT,SL,-0.012473066302484365,6920.748656900297,10817.652715689635,-86.32295686034702,10708.38874618981,2020
2020-09-19 11:45:00,2020-09-20 01:00:00,XRPUSDT,SL,-0.01815389430684455,4661.7379959475265,10817.652715689635,-84.62869886463272,10623.760047325177,2020
2020-09-25 02:00:00,2020-09-25 09:30:00,DOGEUSDT,SL,-0.022498823969855357,3663.5636237332187,10623.760047325188,-82.4258730727391,10541.334174252439,2020
2020-09-25 11:30:00,2020-09-25 11:45:00,XRPUSDT,TP,0.009808994315584373,3743.7280456817,10541.334174252448,36.72220711918559,10578.056381371624,2020
2020-09-27 15:30:00,2020-09-27 16:00:00,XRPUSDT,TP,0.0064258855513936375,5527.918630536076,10578.056381371634,35.521772457241475,10613.578153828865,2020
2020-09-28 00:00:00,2020-09-28 00:45:00,DOGEUSDT,TP,0.006634277085636294,5389.95457717564,10613.578153828876,35.75845214397681,10649.336605972841,2020
2020-09-28 00:00:00,2020-09-28 00:30:00,BTCUSDT,TP,0.004632195123917107,7394.922919088071,10613.578153828876,34.25472588754262,10683.591331860385,2020
2020-10-04 12:45:00,2020-10-04 15:45:00,DOGEUSDT,SL,-0.0174718432902123,4791.752535789727,10683.591331860394,-83.7207493907955,10599.87058246959,2020
2020-10-04 12:45:00,2020-10-04 13:00:00,XRPUSDT,TP,0.005662492390483474,6247.721643137218,10683.591331860394,35.37767626212341,10635.248258731712,2020
2020-10-04 13:00:00,2020-10-04 13:15:00,XRPUSDT,TP,0.007839166378604488,4679.864378991159,10718.969008122518,36.68623549621627,10671.93449422793,2020
2020-10-04 17:30:00,2020-10-04 19:00:00,XRPUSDT,TP,0.008528371796193292,4313.230298636456,10671.934494227939,36.78483162937752,10708.719325857306,2020
2020-10-04 18:00:00,2020-10-04 19:45:00,ETHUSDT,TP,0.005500494863884147,6402.653745800442,10671.934494227939,35.21776404400393,10743.93708990131,2020
2020-10-05 12:45:00,2020-10-05 17:45:00,XRPUSDT,SL,-0.020114899553070154,4161.112633371987,10743.93708990132,-83.70036264928875,10660.236727252022,2020
2020-10-06 02:30:00,2020-10-06 11:00:00,XRPUSDT,SL,-0.021583249039881586,3837.7007494768072,10660.236727252031,-82.83005101649815,10577.406676235523,2020
2020-10-07 18:15:00,2020-10-07 21:45:00,SOLUSDT,SL,-0.056910338831778984,1412.572497281237,10577.406676235532,-80.3899794447274,10497.016696790795,2020
2020-10-08 14:30:00,2020-10-08 16:00:00,ETHUSDT,TP,0.009019560074609839,4029.2308263980353,10497.016696790804,36.341889493166924,10533.358586283963,2020
2020-10-08 14:30:00,2020-10-08 17:15:00,BTCUSDT,TP,0.006545860474801233,5395.362582511311,10497.016696790804,35.317290676082294,10568.675876960046,2020
2020-10-09 10:30:00,2020-10-09 11:00:00,ETHUSDT,TP,0.006531914399314839,5442.598246187708,10568.675876960055,35.55058585395918,10604.226462814004,2020
2020-10-10 02:00:00,2020-10-10 02:15:00,BTCUSDT,TP,0.0062002521599729965,5721.497338552303,10604.226462814015,35.47472623163866,10639.701189045643,2020
2020-10-10 02:00:00,2020-10-10 03:15:00,XRPUSDT,TP,0.005629689664339907,6233.194924484974,10604.226462814015,35.09095304218903,10674.792142087832,2020
2020-10-10 02:00:00,2020-10-10 03:00:00,ETHUSDT,TP,0.008006840427062043,4541.11840529381,10604.226462814015,36.36001043158199,10711.152152519415,2020
2020-10-10 02:00:00,2020-10-10 18:00:00,DOGEUSDT,TIMEOUT,-0.01189732242056141,4459.272807072218,10604.226462814015,-53.05340634698011,10658.098746172434,2020
2020-10-12 05:00:00,2020-10-12 05:15:00,SOLUSDT,TP,0.012932031567028584,2921.1941298587894,10658.098746172443,37.77697470075246,10695.875720873186,2020
2020-10-12 13:30:00,2020-10-12 13:45:00,ETHUSDT,TP,0.010761827278045111,3484.202202179473,10695.875720873197,37.4963823016399,10733.372103174826,2020
2020-10-12 21:15:00,2020-10-12 21:30:00,BTCUSDT,TP,0.004369233337800501,7862.533846562026,10733.372103174837,34.353245001983616,10767.72534817681,2020
2020-10-13 10:15:00,2020-10-13 13:30:00,BTCUSDT,SL,-0.01308502452568957,6547.043335271461,10767.72534817682,-85.66822261277952,10682.05712556403,2020
2020-10-13 10:15:00,2020-10-13 13:45:00,ETHUSDT,SL,-0.020184645647776,4155.359535488488,10767.72534817682,-83.87445976294222,10598.182665801089,2020
2020-10-14 13:30:00,2020-10-14 15:45:00,DOGEUSDT,SL,-0.011476364871744643,7410.3734996830735,10598.182665801098,-85.04415011827024,10513.138515682818,2020
2020-10-14 13:30:00,2020-10-14 14:15:00,BTCUSDT,SL,-0.011620493640105296,7312.1214753535305,10598.182665801098,-84.97046110002306,10428.168054582795,2020
2020-10-15 07:15:00,2020-10-15 09:00:00,SOLUSDT,SL,-0.0320659301246428,2497.4912160704334,10428.168054582804,-80.0843788214237,10348.08367576137,2020
2020-10-16 23:30:00,2020-10-17 00:45:00,DOGEUSDT,SL,-0.016306442060072857,4988.970310081759,10348.08367576138,-81.35235530077192,10266.7313204606,2020
2020-10-18 01:30:00,2020-10-18 05:15:00,BNBUSDT,SL,-0.012631645572736449,6480.624626620689,10266.731320460607,-81.86095337342003,10184.87036708718,2020
2020-10-18 06:30:00,2020-10-18 10:30:00,SOLUSDT,SL,-0.015122652557403986,5314.713303481582,10184.870367087187,-80.37256273076474,10104.497804356415,2020
2020-10-18 14:00:00,2020-10-18 21:45:00,SOLUSDT,SL,-0.019989421008022874,3938.982025554282,10104.497804356422,-78.73797005183926,10025.759834304576,2020
2020-10-20 03:30:00,2020-10-20 07:30:00,XRPUSDT,SL,-0.014115025716409083,5626.1170275912555,10025.759834304583,-79.4127865279776,9946.347047776599,2020
2020-10-21 03:00:00,2020-10-21 03:45:00,XRPUSDT,TP,0.006763639688453467,4964.145603958246,9946.347047776606,33.5756922261938,9979.922740002792,2020
2020-10-21 13:15:00,2020-10-21 15:00:00,SOLUSDT,TP,0.014201300489085624,2503.107358609403,9979.9227400028,35.54737975605354,10015.470119758846,2020
2020-10-21 14:15:00,2020-10-21 16:15:00,BTCUSDT,TP,0.01233973272832582,2859.088955576948,9979.9227400028,35.28039355832775,10050.750513317173,2020
2020-10-21 15:00:00,2020-10-21 16:15:00,SOLUSDT,SL,-0.05336218473311071,1427.7305966144047,10015.470119758853,-76.18682384565223,9974.56368947152,2020
2020-10-22 07:15:00,2020-10-22 13:15:00,BNBUSDT,TP,0.009194148499779021,3761.469756445132,9974.563689471528,34.583511518184174,10009.147200989704,2020
2020-10-22 10:15:00,2020-10-22 10:45:00,ETHUSDT,TP,0.011508648789651037,3051.2835857648406,9974.563689471528,35.11615114619461,10044.263352135898,2020
2020-10-22 12:15:00,2020-10-22 21:45:00,DOGEUSDT,SL,-0.014263376019577268,5555.428835538436,10009.679840617722,-79.239170431287,9965.024181704612,2020
2020-10-23 05:00:00,2020-10-23 06:45:00,SOLUSDT,SL,-0.02942745325294301,2606.1477880751067,9965.024181704619,-76.69229220384103,9888.33188950077,2020
2020-10-25 03:30:00,2020-10-25 05:45:00,ETHUSDT,SL,-0.013537746829977725,5799.496201895387,9888.331889500778,-78.51211132267713,9809.819778178095,2020
2020-10-25 03:30:00,2020-10-25 05:45:00,BTCUSDT,SL,-0.012850163197244163,6129.04867168625,9888.331889500778,-78.75927567502087,9731.060502503073,2020
2020-10-25 13:00:00,2020-10-25 13:15:00,DOGEUSDT,TP,0.004604430631717998,6815.192761714451,9731.06050250308,31.380082313100797,9762.440584816173,2020
2020-10-25 13:15:00,2020-10-25 16:00:00,DOGEUSDT,SL,-0.013669584648515958,5667.233613004117,9762.44058481618,-77.4687295958747,9684.9718552203,2020
2020-10-26 00:30:00,2020-10-26 08:00:00,XRPUSDT,SL,-0.013303087128462534,5786.40840861019,9684.971855220307,-76.9770952206096,9607.99475999969,2020
2020-10-26 03:00:00,2020-10-26 03:15:00,DOGEUSDT,TP,0.008670436231396723,3855.3038909208885,9684.971855220307,33.42716653888523,9641.421926538575,2020
2020-10-26 03:15:00,2020-10-26 03:30:00,DOGEUSDT,TP,0.011559385953520667,2960.6672882958605,9718.399021759193,34.22349586537529,9675.64542240395,2020
2020-10-26 08:00:00,2020-10-26 12:45:00,BNBUSDT,TP,0.0058989017519251435,5457.092266931059,9675.645422403959,32.19085113381678,9707.836273537767,2020
2020-10-27 06:45:00,2020-10-27 11:30:00,XRPUSDT,TP,0.004851442931595696,6499.108617249856,9707.836273537776,31.53005456282949,9739.366328100597,2020
2020-10-27 10:30:00,2020-10-27 11:15:00,BTCUSDT,TP,0.005254392246651213,6062.959335488125,9707.836273537776,31.8571665241504,9771.223494624746,2020
2020-10-27 11:15:00,2020-10-27 15:45:00,BTCUSDT,TP,0.007418651574607914,4471.221482106777,9739.693440061927,33.170434288652174,9804.3939289134,2020
2020-10-27 11:15:00,2020-10-27 13:00:00,ETHUSDT,TP,0.008871838509876688,3795.932592585183,9739.693440061927,33.676900955793286,9838.070829869192,2020
2020-10-27 13:45:00,2020-10-27 22:00:00,BNBUSDT,SL,-0.022634648131014203,3360.1980953324246,9804.90039558055,-76.05690153835354,9762.013928330838,2020
2020-10-28 03:15:00,2020-10-28 04:15:00,XRPUSDT,SL,-0.016276353316660587,4715.5377034939675,9762.013928330847,-76.75175774010208,9685.262170590737,2020
2020-10-28 08:15:00,2020-10-28 21:00:00,SOLUSDT,SL,-0.07413156072982001,989.8871808801973,9685.262170590746,-73.38188166509067,9611.880288925646,2020
2020-11-03 10:30:00,2020-11-03 10:45:00,XRPUSDT,TP,0.008134498350264956,4057.0159014545065,9611.880288925655,33.00178915738038,9644.882078083026,2020
2020-11-03 10:45:00,2020-11-03 12:00:00,XRPUSDT,SL,-0.026049623417521036,2859.1973244758556,9644.882078083036,-74.48101357897974,9570.401064504047,2020
2020-11-03 13:15:00,2020-11-03 14:45:00,BTCUSDT,TP,0.007874328091666683,4161.368121717032,9570.401064504056,32.767977900602645,9603.16904240465,2020
2020-11-03 13:15:00,2020-11-03 22:30:00,ETHUSDT,TP,0.009112162356578711,3639.060349472947,9570.401064504056,33.15970872978556,9636.328751134435,2020
2020-11-03 22:30:00,2020-11-04 01:00:00,ETHUSDT,SL,-0.016873846320256333,4482.334065830953,9636.328751134444,-75.63421618288123,9560.694534951554,2020
2020-11-03 23:15:00,2020-11-04 00:45:00,BTCUSDT,SL,-0.017999840980570888,4189.746775921662,9636.328751134444,-75.4147757154495,9485.279759236104,2020
2020-11-03 23:15:00,2020-11-04 01:00:00,DOGEUSDT,SL,-0.013644407658385151,5604.946543357477,9636.328751134444,-76.47617554102614,9408.803583695078,2020
2020-11-04 16:00:00,2020-11-04 16:15:00,ETHUSDT,TP,0.01126296722010291,2937.0773092440368,9408.803583695088,33.08020545692364,9441.883789152002,2020
2020-11-04 16:00:00,2020-11-04 22:30:00,XRPUSDT,TP,0.008214242790055913,3935.9725372450052,9408.803583695088,32.33103403592286,9474.214823187926,2020
2020-11-05 10:45:00,2020-11-05 14:00:00,ETHUSDT,TP,0.011785113332250569,2834.3027019585834,9474.214823187933,33.402578560485914,9507.61740174841,2020
2020-11-05 13:30:00,2020-11-05 14:45:00,XRPUSDT,TP,0.008599926095149125,3799.8488143545173,9474.214823187933,32.67841897618888,9540.2958207246,2020
2020-11-05 14:00:00,2020-11-05 14:15:00,SOLUSDT,TP,0.02084394419430329,1651.0909232581155,9507.617401748419,34.415247064112855,9574.711067788712,2020
2020-11-05 23:00:00,2020-11-06 01:30:00,DOGEUSDT,TP,0.008878093374417915,3729.208380924995,9574.711067788721,33.108260218513955,9607.819328007226,2020
2020-11-06 04:00:00,2020-11-06 09:45:00,SOLUSDT,TP,0.03073580438215967,1144.3037008907372,9607.819328007236,35.17109470435905,9642.990422711586,2020
2020-11-09 11:45:00,2020-11-09 12:00:00,BTCUSDT,SL,-0.024458117852123026,3050.534362172514,9642.990422711595,-74.6103289419663,9568.38009376962,2020
2020-11-10 07:30:00,2020-11-10 07:45:00,XRPUSDT,TP,0.010758965908005099,3117.6932522389657,9568.380093769629,33.54315541245657,9601.923249182075,2020
2020-11-10 09:45:00,2020-11-10 13:45:00,DOGEUSDT,TP,0.010163735213403477,3299.256531367139,9601.923249182086,33.532769785907604,9635.456018967983,2020
2020-11-10 13:45:00,2020-11-10 15:15:00,DOGEUSDT,SL,-0.039780196444836574,1851.538724494951,9635.456018967994,-73.6545741856313,9561.801444782352,2020
2020-11-11 00:15:00,2020-11-11 00:30:00,ETHUSDT,TP,0.010130542587247,3295.4933203387545,9561.801444782363,33.38513542767977,9595.186580210031,2020
2020-11-11 10:45:00,2020-11-11 13:00:00,BTCUSDT,TP,0.005808564586077353,5486.253768419175,9595.186580210042,31.86725934947304,9627.053839559505,2020
2020-11-11 16:15:00,2020-11-11 20:30:00,ETHUSDT,SL,-0.022210334419548394,3364.481763663764,9627.053839559516,-74.72626511944418,9552.32757444006,2020
2020-11-13 08:00:00,2020-11-13 13:30:00,BNBUSDT,TP,0.007683849004348782,4247.316780947767,9552.32757444007,32.63574081843937,9584.9633152585,2020
2020-11-13 08:45:00,2020-11-13 16:15:00,XRPUSDT,SL,-0.017249637671716223,4342.062427898647,9552.32757444007,-74.89900362922411,9510.064311629276,2020
2020-11-13 08:45:00,2020-11-13 09:15:00,SOLUSDT,TP,0.0167887796549756,2042.4014161092489,9552.32757444007,34.28942734206831,9544.353738971344,2020
2020-11-15 08:00:00,2020-11-15 09:30:00,SOLUSDT,SL,-0.04057238702412001,1797.5480223957552,9544.353738971355,-72.93081405908212,9471.422924912262,2020
2020-11-16 14:00:00,2020-11-16 17:45:00,XRPUSDT,TP,0.009372086291652072,3508.944198362867,9471.422924912273,32.8861278196487,9504.309052731911,2020
2020-11-17 11:15:00,2020-11-17 12:00:00,BTCUSDT,TP,0.006389245918562603,4992.286209818666,9504.309052731922,31.896944290380276,9536.20599702229,2020
2020-11-17 14:15:00,2020-11-17 15:00:00,SOLUSDT,SL,-0.052773256922875836,1374.7994494788652,9536.205997022302,-72.55264456477641,9463.653352457515,2020
2020-11-18 03:45:00,2020-11-18 04:15:00,BTCUSDT,TP,0.01038320220808845,3187.6453340560356,9463.653352457526,33.097966071173474,9496.751318528688,2020
2020-11-19 12:30:00,2020-11-19 21:45:00,SOLUSDT,SL,-0.045459527905272315,1593.0750832322242,9496.751318528699,-72.42044120138931,9424.330877327298,2020
2020-11-20 07:00:00,2020-11-20 08:15:00,ETHUSDT,TP,0.00982596491322773,3341.6563954155044,9424.33087732731,32.834998493415796,9457.165875820714,2020
2020-11-20 10:45:00,2020-11-20 11:15:00,BNBUSDT,TP,0.007861276838617367,4118.363942880967,9457.165875820725,32.375599077167045,9489.541474897882,2020
2020-11-21 02:15:00,2020-11-21 02:30:00,DOGEUSDT,TP,0.01861864345284638,1837.2882240050435,9489.541474897893,34.20781436286325,9523.749289260744,2020
2020-11-23 23:45:00,2020-11-24 00:15:00,DOGEUSDT,TP,0.02445790293532376,1416.7802822138678,9523.749289260757,34.65147462306738,9558.400763883812,2020
2020-11-24 09:15:00,2020-11-24 12:15:00,BTCUSDT,TP,0.011340446695216002,2964.6549683517487,9558.400763883825,33.620511638300286,9592.021275522113,2020
2020-11-28 14:15:00,2020-11-29 06:15:00,BNBUSDT,TIMEOUT,-0.016695353485310156,2829.1059971539644,9592.021275522126,-47.232924669896306,9544.788350852215,2020
2020-11-29 08:00:00,2020-11-29 09:30:00,BTCUSDT,TP,0.008429253667809614,3899.3318641162396,9544.78835085223,32.86845741760871,9577.656808269825,2020
2020-11-30 00:00:00,2020-11-30 08:00:00,ETHUSDT,SL,-0.030787204102641557,2391.4484789117464,9577.65680826984,-73.62601242120763,9504.030795848617,2020
2020-11-30 04:00:00,2020-11-30 08:00:00,DOGEUSDT,SL,-0.03285024314273572,2237.753332353788,9577.65680826984,-73.51074106128904,9430.520054787328,2020
2020-11-30 13:45:00,2020-11-30 14:45:00,XRPUSDT,TP,0.02672128523022319,1287.324197214682,9430.520054787343,34.39895705754161,9464.91901184487,2020
2020-12-01 05:45:00,2020-12-01 06:15:00,SOLUSDT,TP,0.014803574077532904,2282.012231882355,9464.919011844884,33.78193712050664,9498.700948965376,2020
2020-12-03 11:30:00,2020-12-03 11:45:00,DOGEUSDT,TP,0.012257625263988955,2738.4036544497426,9498.70094896539,33.56632581778285,9532.267274783158,2020
2020-12-06 00:00:00,2020-12-06 08:30:00,ETHUSDT,SL,-0.01760357287988753,4241.949470915451,9532.267274783173,-74.67346666406047,9457.593808119098,2020
2020-12-06 00:30:00,2020-12-06 01:15:00,XRPUSDT,TP,0.018133876134043055,1892.9377648265586,9532.267274783173,34.32629895681713,9491.920107075915,2020
2020-12-06 23:00:00,2020-12-07 15:00:00,BTCUSDT,TIMEOUT,-0.009320627660898044,4904.086689249045,9491.92010707593,-45.70916604725656,9446.21094102866,2020
2020-12-06 23:00:00,2020-12-07 11:45:00,ETHUSDT,SL,-0.019806813713578404,3735.640274026798,9491.92010707593,-73.99113100858978,9372.21981002007,2020
2020-12-10 13:45:00,2020-12-11 00:45:00,SOLUSDT,SL,-0.04533937180009124,1576.4215941478426,9372.219810020084,-71.47396477076157,9300.745845249308,2020
2020-12-12 00:00:00,2020-12-12 00:15:00,DOGEUSDT,TP,0.008559600438489858,3746.4332814419704,9300.745845249323,32.067971958603685,9332.813817207913,2020
2020-12-13 12:15:00,2020-12-13 12:30:00,SOLUSDT,TP,0.016027868097991307,2085.9653687896066,9332.813817207927,33.43357778793761,9366.24739499585,2020
2020-12-14 10:00:00,2020-12-14 10:45:00,BNBUSDT,SL,-0.014286470216998769,5189.451484498125,9366.247394995864,-74.1389440758425,9292.108450920006,2020
2020-12-15 02:00:00,2020-12-15 03:00:00,SOLUSDT,TP,0.017133765173012714,1948.4379465870638,9292.108450920021,33.38407823100984,9325.492529151017,2020
2020-12-15 03:00:00,2020-12-15 03:30:00,SOLUSDT,TP,0.022914255248074354,1477.7814310113176,9325.49252915103,33.862260911057916,9359.354790062074,2020
2020-12-16 13:30:00,2020-12-16 14:00:00,BTCUSDT,TP,0.010581315562158886,3097.3967912377107,9359.354790062087,32.774532869304586,9392.12932293138,2020
2020-12-16 13:45:00,2020-12-16 14:00:00,XRPUSDT,TP,0.026874989516054385,1270.5011324017266,9359.354790062087,34.14470461343163,9426.27402754481,2020
2020-12-16 14:00:00,2020-12-16 22:15:00,BNBUSDT,TP,0.010370005269602987,3178.822918359557,9426.274027544823,32.96441041452336,9459.238437959335,2020
2020-12-16 14:00:00,2020-12-16 22:15:00,XRPUSDT,TP,0.03191032524776964,1082.307886866709,9426.274027544823,34.53679668814295,9493.775234647477,2020
2020-12-16 14:00:00,2020-12-16 21:45:00,BTCUSDT,TP,0.015313019565268815,2200.6153612439857,9426.274027544823,33.698066082360256,9527.473300729838,2020
2020-12-16 14:00:00,2020-12-16 21:30:00,DOGEUSDT,TP,0.009307058058286537,3514.7980053836664,9426.274027544823,32.7124290992555,9560.185729829092,2020
2020-12-16 14:00:00,2020-12-16 22:15:00,ETHUSDT,TP,0.014248054227920949,2356.8742362250473,9426.274027544823,33.580871926124246,9593.766601755216,2020
2020-12-17 09:00:00,2020-12-17 09:15:00,DOGEUSDT,TP,0.013240256887844049,2571.548545891381,9593.76660175523,34.0479633471637,9627.81456510238,2020
2020-12-19 01:00:00,2020-12-19 05:30:00,BNBUSDT,TP,0.010540817414777075,3197.669689696842,9627.814565102393,33.706052351861274,9661.520617454242,2020
2020-12-19 14:00:00,2020-12-19 16:00:00,BTCUSDT,TP,0.009271863869701833,3615.1660795340063,9661.520617454255,33.519327755802976,9695.039945210045,2020
2020-12-20 09:30:00,2020-12-20 09:45:00,DOGEUSDT,TP,0.030236629557734162,1173.2931368608038,9695.039945210057,35.476429941892015,9730.516375151938,2020
2020-12-25 03:00:00,2020-12-25 14:45:00,SOLUSDT,SL,-0.04832942456690358,1533.832606802985,9730.516375151949,-74.12924726874195,9656.387127883196,2020
2020-12-25 18:30:00,2020-12-25 21:00:00,SOLUSDT,TP,0.023057752412767734,1520.9941325726452,9656.387127883207,35.07070613013248,9691.457834013328,2020
2020-12-25 23:15:00,2020-12-26 00:30:00,BNBUSDT,TP,0.012309139962550262,2782.9525513755852,9691.45783401334,34.25575246401843,9725.713586477346,2020
2020-12-26 16:15:00,2020-12-27 08:15:00,XRPUSDT,TIMEOUT,-0.07557050636100265,738.2276371805737,9725.713586477357,-55.7882363514225,9669.925350125925,2020
2020-12-26 16:15:00,2020-12-26 22:00:00,SOLUSDT,SL,-0.044784777059149794,1656.482824940833,9725.713586477357,-74.18521401728587,9595.740136108638,2020
2020-12-26 16:15:00,2020-12-27 06:30:00,ETHUSDT,TP,0.014946820491645446,2323.491306325495,9725.713586477357,34.728807469545956,9630.468943578184,2020
2020-12-27 06:00:00,2020-12-27 08:00:00,BTCUSDT,TP,0.014249118030388658,2413.02397403613,9651.528372460072,34.38346341619831,9664.852406994381,2020
2020-12-28 07:00:00,2020-12-28 08:30:00,SOLUSDT,TP,0.018008079054559416,1932.1379561741255,9664.852406994394,34.79409305909851,9699.64650005348,2020
2020-12-28 09:15:00,2020-12-28 10:15:00,XRPUSDT,TP,0.0244673411943119,1442.4071949109807,9699.646500053494,35.29186897901731,9734.938369032498,2020
2020-12-29 17:30:00,2020-12-29 17:45:00,XRPUSDT,TP,0.08175652469438482,442.4622054933846,9734.93836903251,36.17417222975187,9771.11254126225,2020
2020-12-30 09:15:00,2020-12-30 13:00:00,SOLUSDT,SL,-0.05579808789254837,1331.2604826985662,9771.112541262262,-74.28178942149097,9696.830751840758,2020
2020-12-31 16:15:00,2020-12-31 19:45:00,SOLUSDT,TP,0.025995435253026975,1359.600805722071,9696.830751840771,35.34341471511141,9732.17416655587,2020
2021-01-03 13:30:00,2021-01-03 14:15:00,ETHUSDT,TP,0.021501871567210337,1640.1161140244676,9732.174166555882,35.26556603906621,9767.439732594936,2021
2021-01-06 00:30:00,2021-01-06 00:45:00,XRPUSDT,TP,0.0223772243546038,1583.7568069399442,9767.439732594949,35.440081392026066,9802.879813986963,2021
2021-01-06 14:15:00,2021-01-06 14:30:00,XRPUSDT,TP,0.02221486904492066,1600.740645659455,9802.879813986974,35.56024381820654,9838.440057805168,2021
2021-01-06 20:15:00,2021-01-07 12:15:00,DOGEUSDT,TIMEOUT,0.008859756097560938,779.2180117558861,9838.440057805181,6.903681530983523,9845.343739336153,2021
2021-01-07 00:15:00,2021-01-07 00:30:00,SOLUSDT,TP,0.05214883147040325,697.4473573657608,9838.440057805181,36.37106469874517,9881.714804034898,2021
2021-01-07 12:15:00,2021-01-07 18:15:00,DOGEUSDT,SL,-0.04559300057359097,1652.7185978252403,9881.71480403491,-75.35239997863064,9806.362404056266,2021
2021-01-08 02:45:00,2021-01-08 18:45:00,DOGEUSDT,TIMEOUT,-0.03358214093797072,697.2213558629393,9806.362404056279,-23.414185837552264,9782.948218218715,2021
2021-01-09 20:15:00,2021-01-09 21:00:00,ETHUSDT,TP,0.01801855753730953,1954.6550524936754,9782.948218218728,35.220064528950076,9818.168282747665,2021
2021-01-10 20:30:00,2021-01-11 03:15:00,DOGEUSDT,SL,-0.0972806240371065,762.8279922058903,9818.168282747678,-74.20838311476201,9743.959899632902,2021
2021-01-13 21:45:00,2021-01-14 01:00:00,XRPUSDT,SL,-0.03607709098056928,2068.658845627631,9743.959899632915,-74.63119338146745,9669.328706251436,2021
2021-01-16 06:15:00,2021-01-16 14:15:00,SOLUSDT,SL,-0.04977479985672338,1479.2506141550384,9669.328706251448,-73.62940325750218,9595.699302993933,2021
2021-01-16 08:30:00,2021-01-16 13:15:00,ETHUSDT,TP,0.02047400710679573,1708.4418821567813,9669.328706251448,34.978651236825414,9630.67795423076,2021
2021-01-18 08:30:00,2021-01-18 10:00:00,XRPUSDT,TP,0.012548086535479471,2715.8074383115327,9630.67795423077,34.07818674963194,9664.756140980391,2021
2021-01-19 01:15:00,2021-01-19 01:30:00,ETHUSDT,TP,0.01697720899789496,2044.4749950756666,9664.756140980402,34.70947928236986,9699.465620262761,2021
2021-01-19 05:30:00,2021-01-19 05:45:00,XRPUSDT,TP,0.02187225010469031,1607.841656230483,9699.465620262772,35.167114833812626,9734.632735096573,2021
2021-01-19 07:45:00,2021-01-19 11:30:00,ETHUSDT,TP,0.020361132130879096,1729.176461513252,9734.632735096584,35.207990410477294,9769.84072550705,2021
2021-01-19 13:15:00,2021-01-19 14:15:00,BNBUSDT,SL,-0.027602042591990734,2728.7981981362786,9769.840725507062,-75.32040408990514,9694.520321417145,2021
2021-01-20 07:00:00,2021-01-20 07:15:00,XRPUSDT,TP,0.025356779314991515,1392.5291498686831,9694.520321417156,35.31005434291294,9729.830375760059,2021
2021-01-20 13:30:00,2021-01-20 19:30:00,SOLUSDT,TP,0.026574826494616653,1335.3008450497803,9729.83037576007,35.48538827531291,9765.315764035371,2021
2021-01-21 02:45:00,2021-01-21 03:00:00,XRPUSDT,TP,0.021603898584461816,1638.1900444241655,9765.315764035382,35.39129158181467,9800.707055617186,2021
2021-01-23 00:45:00,2021-01-23 10:00:00,XRPUSDT,SL,-0.042341179166650374,1767.3291402151112,9800.707055617197,-74.83079977229019,9725.876255844896,2021
2021-01-24 03:45:00,2021-01-24 04:45:00,ETHUSDT,TP,0.01621743929375592,2149.5309532558867,9725.876255844907,34.85988774447664,9760.736143589373,2021
2021-01-25 01:00:00,2021-01-25 09:30:00,XRPUSDT,SL,-0.026680428505502864,2823.151227963124,9760.736143589384,-75.32288449789274,9685.41325909148,2021
2021-01-25 08:45:00,2021-01-25 15:15:00,SOLUSDT,TP,0.02113116842586387,1672.7973491212235,9760.736143589384,35.348162526619184,9720.7614216181,2021
2021-01-28 04:00:00,2021-01-28 04:15:00,DOGEUSDT,TP,0.027740480795511956,1279.4749092760242,9720.76142161811,35.49324914911095,9756.25467076721,2021
2021-01-28 04:15:00,2021-01-28 04:30:00,DOGEUSDT,TP,0.039899801022137873,900.0278991636981,9756.25467076722,35.91093409100432,9792.165604858214,2021
2021-01-29 04:45:00,2021-01-29 05:00:00,XRPUSDT,TP,0.024440086307151217,1457.7409767664694,9792.165604858224,35.627315285643434,9827.792920143856,2021
2021-01-29 05:15:00,2021-01-29 05:30:00,XRPUSDT,TP,0.03421657988999765,1053.9842205466002,9827.792920143867,36.063735285129646,9863.856655428986,2021
2021-01-29 08:30:00,2021-01-29 08:45:00,BTCUSDT,TP,0.024228868913165714,1480.830160342545,9863.856655428997,35.87883983760169,9899.735495266588,2021
2021-01-29 08:45:00,2021-01-29 11:15:00,ETHUSDT,TP,0.02449867290147949,1470.3350252153036,9899.7354952666,36.021256838338324,9935.756752104928,2021
2021-01-30 12:00:00,2021-01-30 15:45:00,BNBUSDT,TP,0.010520614457462912,3305.861269677471,9935.756752104937,34.7796918681355,9970.536443973062,2021
2021-01-31 12:30:00,2021-01-31 15:00:00,DOGEUSDT,SL,-0.1281778595865365,586.8341787457827,9970.536443973073,-75.21914896385739,9895.317295009205,2021
2021-02-01 10:45:00,2021-02-01 14:00:00,SOLUSDT,SL,-0.033812353879235375,2244.6943730518615,9895.317295009216,-75.89840049235792,9819.418894516848,2021
2021-02-02 00:00:00,2021-02-02 03:00:00,ETHUSDT,SL,-0.032288456850190564,2335.1060598398185,9819.418894516857,-75.39697125375649,9744.021923263092,2021
2021-02-02 02:15:00,2021-02-02 02:30:00,SOLUSDT,TP,0.022623883659850016,1575.3830809763958,9819.418894516857,35.64128354370606,9779.663206806797,2021
2021-02-02 09:00:00,2021-02-02 20:00:00,BTCUSDT,TP,0.013784026688826534,2523.30189084623,9779.663206806807,34.78126060739089,9814.444467414187,2021
2021-02-03 00:15:00,2021-02-03 04:00:00,BTCUSDT,TP,0.013208553071506307,2636.6749163945806,9814.444467414198,34.826660565507275,9849.271127979695,2021
2021-02-03 13:15:00,2021-02-03 14:30:00,SOLUSDT,TP,0.014660200137606879,2396.7739808770434,9849.271127979706,35.13718624426622,9884.408314223961,2021
2021-02-03 16:15:00,2021-02-03 16:30:00,XRPUSDT,TP,0.025461073071041576,1414.1554249944716,9884.408314223972,36.00591460959409,9920.414228833555,2021
2021-02-03 20:15:00,2021-02-03 22:30:00,SOLUSDT,TP,0.020384681803494793,1760.213553438701,9920.414228833566,35.8813931930468,9956.295622026602,2021
2021-02-03 20:15:00,2021-02-03 21:00:00,DOGEUSDT,TP,0.038977618686215784,936.4153852753716,9920.414228833566,36.49924181916928,9992.794863845771,2021
2021-02-06 04:00:00,2021-02-06 04:45:00,DOGEUSDT,TP,0.03643774224842306,1007.6702287838074,9992.794863845782,36.71722806783387,10029.512091913606,2021
2021-02-06 04:45:00,2021-02-06 18:15:00,DOGEUSDT,TP,0.046729377461078886,792.1475039454193,10029.512091913615,37.016559716716976,10066.528651630322,2021
2021-02-07 08:30:00,2021-02-07 09:00:00,SOLUSDT,TP,0.023215590500423367,1575.1534452258493,10066.528651630331,36.56811735969436,10103.096768990017,2021
2021-02-08 12:30:00,2021-02-08 12:45:00,BTCUSDT,TP,0.01349962054690411,2658.780474820706,10103.096768990026,35.89252752759707,10138.989296517613,2021
2021-02-08 12:45:00,2021-02-08 13:15:00,BTCUSDT,TP,0.02152956069678362,1706.5511470084723,10138.989296517624,36.74129650168461,10175.730593019298,2021
2021-02-08 12:45:00,2021-02-08 15:30:00,ETHUSDT,TP,0.017206498670055706,2117.406659314115,10138.989296517624,36.433154867455414,10212.163747886754,2021
2021-02-08 13:45:00,2021-02-08 14:00:00,XRPUSDT,TP,0.020267151665713728,1815.6118550580247,10175.730593019309,36.797280832528834,10248.961028719283,2021
2021-02-09 08:00:00,2021-02-09 10:45:00,ETHUSDT,SL,-0.03741582655171864,2096.426426033797,10248.961028719292,-78.43952753491995,10170.521501184363,2021
2021-02-10 08:00:00,2021-02-10 08:30:00,XRPUSDT,TP,0.027548062251443194,1347.7762290065082,10170.521501184372,37.12862345768664,10207.650124642048,2021
2021-02-10 08:30:00,2021-02-10 12:30:00,XRPUSDT,SL,-0.06909354282036045,1120.1844794034887,10207.65012464206,-77.39751429436814,10130.252610347681,2021
2021-02-10 15:00:00,2021-02-11 08:15:00,DOGEUSDT,TIMEOUT,-0.08899478770441262,640.3997220236037,10130.252610347692,-56.99223730745546,10073.260373040226,2021
2021-02-11 13:15:00,2021-02-11 19:45:00,BNBUSDT,SL,-0.0739039386454846,1032.7462088395018,10073.260373040237,-76.32401245443137,9996.936360585794,2021
2021-02-12 02:30:00,2021-02-12 04:15:00,XRPUSDT,SL,-0.051432003094159275,1479.3618666787506,9996.936360585805,-76.08654410440275,9920.849816481392,2021
2021-02-14 01:15:00,2021-02-14 02:45:00,SOLUSDT,TP,0.02326383016467401,1549.240023631623,9920.849816481403,36.041256794081626,9956.891073275474,2021
2021-02-14 05:45:00,2021-02-14 12:00:00,BTCUSDT,TP,0.010825628541180117,3225.5994905116686,9956.891073275485,34.91914190689916,9991.810215182371,2021
2021-02-14 23:15:00,2021-02-15 01:30:00,DOGEUSDT,SL,-0.10230567738529395,737.9063243264778,9991.810215182384,-75.49200635711273,9916.31820882526,2021
2021-02-15 15:15:00,2021-02-15 18:15:00,SOLUSDT,TP,0.022595400444030116,1592.8702260750524,9916.31820882527,35.99154061353859,9952.309749438798,2021
2021-02-18 14:30:00,2021-02-18 15:00:00,SOLUSDT,TP,0.019083824647755567,1881.6926247565032,9952.30974943881,35.90989209182802,9988.219641530626,2021
2021-02-19 06:15:00,2021-02-19 06:30:00,SOLUSDT,TP,0.02453047057474539,1481.6110145179553,9988.219641530637,36.34461539485137,10024.564256925478,2021
2021-02-19 12:00:00,2021-02-19 12:45:00,XRPUSDT,SL,-0.0456965087833855,1672.7490958037022,10024.564256925489,-76.43879374879403,9948.125463176684,2021
2021-02-21 21:15:00,2021-02-21 21:30:00,DOGEUSDT,SL,-0.053544267062761754,1413.2394505094223,9948.125463176695,-75.67087056170718,9872.454592614977,2021
2021-02-22 05:30:00,2021-02-22 05:45:00,XRPUSDT,TP,0.038318747436693106,947.6040864196148,9872.454592614988,36.31100165749152,9908.765594272469,2021
2021-02-24 06:00:00,2021-02-24 13:00:00,DOGEUSDT,TP,0.04497492979996064,812.6392132493517,9908.76559427248,36.54839156858484,9945.313985841052,2021
2021-02-28 19:45:00,2021-02-28 20:45:00,SOLUSDT,TP,0.036149178123610286,1010.7251527925084,9945.313985841065,36.536883582309606,9981.850869423362,2021
2021-03-01 19:45:00,2021-03-02 11:45:00,DOGEUSDT,TIMEOUT,-0.016318617310727767,1353.36344406495,9981.850869423375,-22.085020126024443,9959.765849297339,2021
2021-03-02 00:00:00,2021-03-02 01:15:00,XRPUSDT,SL,-0.033296541177980414,2300.210062607977,9981.850869423375,-76.5890390676314,9883.176810229706,2021
2021-03-03 11:00:00,2021-03-03 11:15:00,XRPUSDT,TP,0.015080583286852113,2341.159031653796,9883.17681022972,35.30604376462111,9918.482853994328,2021
2021-03-03 12:30:00,2021-03-03 14:00:00,ETHUSDT,SL,-0.036331682401669986,2090.6437353132605,9918.482853994341,-75.95660420644239,9842.526249787885,2021
2021-03-04 07:00:00,2021-03-04 08:00:00,XRPUSDT,TP,0.019258857564314273,1844.6567135613302,9842.5262497879,35.52598090153373,9878.052230689418,2021
2021-03-05 13:15:00,2021-03-05 15:30:00,DOGEUSDT,SL,-0.029314315862217468,2593.634382406649,9878.052230689433,-76.03061751697584,9802.021613172443,2021
2021-03-06 03:30:00,2021-03-06 13:15:00,XRPUSDT,SL,-0.038334382754436375,1956.002911611364,9802.021613172457,-74.98216428250201,9727.03944888994,2021
2021-03-06 04:30:00,2021-03-06 04:45:00,DOGEUSDT,TP,0.01638037312604488,2145.7548401856257,9802.021613172457,35.14826491925735,9762.187713809199,2021
2021-03-06 05:30:00,2021-03-06 07:15:00,ETHUSDT,TP,0.014647686100061513,2395.7747159618025,9837.169878091714,35.09255600587252,9797.280269815072,2021
2021-03-08 01:30:00,2021-03-08 03:15:00,DOGEUSDT,TP,0.019160374199402155,1845.259192210949,9797.280269815084,35.35585661764833,9832.636126432719,2021
2021-03-08 06:00:00,2021-03-08 07:15:00,DOGEUSDT,SL,-0.0584429578306662,1278.228291998701,9832.636126432733,-74.70344216724456,9757.932684265475,2021
2021-03-08 09:45:00,2021-03-08 10:00:00,XRPUSDT,TP,0.01585334646284598,2203.907968064123,9757.932684265488,34.93931658994744,9792.872000855423,2021
2021-03-09 09:15:00,2021-03-09 10:00:00,BNBUSDT,TP,0.02094415298802707,1692.7727034779978,9792.872000855436,35.453690475599366,9828.325691331022,2021
2021-03-10 11:15:00,2021-03-10 21:00:00,SOLUSDT,SL,-0.033398487408710736,2257.759808661637,9828.325691331034,-75.40576254147885,9752.919928789543,2021
2021-03-11 14:00:00,2021-03-11 15:00:00,BNBUSDT,SL,-0.05718722031905762,1296.0755163418564,9752.919928789555,-74.1189561031781,9678.800972686364,2021
2021-03-11 17:00:00,2021-03-11 17:30:00,SOLUSDT,TP,0.023654786898769996,1487.228870226404,9678.800972686377,35.18008199490404,9713.981054681268,2021
2021-03-13 10:00:00,2021-03-13 11:00:00,BTCUSDT,TP,0.01307565441367796,2634.7706853584154,9713.98105468128,34.45135094103607,9748.432405622305,2021
2021-03-13 19:30:00,2021-03-13 19:45:00,DOGEUSDT,TP,0.015882466812293723,2197.907378000197,9748.432405622316,34.90819098758364,9783.340596609889,2021
2021-03-16 03:15:00,2021-03-16 03:30:00,XRPUSDT,TP,0.017297470940804437,2032.8348142308598,9783.3405966099,35.16290112661388,9818.503497736503,2021
2021-03-16 06:15:00,2021-03-16 06:30:00,XRPUSDT,TP,0.02845309556774838,1260.8042880623516,9818.503497736514,35.87378490046505,9854.377282636968,2021
2021-03-17 00:45:00,2021-03-17 09:30:00,XRPUSDT,SL,-0.04160699264699498,1808.939543307607,9854.377282636979,-75.26453427725806,9779.112748359708,2021
2021-03-17 16:15:00,2021-03-17 18:30:00,SOLUSDT,TP,0.01701588161154505,2064.162849228836,9779.112748359721,35.12355066942739,9814.236299029137,2021
2021-03-18 12:00:00,2021-03-18 19:45:00,XRPUSDT,SL,-0.02945308929496767,2564.4198603954314,9814.236299029148,-75.53008713801516,9738.706211891122,2021
2021-03-19 08:15:00,2021-03-19 12:00:00,DOGEUSDT,SL,-0.02499165276461616,3013.0081186459124,9738.706211891133,-75.30005267816806,9663.406159212953,2021
2021-03-20 06:45:00,2021-03-20 07:00:00,DOGEUSDT,TP,0.009007262595593752,3713.9282398131986,9663.406159212964,33.45232691718876,9696.858486130142,2021
2021-03-20 16:00:00,2021-03-20 16:45:00,XRPUSDT,TP,0.022461082850563877,1566.631749026936,9696.858486130153,35.1882455112178,9732.04673164136,2021
2021-03-21 19:15:00,2021-03-22 08:00:00,XRPUSDT,TP,0.016289462617543247,2141.8031814032033,9732.04673164137,34.888822857602676,9766.935554498963,2021
2021-03-22 04:15:00,2021-03-22 05:00:00,SOLUSDT,TP,0.0192712498288079,1822.8220293791742,9732.04673164137,35.12805872162068,9802.063613220584,2021
2021-03-22 09:45:00,2021-03-22 10:30:00,XRPUSDT,TP,0.01889228486768769,1871.3575735807085,9802.063613220595,35.35422036939158,9837.417833589974,2021
2021-03-27 00:00:00,2021-03-27 09:00:00,DOGEUSDT,SL,-0.025190568621710364,3018.7772999023473,9837.417833589987,-76.0447167268516,9761.373116863124,2021
2021-03-27 05:30:00,2021-03-27 05:45:00,SOLUSDT,TP,0.016421485210473697,2148.3474739541653,9837.417833589987,35.27905627049685,9796.65217313362,2021
2021-03-27 09:15:00,2021-03-28 01:15:00,DOGEUSDT,TIMEOUT,-0.007348536623705988,2641.970236068539,9796.652173133632,-19.414615038490815,9777.237558095128,2021
2021-03-29 08:45:00,2021-03-29 09:45:00,BTCUSDT,TP,0.011575160097084872,2974.780088376186,9777.237558095141,34.43355577657464,9811.671113871704,2021
2021-03-29 08:45:00,2021-03-29 09:15:00,ETHUSDT,TP,0.007688889518994521,4344.723409440386,9777.237558095141,33.406098285776324,9845.077212157481,2021
2021-03-30 04:00:00,2021-03-30 14:15:00,XRPUSDT,SL,-0.02981468864258774,2540.473768674338,9845.077212157492,-75.74343441768686,9769.333777739794,2021
2021-03-30 08:00:00,2021-03-30 08:30:00,BNBUSDT,TP,0.012690725007835845,2746.8041734405906,9845.077212157492,34.85893641551037,9804.192714155304,2021
2021-03-30 08:30:00,2021-03-30 13:45:00,BNBUSDT,TP,0.016640811290036667,2130.4216312423955,9879.936148573002,35.45194433371679,9839.64465848902,2021
2021-03-30 09:30:00,2021-03-30 10:15:00,BTCUSDT,TP,0.008675601476805177,3930.758227824716,9879.936148573002,34.10169188628021,9873.7463503753,2021
2021-03-31 06:15:00,2021-03-31 06:45:00,BTCUSDT,TP,0.006213877689484916,5316.944160265136,9873.746350375313,33.038840693708636,9906.78519106901,2021
2021-04-01 04:00:00,2021-04-01 08:45:00,SOLUSDT,SL,-0.036108573598429866,2101.354250792436,9906.785191069022,-75.87690462111212,9830.908286447897,2021
2021-04-01 10:15:00,2021-04-01 10:30:00,DOGEUSDT,TP,0.02010298200949875,1767.8961242755038,9830.90828644791,35.53998398097302,9866.448270428871,2021
2021-04-02 16:15:00,2021-04-02 23:15:00,XRPUSDT,SL,-0.036364784652750226,2077.742789959633,9866.448270428882,-75.5566691206865,9790.891601308183,2021
2021-04-05 10:45:00,2021-04-05 11:30:00,BNBUSDT,TP,0.017615124724418438,1999.2155814813464,9790.891601308196,35.216431818794646,9826.108033126979,2021
2021-04-06 13:45:00,2021-04-06 14:00:00,DOGEUSDT,SL,-0.06074394690344305,1228.387429936253,9826.108033126991,-74.61710082090462,9751.490932306075,2021
2021-04-08 06:45:00,2021-04-08 19:45:00,XRPUSDT,TP,0.03164018342143053,1128.9868451919015,9751.490932306087,35.721350862253956,9787.212283168328,2021
2021-04-09 07:30:00,2021-04-09 08:00:00,DOGEUSDT,TP,0.016335909067472433,2148.0885750324724,9787.212283168341,35.0909796306069,9822.303262798934,2021
2021-04-10 02:45:00,2021-04-10 03:30:00,ETHUSDT,TP,0.008790237696714097,3860.8720669698137,9822.303262798949,33.93798318526853,9856.241245984203,2021
2021-04-10 04:15:00,2021-04-10 05:15:00,BTCUSDT,TP,0.009852974976396709,3485.899453193057,9856.241245984218,34.34648008254616,9890.58772606675,2021
2021-04-10 07:15:00,2021-04-10 23:15:00,DOGEUSDT,TIMEOUT,-0.01216360831692181,2181.6386463030426,9890.587726066764,-26.536597982689727,9864.05112808406,2021
2021-04-10 07:15:00,2021-04-10 08:45:00,XRPUSDT,TP,0.03016637276757785,1199.6783792064507,9890.587726066764,36.189945188345405,9900.241073272406,2021
2021-04-11 00:30:00,2021-04-11 00:45:00,DOGEUSDT,TP,0.017682941432313738,2014.106330294538,9900.24107327242,35.61532427705067,9935.856397549456,2021
2021-04-12 06:45:00,2021-04-12 09:45:00,ETHUSDT,SL,-0.018466958446906507,4206.078780674235,9935.85639754947,-77.67348206712627,9858.18291548233,2021
2021-04-12 07:30:00,2021-04-12 10:30:00,XRPUSDT,SL,-0.05366566153153464,1408.25836481723,9935.85639754947,-75.57511675523389,9782.607798727096,2021
2021-04-13 00:00:00,2021-04-13 01:30:00,DOGEUSDT,TP,0.020210691078241312,1750.1703120517868,9782.607798727111,35.37215151118786,9817.979950238283,2021
2021-04-13 05:30:00,2021-04-13 06:00:00,XRPUSDT,TP,0.02684448473453058,1334.2312845335327,9817.9799502383,35.816751349993545,9853.796701588277,2021
2021-04-13 08:15:00,2021-04-13 15:30:00,BTCUSDT,TP,0.011000152776526738,3144.787845207797,9853.796701588293,34.593146747050085,9888.389848335328,2021
2021-04-17 00:00:00,2021-04-17 11:30:00,ETHUSDT,SL,-0.030829319542738348,2465.5785100836633,9888.389848335344,-76.01210774507798,9812.37774059025,2021
2021-04-22 12:45:00,2021-04-22 13:00:00,DOGEUSDT,TP,0.05198342170588626,697.7816977711161,9812.377740590266,36.273080253885205,9848.650820844134,2021
2021-04-24 16:15:00,2021-04-24 18:30:00,SOLUSDT,TP,0.039796140819677826,910.8743725430356,9848.65082084415,36.249284798758325,9884.900105642893,2021
2021-04-27 14:15:00,2021-04-27 15:30:00,ETHUSDT,TP,0.015319468699718421,2306.7579948558173,9884.900105642908,35.33830690001892,9920.23841254291,2021
2021-04-28 06:15:00,2021-04-28 06:30:00,DOGEUSDT,TP,0.033102775493838034,1098.902335313904,9920.238412542927,36.376717295550485,9956.615129838461,2021
2021-04-30 05:15:00,2021-04-30 06:30:00,XRPUSDT,TP,0.02184680845224719,1652.3265582304514,9956.615129838478,36.09806181822153,9992.713191656683,2021
2021-05-01 02:15:00,2021-05-01 09:00:00,BNBUSDT,SL,-0.033773594756127845,2269.4485409865415,9992.7131916567,-76.64743534316504,9916.06575631352,2021
2021-05-01 14:15:00,2021-05-01 15:30:00,SOLUSDT,TP,0.023559137272171276,1529.6818710528614,9916.065756313534,36.03798518288616,9952.103741496405,2021
2021-05-01 21:15:00,2021-05-01 22:45:00,XRPUSDT,TP,0.015548596865488502,2289.791528596892,9952.10374149642,35.60304538416376,9987.706786880568,2021
2021-05-07 03:00:00,2021-05-07 07:00:00,DOGEUSDT,TP,0.0633070561404826,584.6959368326666,9987.706786880583,37.01537849817769,10024.722165378746,2021
2021-05-07 12:15:00,2021-05-07 16:00:00,XRPUSDT,SL,-0.05443418150091108,1400.5134126719367,10024.72216537876,-76.23580129984458,9948.4863640789,2021
2021-05-07 12:30:00,2021-05-07 16:45:00,BTCUSDT,TP,0.011342329741991963,3108.8060714740254,10024.72216537876,35.261103566565026,9983.747467645466,2021
2021-05-07 15:45:00,2021-05-07 16:00:00,SOLUSDT,TP,0.018439966699990318,1958.9772461767454,10024.72216537876,36.12347518553792,10019.870942831005,2021
2021-05-08 14:30:00,2021-05-08 15:45:00,SOLUSDT,SL,-0.03629552453394374,2114.1629799124207,10019.870942831018,-76.73465430616687,9943.136288524838,2021
2021-05-08 16:00:00,2021-05-08 16:45:00,ETHUSDT,TP,0.016656105573377156,2142.165628306809,9943.13628852485,35.68013686073802,9978.816425385576,2021
2021-05-13 22:45:00,2021-05-13 23:00:00,DOGEUSDT,TP,0.06696107461642052,552.6505347490255,9978.816425385588,37.0060736941342,10015.82249907971,2021
2021-05-15 14:15:00,2021-05-15 14:30:00,XRPUSDT,TP,0.022802759831618037,1594.689311998499,10015.822499079723,36.363317387549976,10052.18581646726,2021
2021-05-15 14:30:00,2021-05-15 15:15:00,XRPUSDT,TP,0.030310406016580332,1213.6253721741393,10052.185816467272,36.78547778262158,10088.97129424988,2021
2021-05-16 06:00:00,2021-05-16 15:30:00,BTCUSDT,SL,-0.0341585879465254,2264.905204254337,10088.971294249894,-77.36596361006484,10011.605330639817,2021
2021-05-20 10:30:00,2021-05-21 02:30:00,DOGEUSDT,TIMEOUT,-0.023087611443127175,505.8926644486138,10011.605330639828,-11.679853268717912,9999.925477371098,2021
2021-05-20 22:45:00,2021-05-21 14:15:00,BTCUSDT,SL,-0.06745419146465373,1125.671990486341,10011.605330639828,-75.93129397266351,9923.994183398436,2021
2021-06-01 01:00:00,2021-06-01 08:15:00,DOGEUSDT,SL,-0.0473667307211166,1596.6361266465383,9923.994183398447,-75.62743347047319,9848.366749927962,2021
2021-06-07 00:00:00,2021-06-07 14:45:00,XRPUSDT,SL,-0.028738592024849262,2639.030593567618,9848.366749927973,-75.84202356963556,9772.524726358326,2021
2021-06-13 20:00:00,2021-06-14 12:00:00,BNBUSDT,TIMEOUT,-0.021827219016213133,2049.909345595398,9772.524726358337,-44.74382024969289,9727.780906108634,2021
2021-06-13 20:00:00,2021-06-14 01:30:00,BTCUSDT,TP,0.016297680142216872,2149.674760326558,9772.524726358337,35.03471165359896,9762.815617762233,2021
2021-06-13 20:00:00,2021-06-13 20:45:00,ETHUSDT,TP,0.014260811148653156,2441.3715795186554,9772.524726358337,34.81593903920461,9797.631556801438,2021
2021-06-14 13:00:00,2021-06-14 13:30:00,SOLUSDT,TP,0.018535792423951702,1905.0873062584374,9797.631556801449,35.3123028583117,9832.943859659748,2021
2021-06-14 13:00:00,2021-06-14 14:15:00,BTCUSDT,TP,0.013044307377721259,2663.4985963372824,9797.631556801449,34.74349439075263,9867.687354050502,2021
2021-06-14 13:00:00,2021-06-14 13:30:00,ETHUSDT,TP,0.011301606051844968,3048.6491327337244,9797.631556801449,34.45463148845537,9902.141985538958,2021
2021-06-14 13:00:00,2021-06-14 13:30:00,BNBUSDT,TP,0.012819675837077401,2707.589980713825,9797.631556801449,34.71042585246989,9936.852411391426,2021
2021-06-14 16:00:00,2021-06-14 18:00:00,XRPUSDT,SL,-0.03185980561273881,2395.5917312102615,9936.85241139144,-76.32308688384337,9860.529324507583,2021
2021-06-16 15:45:00,2021-06-16 16:00:00,SOLUSDT,TP,0.023813701905767523,1505.3506637051828,9860.529324507595,35.847971969124515,9896.377296476709,2021
2021-06-20 19:30:00,2021-06-20 20:45:00,ETHUSDT,TP,0.016359055310596782,2169.109526392271,9896.37729647672,35.48458271699355,9931.8618791937,2021
2021-06-24 16:30:00,2021-06-25 08:30:00,SOLUSDT,TIMEOUT,-0.03467463263847895,1110.422680345739,9931.861879193713,-38.50349851442364,9893.358380679278,2021
2021-06-27 22:00:00,2021-06-27 22:15:00,ETHUSDT,TP,0.014831180353380491,2381.0836590116373,9893.35838067929,35.31428118328873,9928.672661862567,2021
2021-06-27 22:00:00,2021-06-27 22:15:00,XRPUSDT,TP,0.01583585760111811,2236.8511065141684,9893.35838067929,35.422455597661845,9964.095117460229,2021
2021-06-27 22:00:00,2021-06-27 22:15:00,BTCUSDT,TP,0.01615516603421388,2194.600978923328,9893.35838067929,35.45414319335468,9999.549260653583,2021
2021-06-27 22:15:00,2021-06-27 23:30:00,ETHUSDT,TP,0.018006090298921217,1999.2604604600197,9999.549260653595,35.99886438210592,10035.54812503569,2021
2021-06-28 15:30:00,2021-06-28 15:45:00,SOLUSDT,TP,0.02444847670151786,1493.4754157824495,10035.5481250357,36.51319890704692,10072.061323942737,2021
2021-06-29 11:45:00,2021-06-29 12:00:00,XRPUSDT,TP,0.021864068318478206,1670.2094215361917,10072.061323942748,36.51757289863326,10108.578896841369,2021
2021-07-01 08:30:00,2021-07-01 08:45:00,DOGEUSDT,TP,0.028731310829249884,1285.8034394300214,10108.57889684138,36.94281828358252,10145.52171512495,2021
2021-07-02 22:45:00,2021-07-03 07:30:00,ETHUSDT,TP,0.012846425353525375,2798.2139012629586,10145.521715124962,35.947046005771625,10181.468761130724,2021
2021-07-03 07:15:00,2021-07-03 21:30:00,XRPUSDT,TP,0.010967172553405026,3247.004024077653,10145.521715124962,35.6104534136601,10217.079214544383,2021
2021-07-03 07:30:00,2021-07-03 09:45:00,BNBUSDT,TP,0.00964553149794944,3672.7807387021535,10181.468761130733,35.42592230021363,10252.505136844597,2021
2021-07-04 05:30:00,2021-07-04 06:45:00,BTCUSDT,TP,0.007328773689484578,4759.001271840281,10252.505136844606,34.8776433092867,10287.382780153883,2021
2021-07-04 05:30:00,2021-07-04 06:30:00,ETHUSDT,TP,0.010534959355153972,3406.914730765787,10252.505136844606,35.891708215092905,10323.274488368977,2021
2021-07-05 17:45:00,2021-07-05 18:15:00,BTCUSDT,TP,0.0106830169720312,3386.0073352541926,10323.274488368985,36.17277382994268,10359.447262198919,2021
2021-07-06 04:00:00,2021-07-06 05:00:00,ETHUSDT,TP,0.014903313875831312,2481.7701568756556,10359.447262198928,36.98659961558901,10396.433861814508,2021
2021-07-06 04:00:00,2021-07-06 04:30:00,BNBUSDT,TP,0.011901883386504764,3070.5252369527507,10359.447262198928,36.54503330553155,10432.978895120039,2021
2021-07-06 04:00:00,2021-07-06 05:30:00,BTCUSDT,TP,0.010451782758400049,3468.012911080112,10359.447262198928,36.24691754993588,10469.225812669976,2021
2021-07-06 04:00:00,2021-07-06 09:30:00,DOGEUSDT,SL,-0.029524888888928284,2700.127001928652,10359.447262198928,-79.7209497179385,10389.504862952037,2021
2021-07-06 22:00:00,2021-07-07 05:00:00,DOGEUSDT,TP,0.012212541838317938,3005.6329786261776,10389.504862952046,36.70641850210036,10426.211281454138,2021
2021-07-09 07:15:00,2021-07-09 08:30:00,DOGEUSDT,TP,0.02566052019608764,1480.4059903085517,10426.211281454147,37.98798781272171,10464.19926926686,2021
2021-07-09 21:30:00,2021-07-10 00:30:00,BTCUSDT,TP,0.0076892791238184445,4649.774783369901,10464.199269266868,35.75341617222361,10499.952685439082,2021
2021-07-10 00:00:00,2021-07-10 05:00:00,SOLUSDT,SL,-0.0347889166231331,2305.6401996697123,10464.199269266868,-80.21072466925357,10419.741960769828,2021
2021-07-10 00:00:00,2021-07-10 03:30:00,XRPUSDT,SL,-0.02832924920545138,2845.6719011766518,10464.199269266868,-80.61574844538397,10339.126212324445,2021
2021-07-10 16:15:00,2021-07-10 17:00:00,ETHUSDT,SL,-0.02573626551925254,3103.442830729727,10339.126212324454,-79.87102871548097,10259.255183608964,2021
2021-07-10 16:15:00,2021-07-10 17:15:00,XRPUSDT,SL,-0.01874374453714993,4309.4669056981065,10339.126212324454,-80.77554677170728,10178.479636837257,2021
2021-07-11 21:30:00,2021-07-12 00:00:00,ETHUSDT,SL,-0.018894619991282793,4207.230424938881,10178.479636837266,-79.49402009498338,10098.985616742273,2021
2021-07-13 06:30:00,2021-07-13 12:30:00,XRPUSDT,SL,-0.024748382256902495,3156.1457482735764,10098.985616742282,-78.10950143677202,10020.876115305502,2021
2021-07-14 09:00:00,2021-07-14 09:15:00,ETHUSDT,TP,0.016486621808806844,2180.1421327928283,10020.87611530551,35.94317883280091,10056.819294138302,2021
2021-07-14 13:00:00,2021-07-15 01:00:00,BTCUSDT,TP,0.010473545160833268,3360.174687462019,10056.81929413831,35.19294133742227,10092.012235475724,2021
2021-07-14 13:00:00,2021-07-14 14:00:00,ETHUSDT,TP,0.014592994524964861,2457.999466248586,10056.81929413831,35.869572753332164,10127.881808229056,2021
2021-07-14 13:00:00,2021-07-14 14:00:00,SOLUSDT,TP,0.02280251294016251,1601.23348403767,10056.81929413831,36.51214723999047,10164.393955469048,2021
2021-07-15 08:00:00,2021-07-15 09:15:00,BNBUSDT,TP,0.016930260761471586,2155.8775544799405,10164.393955469053,36.49956916714906,10200.893524636196,2021
2021-07-17 08:30:00,2021-07-17 10:00:00,BTCUSDT,SL,-0.017776078906731406,4493.500931945285,10200.893524636202,-79.87682713373049,10121.016697502466,2021
2021-07-17 08:30:00,2021-07-18 00:30:00,BNBUSDT,TIMEOUT,-0.00045403498964111994,2487.6886254688216,10200.893524636202,-1.1294976792950684,10119.887199823172,2021
2021-07-17 19:15:00,2021-07-17 19:30:00,DOGEUSDT,TP,0.031111616287347016,1191.2080125924633,10121.016697502471,37.06040660618995,10156.947606429361,2021
2021-07-18 00:30:00,2021-07-18 00:45:00,ETHUSDT,TP,0.011516368940216367,3105.1204891802536,10156.947606429367,35.75971315722492,10192.707319586585,2021
2021-07-20 16:15:00,2021-07-20 22:45:00,DOGEUSDT,SL,-0.060229382099963605,1285.2404009245122,10192.707319586592,-77.40923519759286,10115.298084388993,2021
2021-07-21 04:15:00,2021-07-21 09:45:00,BNBUSDT,TP,0.016368089759013122,2215.922941780721,10115.298084389,36.27042561012325,10151.568509999117,2021
2021-07-21 04:15:00,2021-07-21 09:45:00,BTCUSDT,TP,0.009405572777760446,3735.128352339358,10115.298084389,35.131021552204295,10186.699531551321,2021
2021-07-21 04:15:00,2021-07-21 11:30:00,XRPUSDT,TP,0.013083269660618879,2742.11149981746,10115.298084389,35.875784191595905,10222.575315742917,2021
2021-07-21 09:45:00,2021-07-21 11:45:00,BTCUSDT,TP,0.009411739142143787,3759.2111654283744,10186.699531551327,35.38071486924619,10257.956030612162,2021
2021-07-23 22:30:00,2021-07-23 23:30:00,BTCUSDT,TP,0.00846164529578428,4175.946194150592,10257.95603061217,35.33537546918262,10293.291406081345,2021
2021-07-24 16:15:00,2021-07-24 17:00:00,BTCUSDT,TP,0.006580593689912667,5265.582080469286,10293.291406081353,34.65065621245339,10327.942062293798,2021
2021-07-25 04:15:00,2021-07-25 20:15:00,DOGEUSDT,TIMEOUT,-0.0252960489914994,2118.3157685596752,10327.942062293807,-53.58501946095125,10274.357042832848,2021
2021-07-26 00:45:00,2021-07-26 01:00:00,BTCUSDT,TP,0.013989344384663776,2614.0130731128215,10274.357042832855,36.56832910578855,10310.925371938636,2021
2021-07-26 01:00:00,2021-07-26 01:30:00,XRPUSDT,TP,0.012778331444832775,2858.14775476533,10310.925371938643,36.52235932869601,10347.447731267332,2021
2021-07-26 01:00:00,2021-07-26 06:15:00,BTCUSDT,TP,0.024138338220944827,1553.5778163055738,10310.925371938643,37.500786782540835,10384.948518049872,2021
2021-07-26 01:30:00,2021-07-26 03:15:00,DOGEUSDT,TP,0.02295264292661606,1637.071828335233,10347.447731267339,37.57512512100111,10422.523643170874,2021
2021-07-26 01:30:00,2021-07-26 07:30:00,SOLUSDT,SL,-0.053846071049160865,1461.6120637749436,10347.447731267339,-78.70206703233626,10343.821576138538,2021
2021-07-28 07:00:00,2021-07-28 07:15:00,XRPUSDT,TP,0.01588984985408378,2331.1106320469426,10343.821576138544,37.04099793648426,10380.862574075021,2021
2021-07-28 07:15:00,2021-07-28 07:30:00,XRPUSDT,TP,0.019775493287206215,1896.5797366266388,10380.862574075029,37.505799850311426,10418.368373925334,2021
2021-07-28 23:45:00,2021-07-29 01:45:00,XRPUSDT,SL,-0.04655134667714515,1706.0145273726378,10418.36837392534,-79.4172736999696,10338.951100225364,2021
2021-07-29 22:00:00,2021-07-29 22:45:00,XRPUSDT,TP,0.014368141837969462,2564.5391504709296,10338.95110022537,36.847662262992024,10375.798762488355,2021
2021-07-29 23:00:00,2021-07-29 23:15:00,ETHUSDT,TP,0.009158841184023502,3926.720050985051,10375.79876248836,35.96420532109275,10411.762967809449,2021
2021-07-29 23:00:00,2021-07-30 08:30:00,XRPUSDT,SL,-0.04068714140908578,1948.524305271353,10375.79876248836,-79.27988394761617,10332.483083861833,2021
2021-07-30 01:30:00,2021-07-30 08:30:00,DOGEUSDT,SL,-0.02459759975074817,3274.468838572367,10411.762967809453,-80.5440738875003,10251.939009974332,2021
2021-07-30 17:15:00,2021-07-30 20:45:00,XRPUSDT,TP,0.013233584198421014,2749.2787787372026,10251.939009974336,36.382812203350866,10288.321822177682,2021
2021-07-30 19:45:00,2021-07-30 20:15:00,BTCUSDT,TP,0.007775189288570654,4509.550461119393,10251.939009974336,35.06260844156436,10323.384430619248,2021
2021-07-31 10:15:00,2021-07-31 10:30:00,BNBUSDT,TP,0.009395873930715141,3815.6093678263774,10323.38443061925,35.850984588952336,10359.235415208199,2021
2021-07-31 10:30:00,2021-07-31 21:45:00,BNBUSDT,TP,0.011544907121445841,3159.611733810535,10359.235415208203,36.47742400667309,10395.712839214873,2021
2021-08-02 06:30:00,2021-08-02 09:00:00,XRPUSDT,SL,-0.03742926326637293,2125.665549165797,10395.712839214875,-79.56209545598581,10316.150743758886,2021
2021-08-05 14:00:00,2021-08-06 06:00:00,ETHUSDT,TIMEOUT,-0.0024382204507656263,1315.2693970517694,10316.15074375889,-3.2069167421577984,10312.943827016728,2021
2021-08-06 15:15:00,2021-08-06 16:00:00,DOGEUSDT,TP,0.00960096790858918,3736.2244471091235,10312.943827016732,35.87137101598105,10348.81519803271,2021
2021-08-07 09:15:00,2021-08-07 09:30:00,XRPUSDT,TP,0.011691182197238633,3119.3222940852324,10348.815198032713,36.46856527205884,10385.28376330477,2021
2021-08-07 09:15:00,2021-08-07 09:30:00,DOGEUSDT,TP,0.018571521092475327,2008.5404667097523,10348.815198032713,37.3016516425904,10422.58541494736,2021
2021-08-07 15:15:00,2021-08-08 00:15:00,XRPUSDT,TP,0.021781965250292232,1734.6332142752465,10422.585414947362,37.78372039534614,10460.369135342706,2021
2021-08-09 04:30:00,2021-08-09 10:00:00,XRPUSDT,TP,0.0177239750889195,2123.3320965698745,10460.369135342708,37.633885185107665,10498.003020527813,2021
2021-08-10 12:15:00,2021-08-10 16:15:00,XRPUSDT,SL,-0.0330507461170164,2437.5604937645758,10498.003020527814,-80.56319302428214,10417.439827503531,2021
2021-08-10 12:15:00,2021-08-10 13:00:00,BNBUSDT,TP,0.01314695267590879,2832.8161032904295,10498.003020527814,37.24289924951162,10454.682726753043,2021
2021-08-11 00:00:00,2021-08-11 06:15:00,SOLUSDT,TP,0.019744867134303196,1912.9209264159924,10454.682726753044,37.77036953051195,10492.453096283554,2021
2021-08-11 13:15:00,2021-08-11 14:30:00,BNBUSDT,TP,0.012610078000916753,2945.095014292845,10492.453096283556,37.13787785034381,10529.590974133898,2021
2021-08-12 23:00:00,2021-08-13 01:15:00,SOLUSDT,TP,0.02008282802995207,1895.3723467707684,10529.5909741339,38.06443689292402,10567.655411026823,2021
2021-08-13 06:30:00,2021-08-13 20:00:00,XRPUSDT,TP,0.028943214301354277,1334.6048490797198,10567.655411026824,38.62775415454091,10606.283165181363,2021
2021-08-13 06:30:00,2021-08-13 08:00:00,ETHUSDT,TP,0.016429750086988597,2306.710376501006,10567.655411026824,37.898675008974905,10644.181840190338,2021
2021-08-13 06:30:00,2021-08-13 10:15:00,BTCUSDT,TP,0.011670957292928157,3190.4713023941526,10567.655411026824,37.23585431455503,10681.417694504893,2021
2021-08-13 20:00:00,2021-08-13 23:45:00,BNBUSDT,TP,0.0117900751109095,3194.1847237857696,10681.417694504895,37.659677811553934,10719.077372316448,2021
2021-08-13 20:00:00,2021-08-13 23:15:00,XRPUSDT,TP,0.023095845878292283,1679.7607666690965,10681.417694504895,38.79549577939154,10757.87286809584,2021
2021-08-13 20:00:00,2021-08-14 09:30:00,BTCUSDT,TP,0.010047762591086225,3709.594095674959,10681.417694504895,37.27312078263719,10795.145988878476,2021
2021-08-13 20:00:00,2021-08-13 23:15:00,ETHUSDT,TP,0.010914657886228963,3433.904084035072,10681.417694504895,37.479888291367246,10832.625877169843,2021
2021-08-14 19:30:00,2021-08-14 20:15:00,BTCUSDT,SL,-0.019411199741690494,4353.6693890729275,10832.625877169845,-84.50994612057822,10748.115931049266,2021
2021-08-18 15:30:00,2021-08-18 15:45:00,DOGEUSDT,TP,0.029344423762482794,1339.299102702262,10748.115931049266,39.30096041440814,10787.416891463672,2021
2021-08-20 16:45:00,2021-08-20 19:45:00,SOLUSDT,TP,0.022729480076690456,1722.9007290987145,10787.416891463674,39.16063779616469,10826.577529259837,2021
2021-08-23 03:00:00,2021-08-23 19:00:00,ETHUSDT,TIMEOUT,-0.011228419836351217,3486.1532012821667,10826.57752925984,-39.14399175783598,10787.433537502002,2021
2021-08-23 08:00:00,2021-08-23 08:30:00,XRPUSDT,TP,0.013450570795194686,2859.0164663284568,10826.57752925984,38.455403384978254,10825.88894088698,2021
2021-08-26 12:15:00,2021-08-27 04:15:00,BTCUSDT,TIMEOUT,-0.016061392926505377,3056.2284477341177,10825.888940886982,-49.08728597222127,10776.801654914758,2021
2021-08-26 12:15:00,2021-08-27 04:15:00,ETHUSDT,TIMEOUT,-0.015682525686244373,2640.8128291825024,10825.888940886982,-41.414615026218264,10735.387039888541,2021
2021-08-29 00:45:00,2021-08-29 02:45:00,BTCUSDT,SL,-0.014966303858872567,5663.596079434759,10735.387039888541,-84.76309985873998,10650.6239400298,2021
2021-08-30 01:15:00,2021-08-30 02:15:00,DOGEUSDT,TP,0.011808781993348784,3180.2319521323357,10650.623940029802,37.554665811012775,10688.178605840812,2021
2021-08-31 15:45:00,2021-08-31 16:00:00,XRPUSDT,TP,0.01808977397217977,2127.449609060558,10688.178605840814,38.48508256510771,10726.66368840592,2021
2021-08-31 16:00:00,2021-08-31 17:30:00,XRPUSDT,SL,-0.047318098830978386,1727.5770255307643,10726.663688405923,-81.74566043219238,10644.918027973728,2021
2021-09-01 16:30:00,2021-09-01 17:15:00,BTCUSDT,TP,0.00816814026717369,4476.09494905961,10644.91802797373,36.56137139310657,10681.479399366835,2021
2021-09-01 16:30:00,2021-09-01 16:45:00,ETHUSDT,TP,0.012842144898282472,2936.875887038678,10644.91802797373,37.715785689622564,10719.195185056458,2021
2021-09-03 08:45:00,2021-09-03 09:15:00,ETHUSDT,TP,0.01084438602697783,3466.9349330297637,10719.19518505646,37.59678074418929,10756.791965800647,2021
2021-09-03 15:00:00,2021-09-04 02:00:00,XRPUSDT,SL,-0.03408556222022463,2420.116367335753,10756.791965800649,-82.49102701900681,10674.30093878164,2021
2021-09-04 12:15:00,2021-09-04 12:30:00,BNBUSDT,TP,0.009997697598799444,3724.3910290984168,10674.300938781642,37.235335248607434,10711.536274030248,2021
2021-09-05 20:45:00,2021-09-06 11:15:00,BTCUSDT,TP,0.007403845150157713,4926.296770160842,10711.53627403025,36.47353844999296,10748.00981248024,2021
2021-09-06 00:00:00,2021-09-06 09:30:00,XRPUSDT,TP,0.011478573674007128,3284.7870976967874,10711.53627403025,37.70467070434063,10785.714483184582,2021
2021-09-06 09:30:00,2021-09-06 09:45:00,XRPUSDT,TP,0.012558192056653292,3028.935363357816,10749.24094473459,38.03795202023638,10823.752435204817,2021
2021-09-06 09:45:00,2021-09-06 12:00:00,XRPUSDT,SL,-0.034019945125970175,2431.7621029830907,10787.278896754828,-82.72841330289857,10741.02402190192,2021
2021-09-09 12:45:00,2021-09-09 16:45:00,BTCUSDT,TP,0.01184081040039699,3199.066525603648,10741.024021901922,37.87954018792954,10778.903562089848,2021
2021-09-10 01:15:00,2021-09-10 01:30:00,XRPUSDT,TP,0.02340357245611694,1673.495232693834,10778.90356208985,39.16576693331642,10818.069329023165,2021
2021-09-10 01:30:00,2021-09-10 02:45:00,XRPUSDT,SL,-0.05680638705534343,1447.3911757382803,10818.069329023167,-82.22106334947735,10735.848265673687,2021
2021-09-12 08:15:00,2021-09-12 12:30:00,ETHUSDT,TP,0.011958066952793585,3168.0216311282543,10735.848265673689,37.88341477293001,10773.731680446617,2021
2021-09-12 22:15:00,2021-09-13 02:15:00,DOGEUSDT,SL,-0.036077729367793764,2287.239770269893,10773.731680446619,-82.51841743105199,10691.213263015565,2021
2021-09-13 13:30:00,2021-09-13 14:00:00,BTCUSDT,SL,-0.03142832143403424,2613.705565509242,10691.213263015567,-82.1443786467487,10609.068884368817,2021
2021-09-13 13:30:00,2021-09-13 14:00:00,XRPUSDT,SL,-0.04086383550458467,1998.9138027814015,10691.213263015567,-81.68328482470298,10527.385599544114,2021
2021-09-13 13:30:00,2021-09-13 14:00:00,DOGEUSDT,SL,-0.03956364881012874,2065.8737823095894,10691.213263015567,-81.73350480934894,10445.652094734765,2021
2021-09-13 13:30:00,2021-09-13 14:00:00,ETHUSDT,SL,-0.04382266348639894,1861.6006762139632,10691.213263015567,-81.58029997977722,10364.071794754987,2021
2021-09-13 13:30:00,2021-09-13 14:00:00,BNBUSDT,SL,-0.037855777728636957,2160.959946966248,10691.213263015567,-81.80481943284138,10282.266975322147,2021
2021-09-14 12:30:00,2021-09-14 15:00:00,BTCUSDT,TP,0.008915627226152233,3989.239420813863,10282.266975322147,35.56657159184784,10317.833546913995,2021
2021-09-17 03:45:00,2021-09-17 04:00:00,DOGEUSDT,TP,0.014410302512457104,2552.18362358763,10317.833546913995,36.7777380832367,10354.61128499723,2021
2021-09-18 06:15:00,2021-09-18 07:00:00,SOLUSDT,TP,0.024256565799067372,1552.7838820710008,10354.61128499723,37.6652044071865,10392.276489404418,2021
2021-09-22 15:00:00,2021-09-22 18:00:00,XRPUSDT,TP,0.021245497748279395,1771.7733547682528,10392.276489404418,37.64220681919035,10429.918696223607,2021
2021-09-22 16:15:00,2021-09-22 20:45:00,DOGEUSDT,TP,0.023488803078645402,1607.7954306910613,10392.276489404418,37.76519026224821,10467.683886485856,2021
2021-09-22 18:00:00,2021-09-23 10:00:00,BNBUSDT,TIMEOUT,-0.009475542041248048,2345.160802375847,10429.918696223607,-22.221669776399345,10445.462216709457,2021
2021-09-22 18:00:00,2021-09-23 10:00:00,SOLUSDT,TIMEOUT,-0.022963327996797973,1176.114132500255,10429.918696223607,-27.007494586272866,10418.454722123184,2021
2021-09-25 08:45:00,2021-09-25 10:00:00,ETHUSDT,TP,0.019820464781293335,1899.2864586847425,10418.454722123182,37.64474036394828,10456.099462487133,2021
2021-09-25 08:45:00,2021-09-26 00:45:00,BTCUSDT,TIMEOUT,-0.0023265809603519837,2665.0272693250654,10418.454722123182,-6.200401703630535,10449.899060783502,2021
2021-09-29 10:00:00,2021-09-29 10:45:00,BNBUSDT,TP,0.016903962122407273,2219.735218996535,10449.8990607835,37.52232006369084,10487.421380847192,2021
2021-09-29 13:00:00,2021-09-29 16:30:00,XRPUSDT,SL,-0.04143095158258178,1933.476413320468,10487.42138084719,-80.10576766634419,10407.315613180848,2021
2021-10-01 07:15:00,2021-10-01 10:15:00,BTCUSDT,TP,0.009122497137338884,3953.1471122763637,10407.315613180846,36.0625732152206,10443.378186396068,2021
2021-10-01 07:15:00,2021-10-01 08:00:00,ETHUSDT,TP,0.011783229944528897,3113.9166617193146,10407.315613180846,36.69199605313849,10480.070182449208,2021
2021-10-01 10:15:00,2021-10-01 10:30:00,BTCUSDT,TP,0.013068312947768014,2844.071004379184,10480.070182449204,37.16720993090007,10517.237392380108,2021
2021-10-01 10:15:00,2021-10-01 10:30:00,XRPUSDT,TP,0.011408818415756342,3232.2436144992507,10480.070182449204,36.87608047330989,10554.113472853416,2021
2021-10-01 10:15:00,2021-10-01 10:30:00,DOGEUSDT,TP,0.010107923192719456,3619.500938313571,10480.070182449204,36.58563748044958,10590.699110333866,2021
2021-10-01 10:30:00,2021-10-01 17:00:00,ETHUSDT,TP,0.01598695273796316,2372.9003890695885,10590.699110333864,37.93544637194991,10628.634556705816,2021
2021-10-01 10:30:00,2021-10-01 11:15:00,DOGEUSDT,TP,0.013265746281764263,2833.607348859114,10590.699110333864,37.58991615210768,10666.224472857924,2021
2021-10-01 10:30:00,2021-10-01 11:15:00,SOLUSDT,TP,0.017801230610363525,2140.834885722634,10590.699110333864,38.109495499459854,10704.333968357383,2021
2021-10-01 11:15:00,2021-10-01 15:15:00,SOLUSDT,TP,0.02295101287941083,1687.6491591712795,10666.398521985433,38.73325758806689,10743.067225945451,2021
2021-10-01 13:15:00,2021-10-01 14:30:00,XRPUSDT,SL,-0.04652169950714618,1747.760947840728,10666.398521985433,-81.30880962577133,10661.758416319679,2021
2021-10-02 13:30:00,2021-10-02 16:00:00,SOLUSDT,TP,0.01785179674073377,2149.3404437458416,10661.758416319679,38.36958872838929,10700.12800504807,2021
2021-10-03 13:15:00,2021-10-03 21:00:00,XRPUSDT,SL,-0.02918055848568527,2822.700794930448,10700.128005048067,-82.36798563405824,10617.76001941401,2021
2021-10-03 17:45:00,2021-10-03 21:00:00,BTCUSDT,SL,-0.01735023247406706,4834.327480848779,10700.128005048067,-83.87670564849728,10533.883313765513,2021
2021-10-03 17:45:00,2021-10-04 00:45:00,BNBUSDT,SL,-0.023169433850493002,3579.526609504274,10700.128005048067,-82.93560499498876,10450.947708770525,2021
2021-10-03 17:45:00,2021-10-03 21:00:00,ETHUSDT,SL,-0.023149099978096197,3582.77609887615,10700.128005048067,-82.93804211201747,10368.009666658507,2021
2021-10-04 01:30:00,2021-10-04 03:00:00,DOGEUSDT,SL,-0.03435888906147565,2313.675776598985,10368.009666658505,-79.49532933238804,10288.51433732612,2021
2021-10-04 13:00:00,2021-10-04 13:15:00,DOGEUSDT,TP,0.017310754399641488,2136.2301879116812,10288.514337326116,36.9797561240391,10325.494093450157,2021
2021-10-04 13:15:00,2021-10-04 14:30:00,DOGEUSDT,SL,-0.04726406016612754,1664.8988590609083,10325.494093450156,-78.68987984517186,10246.804213604986,2021
2021-10-05 10:00:00,2021-10-05 14:30:00,BNBUSDT,SL,-0.0239041522433248,3319.103666349656,10246.804213604984,-79.3403593517997,10167.463854253187,2021
2021-10-06 13:00:00,2021-10-06 23:00:00,BTCUSDT,TP,0.018584564839648095,1972.0117711293315,10167.463854253185,36.64898062510234,10204.11283487829,2021
2021-10-06 13:00:00,2021-10-06 13:45:00,ETHUSDT,TP,0.01777361908542366,2058.344499399293,10167.463854253185,36.58423107890008,10240.697065957189,2021
2021-10-09 10:45:00,2021-10-09 11:00:00,XRPUSDT,TP,0.008367077158484143,4212.1628817852925,10240.697065957187,35.243491836000466,10275.94055779319,2021
2021-10-10 08:45:00,2021-10-10 12:15:00,SOLUSDT,SL,-0.023320321392116476,3414.641415357453,10275.940557793188,-79.63053524496729,10196.310022548223,2021
2021-10-12 13:00:00,2021-10-12 13:30:00,BNBUSDT,TP,0.01943909948231696,1893.9013410700109,10196.310022548221,36.815736578753445,10233.125759126975,2021
2021-10-13 08:00:00,2021-10-14 00:00:00,BNBUSDT,TIMEOUT,0.014574843513921791,1202.5330813403018,10233.125759126975,17.526731480849083,10250.652490607825,2021
2021-10-14 11:00:00,2021-10-14 11:30:00,ETHUSDT,TP,0.008938763470341166,3967.4770632444533,10250.652490607825,35.46433904234597,10286.116829650171,2021
2021-10-15 02:15:00,2021-10-15 03:00:00,BTCUSDT,TP,0.010869219719618762,3319.752878591221,10286.116829650171,36.08312345224485,10322.199953102416,2021
2021-10-15 06:00:00,2021-10-15 22:00:00,SOLUSDT,TIMEOUT,-0.008398655317049156,1622.395591347404,10322.199953102416,-13.625941359626983,10308.574011742789,2021
2021-10-16 00:00:00,2021-10-16 16:00:00,DOGEUSDT,TIMEOUT,-0.009833402146985994,2025.4697517790216,10308.574011742789,-19.91725860579902,10288.65675313699,2021
2021-10-17 11:00:00,2021-10-17 15:15:00,DOGEUSDT,SL,-0.019550455519235177,4104.417872725395,10288.65675313699,-80.2432390530717,10208.413514083917,2021
2021-10-18 09:00:00,2021-10-18 09:30:00,DOGEUSDT,TP,0.023346472000427537,1588.6786529221094,10208.413514083917,37.090041688122966,10245.50355577204,2021
2021-10-18 12:00:00,2021-10-18 22:45:00,BNBUSDT,TP,0.01196987591633239,3020.519900261977,10245.50355577204,36.15524840894855,10281.65880418099,2021
2021-10-19 03:00:00,2021-10-19 13:30:00,BTCUSDT,TP,0.008228039392287407,4294.503379969617,10281.658804180988,35.33534298070142,10316.994147161691,2021
2021-10-20 08:45:00,2021-10-20 13:45:00,XRPUSDT,TP,0.008329855537354101,4260.9409249621185,10316.99414716169,35.49302235813441,10352.487169519825,2021
2021-10-20 12:30:00,2021-10-20 13:30:00,ETHUSDT,TP,0.007176009633160007,4881.23656701027,10316.99414716169,35.02780062659858,10387.514970146423,2021
2021-10-20 13:30:00,2021-10-20 14:15:00,BNBUSDT,TP,0.005096446534850416,6639.944806268377,10352.021947788287,33.84012369950449,10421.355093845928,2021
2021-10-20 13:30:00,2021-10-20 14:30:00,BTCUSDT,TP,0.008273894745914962,4301.920999441997,10352.021947788287,35.593641554624384,10456.948735400552,2021
2021-10-22 12:45:00,2021-10-22 13:45:00,SOLUSDT,TP,0.0200220412756639,1887.8047293163206,10456.94873540055,37.797704210764884,10494.746439611317,2021
2021-10-22 14:45:00,2021-10-22 16:15:00,XRPUSDT,SL,-0.030818286576206187,2617.728086952937,10494.746439611316,-80.67389436229959,10414.072545249019,2021
2021-10-22 19:15:00,2021-10-23 00:15:00,DOGEUSDT,SL,-0.041513232078623,1916.0782917978572,10414.072545249015,-79.54260280821597,10334.529942440802,2021
2021-10-23 15:15:00,2021-10-23 23:00:00,ETHUSDT,TP,0.009612769758002187,3739.7807911564096,10334.529942440799,35.94965169078583,10370.479594131588,2021
2021-10-24 11:15:00,2021-10-24 11:30:00,DOGEUSDT,TP,0.014026800114327758,2631.7807764270947,10370.479594131584,36.915462895673166,10407.395057027261,2021
2021-10-24 11:30:00,2021-10-24 12:00:00,DOGEUSDT,SL,-0.042549586558077224,1867.3740425459139,10407.395057027257,-79.45599345961395,10327.939063567646,2021
2021-10-25 07:15:00,2021-10-25 15:45:00,ETHUSDT,TP,0.0073386841831066295,4788.142374165927,10327.939063567643,35.13866470775412,10363.0777282754,2021
2021-10-25 07:15:00,2021-10-25 13:15:00,BTCUSDT,TP,0.006664759656961559,5223.334710790842,10327.939063567643,34.81227045528578,10397.889998730687,2021
2021-10-26 00:15:00,2021-10-26 01:15:00,XRPUSDT,TP,0.004944379949465629,6847.468528842963,10397.889998730683,33.85648609860805,10431.746484829295,2021
2021-10-26 08:00:00,2021-10-26 13:30:00,BTCUSDT,SL,-0.01430555435277742,5771.66352626437,10431.746484829291,-82.56684628091794,10349.179638548378,2021
2021-10-26 20:45:00,2021-10-26 21:45:00,XRPUSDT,SL,-0.02731008958608517,2922.3865016546197,10349.179638548374,-79.8106371653537,10269.369001383024,2021
2021-10-27 14:30:00,2021-10-27 19:30:00,DOGEUSDT,SL,-0.07884072358816809,986.2921480476884,10269.36900138302,-77.75998662140836,10191.609014761614,2021
2021-10-28 05:45:00,2021-10-28 06:00:00,DOGEUSDT,TP,0.03794217281033415,987.7587902002831,10191.609014761612,37.47771471270573,10229.08672947432,2021
2021-10-28 08:00:00,2021-10-28 08:30:00,BNBUSDT,TP,0.015061629057058889,2426.003993459716,10229.086729474318,36.53957224043376,10265.626301714754,2021
2021-10-31 18:15:00,2021-10-31 23:00:00,DOGEUSDT,TP,0.030599445840622484,1227.9674360797515,10265.626301714752,37.57512305437041,10303.201424769124,2021
2021-11-01 07:00:00,2021-11-01 19:00:00,BTCUSDT,SL,-0.02610736641553271,3047.398906474528,10303.201424769122,-79.5595598656242,10223.6418649035,2021
2021-11-02 09:15:00,2021-11-02 10:00:00,XRPUSDT,TP,0.007435690062795575,4683.619426007822,10223.641864903499,34.82594242388268,10258.467807327383,2021
2021-11-02 09:30:00,2021-11-02 10:00:00,BTCUSDT,TP,0.008110036548326998,4327.14433899571,10223.641864903499,35.09329873914148,10293.561106066525,2021
2021-11-02 14:15:00,2021-11-03 00:15:00,BNBUSDT,SL,-0.019524840287521168,4111.976832464008,10293.561106066521,-80.28569091984694,10213.275415146678,2021
2021-11-02 16:15:00,2021-11-03 04:00:00,XRPUSDT,TP,0.012205386580103745,2979.521599689717,10293.561106066521,36.36621294798211,10249.64162809466,2021
2021-11-03 04:00:00,2021-11-03 04:30:00,XRPUSDT,TP,0.013677142275504676,2664.15589250925,10249.641628094656,36.43803918597315,10286.079667280634,2021
2021-11-07 00:45:00,2021-11-07 01:00:00,BTCUSDT,TP,0.0049352132382768565,6784.758484097506,10286.07966728063,33.484229889229226,10319.563897169863,2021
2021-11-07 05:30:00,2021-11-07 05:45:00,XRPUSDT,TP,0.005848269544638029,5864.926304175332,10319.563897169859,34.29966988625507,10353.863567056118,2021
2021-11-07 11:45:00,2021-11-07 14:15:00,XRPUSDT,TP,0.00936974760530056,3836.7546198606397,10353.863567056114,35.949422411565095,10389.812989467682,2021
2021-11-08 00:15:00,2021-11-08 04:45:00,XRPUSDT,TP,0.014621868811131773,2534.6169154324925,10389.812989467679,37.06083602392938,10426.873825491612,2021
2021-11-08 08:00:00,2021-11-08 08:15:00,DOGEUSDT,TP,0.016735729286065117,2236.1536202412794,10426.873825491608,37.42366163041252,10464.297487122025,2021
2021-11-08 23:00:00,2021-11-09 03:30:00,BTCUSDT,TP,0.008051445937756432,4458.485100541353,10464.297487122021,35.897251751301255,10500.194738873326,2021
2021-11-10 12:00:00,2021-11-10 12:30:00,XRPUSDT,TP,0.0115857751580608,3191.9948091016545,10500.194738873322,36.98173416394897,10537.176473037274,2021
2021-11-10 13:30:00,2021-11-10 14:00:00,BTCUSDT,TP,0.00986542335238833,3722.3585402271815,10537.17647303727,36.72264286871937,10573.899115905993,2021
2021-11-10 13:30:00,2021-11-10 14:00:00,ETHUSDT,TP,0.009874279662106881,3719.2556136134353,10537.17647303727,36.72497006367999,10610.624085969674,2021
2021-11-11 15:00:00,2021-11-12 07:00:00,DOGEUSDT,TIMEOUT,-0.03091759776536311,1894.298527890265,10610.62408596967,-58.567159932830684,10552.056926036843,2021
2021-11-14 08:30:00,2021-11-14 09:15:00,DOGEUSDT,TP,0.010366404838160533,3559.6232818726917,10552.05692603684,36.90049601123395,10588.957422048077,2021
2021-11-14 13:15:00,2021-11-14 14:15:00,BNBUSDT,TP,0.008723862077760576,4191.383620191615,10588.957422048074,36.565052617536466,10625.522474665613,2021
2021-11-18 01:30:00,2021-11-18 07:30:00,XRPUSDT,SL,-0.03705725597950164,2194.9171428704003,10625.52247466561,-81.33760641714478,10544.184868248469,2021
2021-11-18 17:15:00,2021-11-19 08:45:00,SOLUSDT,TP,0.03866816881783785,1003.1083239472663,10544.184868248465,38.78836201297127,10582.97323026144,2021
2021-11-19 05:30:00,2021-11-19 08:45:00,BNBUSDT,TP,0.017830810765765325,2128.039177320759,10544.184868248465,37.944663872941376,10620.917894134382,2021
2021-11-19 08:15:00,2021-11-19 14:45:00,BTCUSDT,TP,0.011743430522176038,3164.9188095892864,10544.184868248465,37.16700414873988,10658.084898283121,2021
2021-11-20 18:15:00,2021-11-21 10:15:00,ETHUSDT,TIMEOUT,-0.008789810989111389,3003.041337277077,10658.084898283116,-26.396165747153812,10631.688732535968,2021
2021-11-20 18:15:00,2021-11-21 10:15:00,XRPUSDT,TIMEOUT,-0.016399309050974756,3007.147880573057,10658.084898283116,-49.31514745550129,10582.373585080466,2021
2021-11-20 18:15:00,2021-11-21 10:15:00,SOLUSDT,TIMEOUT,-0.01655459770114941,2297.7335066246037,10658.084898283116,-38.038053826621635,10544.335531253844,2021
2021-11-20 18:15:00,2021-11-21 10:15:00,BTCUSDT,TIMEOUT,-0.010731692707951811,3685.0812824692634,10658.084898283116,-39.5471599272851,10504.78837132656,2021
2021-11-20 18:15:00,2021-11-20 22:45:00,BNBUSDT,TP,0.013021327220064929,2902.248834108607,10658.084898283116,37.791131742980106,10542.579503069539,2021
2021-11-20 18:15:00,2021-11-20 22:45:00,DOGEUSDT,TP,0.012253615970479487,3073.592642177044,10658.084898283116,37.66262388692887,10580.24212695647,2021
2021-11-21 18:00:00,2021-11-21 18:45:00,SOLUSDT,TP,0.01840445929065899,2071.3666396960307,10580.242126956462,38.122382996314705,10618.364509952784,2021
2021-11-22 13:30:00,2021-11-22 18:30:00,BTCUSDT,SL,-0.034024992595780006,2393.320857860854,10618.364509952777,-81.43272446804141,10536.931785484741,2021
2021-11-22 13:30:00,2021-11-22 18:30:00,BNBUSDT,SL,-0.0307645929297024,2653.3004799087716,10618.364509952777,-81.62770918457738,10455.304076300165,2021
2021-11-22 13:30:00,2021-11-22 19:00:00,ETHUSDT,SL,-0.03623085186177475,2244.5271081679875,10618.364509952777,-81.32112915577203,10373.982947144392,2021
2021-11-23 10:00:00,2021-11-23 11:45:00,DOGEUSDT,SL,-0.04756306745010312,1662.0331958915772,10373.982947144386,-79.05139700050154,10294.93155014389,2021
2021-11-23 14:45:00,2021-11-24 06:45:00,ETHUSDT,TIMEOUT,-0.009659218337348244,2151.1261426358474,10294.931550143885,-20.77819708289737,10274.153353060994,2021
2021-11-23 16:45:00,2021-11-24 02:45:00,SOLUSDT,SL,-0.036518506484750274,2158.658390139891,10294.931550143885,-78.83098041868419,10195.32237264231,2021
2021-11-25 17:15:00,2021-11-25 22:00:00,DOGEUSDT,SL,-0.02973744442408051,2637.863368572645,10195.322372642302,-78.44331532124683,10116.879057321063,2021
2021-11-27 08:00:00,2021-11-27 21:00:00,BTCUSDT,SL,-0.017942666142111263,4413.311600581714,10116.879057321055,-79.18657663034438,10037.69248069072,2021
2021-11-28 21:15:00,2021-11-28 22:00:00,BTCUSDT,TP,0.010599380011721213,3316.599388135367,10037.692480690712,35.153897261488815,10072.846377952206,2021
2021-11-29 13:15:00,2021-11-29 13:30:00,DOGEUSDT,TP,0.01839077834471527,1973.4398067333461,10072.8463779522,36.29309406227071,10109.139472014478,2021
2021-11-30 00:00:00,2021-11-30 05:45:00,XRPUSDT,SL,-0.025053386732522935,3119.6699815769966,10109.13947201447,-78.15829852629119,10030.981173488186,2021
2021-12-02 08:30:00,2021-12-02 09:00:00,DOGEUSDT,TP,0.018060378079774755,1999.7566896874937,10030.98117348818,36.11636188331494,10067.097535371502,2021
2021-12-08 14:15:00,2021-12-08 14:45:00,BTCUSDT,TP,0.01369118503477479,2614.163288312985,10067.097535371495,35.7909932914084,10102.88852866291,2021
2021-12-09 09:30:00,2021-12-09 09:45:00,XRPUSDT,TP,0.021917908716462785,1671.342180541385,10102.888528662903,36.63232534707994,10139.52085400999,2021
2021-12-09 09:45:00,2021-12-09 18:15:00,XRPUSDT,SL,-0.05957927021155504,1292.662753279202,10139.520854009983,-77.01590347003429,10062.504950539955,2021
2021-12-11 00:15:00,2021-12-11 16:00:00,BTCUSDT,TP,0.01793584410511211,2019.4107021475907,10062.50495053995,36.21983553791417,10098.72478607787,2021
2021-12-12 16:15:00,2021-12-12 18:00:00,DOGEUSDT,TP,0.011468393310623442,3099.443354378305,10098.724786077864,35.54563543200843,10134.270421509878,2021
2021-12-12 18:00:00,2021-12-13 00:15:00,XRPUSDT,SL,-0.024822442547405878,3157.4289983928,10134.270421509873,-78.37509991011856,10055.895321599759,2021
2021-12-15 19:00:00,2021-12-16 11:00:00,BTCUSDT,TIMEOUT,-0.0011335449808605098,2100.2250575074654,10055.895321599754,-2.380699572615063,10053.514622027145,2021
2021-12-15 19:00:00,2021-12-15 20:00:00,ETHUSDT,TP,0.0229389693540654,1591.8635755053408,10055.895321599754,36.51570977436998,10090.030331801514,2021
2021-12-15 19:00:00,2021-12-16 11:00:00,BNBUSDT,TIMEOUT,0.002979256013425322,1905.6061985424653,10055.895321599754,5.677288726228208,10095.707620527743,2021
2021-12-17 05:15:00,2021-12-17 08:15:00,XRPUSDT,SL,-0.023728353715832363,3295.1798066276456,10095.707620527737,-78.18919200892886,10017.518428518813,2021
2021-12-19 13:45:00,2021-12-19 14:00:00,BTCUSDT,TP,0.00959923437282486,3629.804172334329,10017.518428518808,34.84334097769478,10052.361769496509,2021
2021-12-20 01:45:00,2021-12-20 02:00:00,XRPUSDT,TP,0.01705190431469332,2117.5463011840834,10052.361769496503,36.10819690972375,10088.469966406232,2021
2021-12-20 14:30:00,2021-12-20 19:00:00,SOLUSDT,TP,0.014495714745609867,2481.468596604648,10088.469966406226,35.97066092656982,10124.440627332802,2021
2021-12-22 12:00:00,2021-12-22 12:30:00,DOGEUSDT,SL,-0.027407880623066438,2848.4374200135317,10124.440627332797,-78.06963277000624,10046.370994562796,2021
2021-12-22 15:30:00,2021-12-23 07:30:00,BNBUSDT,SL,-0.022383004328247188,3483.0013120662948,10046.37099456279,-77.9600334432705,9968.410961119525,2021
2021-12-23 07:00:00,2021-12-23 17:45:00,DOGEUSDT,TP,0.013967259947477073,2559.8441125631384,10046.37099456279,35.754008145188116,10004.164969264713,2021
2021-12-23 17:30:00,2021-12-23 18:00:00,BTCUSDT,TP,0.007765825466852624,4389.655618202129,9968.41096111952,34.08929939054679,10038.25426865526,2021
2021-12-27 13:15:00,2021-12-27 15:00:00,BNBUSDT,TP,0.005053138797876413,6486.74016227765,10038.254268655255,32.77839838574833,10071.032667041009,2021
2021-12-27 16:00:00,2021-12-27 22:45:00,XRPUSDT,SL,-0.021450366387531436,3648.8602949706105,10071.032667041003,-78.26939022403562,9992.763276816973,2021
2021-12-31 08:15:00,2021-12-31 08:30:00,BTCUSDT,TP,0.009309416916446739,3725.152521196021,9992.763276816968,34.67899789716646,10027.44227471414,2021
2021-12-31 08:15:00,2021-12-31 08:45:00,BNBUSDT,TP,0.009887919563981412,3522.5743212932466,9992.763276816968,34.83093154709404,10062.273206261234,2021
2021-12-31 08:15:00,2021-12-31 19:15:00,ETHUSDT,SL,-0.02360685434982856,3278.916837333279,9992.763276816968,-77.40491220412721,9984.868294057107,2021
2021-12-31 08:15:00,2021-12-31 17:00:00,DOGEUSDT,SL,-0.023632692648379004,3275.214404517929,9992.763276816968,-77.40213537951587,9907.466158677591,2021
2021-12-31 08:15:00,2021-12-31 18:30:00,XRPUSDT,SL,-0.024953514808930426,3096.4810345840506,9992.763276816968,-77.26808535206531,9830.198073325526,2021
2022-01-01 05:15:00,2022-01-01 17:30:00,BTCUSDT,TP,0.007855583612430423,4283.6423925651525,9830.19807332552,33.65051098054706,9863.848584306072,2022
2022-01-02 15:30:00,2022-01-02 15:45:00,XRPUSDT,TP,0.00634732124791385,5211.745516242564,9863.848584306068,33.080623053966164,9896.929207360039,2022
2022-01-02 16:45:00,2022-01-02 18:30:00,ETHUSDT,SL,-0.016357179836281745,4755.950135375895,9896.929207360034,-77.79393165673203,9819.135275703306,2022
2022-01-11 07:45:00,2022-01-11 08:00:00,BNBUSDT,TP,0.008269622197752562,4082.405723497176,9819.135275703302,33.759952991264356,9852.895228694571,2022
2022-01-11 08:00:00,2022-01-11 16:15:00,BNBUSDT,TP,0.011660591922407568,2977.1631634179807,9852.895228694566,34.715484735041066,9887.610713429613,2022
2022-01-11 11:15:00,2022-01-11 11:30:00,DOGEUSDT,TP,0.017331620299522406,2043.4206943600393,9852.895228694566,35.41579158683463,9923.026505016447,2022
2022-01-11 11:30:00,2022-01-11 11:45:00,DOGEUSDT,TP,0.024166375796707582,1488.2247172943596,9888.3110202814,35.964997788084396,9958.99150280453,2022
2022-01-12 09:15:00,2022-01-12 11:30:00,SOLUSDT,SL,-0.026066409883505257,2950.356571675652,9958.991502804525,-76.9052036997909,9882.08629910474,2022
2022-01-12 13:30:00,2022-01-12 14:00:00,XRPUSDT,TP,0.010972103061546867,3161.3630614805793,9882.086299104734,34.68680132553224,9916.773100430271,2022
2022-01-14 04:30:00,2022-01-14 05:00:00,DOGEUSDT,TP,0.032015603262378615,1134.967631415854,9916.773100430266,36.33667340305154,9953.109773833323,2022
2022-01-19 02:45:00,2022-01-19 07:00:00,DOGEUSDT,SL,-0.024398793683723267,3156.5383123591714,9953.109773833317,-77.01572703801945,9876.094046795304,2022
2022-01-19 11:00:00,2022-01-19 14:30:00,BTCUSDT,TP,0.008998176812437543,3799.208137898114,9876.094046795299,34.185946572058825,9910.279993367363,2022
2022-01-20 13:30:00,2022-01-20 14:30:00,ETHUSDT,TP,0.007294951241283755,4619.487285941264,9910.279993367358,33.698934510671755,9943.978927878035,2022
2022-01-20 13:30:00,2022-01-20 14:30:00,BTCUSDT,TP,0.005972806157650445,5527.981783743059,9910.279993367358,33.01756363732004,9976.996491515354,2022
2022-01-23 23:00:00,2022-01-24 00:15:00,SOLUSDT,SL,-0.0674979735261269,1121.0448757230924,9976.99649151535,-75.6682573431575,9901.328234172197,2022
2022-01-23 23:00:00,2022-01-24 05:00:00,XRPUSDT,SL,-0.044573897088946,1707.4582284294227,9976.99649151535,-76.10806735768713,9825.22016681451,2022
2022-01-23 23:00:00,2022-01-24 05:00:00,BNBUSDT,SL,-0.04548553871663552,1672.6628500069812,9976.99649151535,-76.08197082387046,9749.13819599064,2022
2022-01-23 23:00:00,2022-01-24 05:00:00,ETHUSDT,SL,-0.0432708189895329,1759.7843941995761,9976.99649151535,-76.14731198201467,9672.990884008625,2022
2022-01-23 23:00:00,2022-01-24 02:45:00,BTCUSDT,SL,-0.03306661122295774,2315.4492644701495,9976.99649151535,-76.56406063471789,9596.426823373908,2022
2022-01-27 22:00:00,2022-01-27 22:15:00,BNBUSDT,TP,0.019467606314680537,1779.963464889572,9596.426823373902,34.65162798898488,9631.078451362891,2022
2022-01-29 20:30:00,2022-01-30 00:30:00,BTCUSDT,SL,-0.01964678406490487,3822.5069481199553,9631.078451362888,-75.09996859631129,9555.97848276658,2022
2022-02-04 05:15:00,2022-02-04 06:00:00,ETHUSDT,TP,0.01224653480893807,2757.2672129289576,9555.978482766577,33.76696890067814,9589.745451667259,2022
2022-02-04 15:00:00,2022-02-04 15:15:00,BTCUSDT,TP,0.01283668666271578,2646.8223148500847,9589.745451667255,33.97642870761459,9623.721880374873,2022
2022-02-04 23:45:00,2022-02-05 15:45:00,BTCUSDT,TIMEOUT,0.0037624085221019876,3083.3846359461677,9623.72188037487,11.600952631202196,9635.322833006076,2022
2022-02-05 03:45:00,2022-02-05 04:00:00,BNBUSDT,TP,0.009186570221689061,3631.932975488103,9623.72188037487,33.36500731978955,9668.687840325865,2022
2022-02-07 00:30:00,2022-02-07 02:15:00,DOGEUSDT,TP,0.022271486690533943,1574.9451757227514,9668.687840325862,35.0763705194299,9703.764210845295,2022
2022-02-10 13:00:00,2022-02-10 13:30:00,BNBUSDT,SL,-0.02397612003194573,3133.4648869995835,9703.764210845291,-75.12833024658929,9628.635880598706,2022
2022-02-13 10:00:00,2022-02-13 10:30:00,DOGEUSDT,TP,0.009423581799417062,3549.131983616013,9628.635880598702,33.44553556453283,9662.081416163239,2022
2022-02-15 01:15:00,2022-02-15 01:30:00,XRPUSDT,TP,0.014616339558457144,2357.9334019513194,9662.081416163235,34.4643552591485,9696.545771422387,2022
2022-02-15 01:30:00,2022-02-15 04:45:00,BNBUSDT,TP,0.010187958757835493,3324.390541954256,9696.545771422383,33.86875373636834,9730.414525158756,2022
2022-02-15 01:30:00,2022-02-15 02:00:00,SOLUSDT,TP,0.01656368001743075,2100.1916753818878,9696.545771422383,34.786902886297376,9765.201428045053,2022
2022-02-15 01:30:00,2022-02-15 07:45:00,ETHUSDT,TP,0.012133095108440914,2822.4620199388087,9696.545771422383,34.24520012787982,9799.446628172933,2022
2022-02-15 01:30:00,2022-02-15 08:30:00,BTCUSDT,TP,0.009379408929936519,3589.7500924628876,9696.545771422383,33.66973407348685,9833.11636224642,2022
2022-02-15 01:30:00,2022-02-15 08:30:00,DOGEUSDT,TP,0.011429289331812024,2985.5639070710877,9696.545771422383,34.122873712530605,9867.23923595895,2022
2022-02-15 04:45:00,2022-02-15 08:15:00,BNBUSDT,TP,0.011553945712132998,2976.2408102189634,9765.201428045048,34.38732474750463,9901.626560706454,2022
2022-02-16 19:15:00,2022-02-17 03:45:00,SOLUSDT,SL,-0.03581315552575145,2117.955389119444,9901.626560706449,-75.85066574713808,9825.775894959317,2022
2022-02-17 07:30:00,2022-02-17 08:30:00,DOGEUSDT,SL,-0.019231782549890535,3987.3491105776143,9825.77589495931,-76.6838310451281,9749.092063914188,2022
2022-02-18 14:45:00,2022-02-19 06:45:00,BTCUSDT,TIMEOUT,-0.0035610002492353276,2675.99315972649,9749.092063914182,-9.529212308738062,9739.562851605451,2022
2022-02-18 14:45:00,2022-02-19 01:45:00,DOGEUSDT,TP,0.015092065935426401,2307.7227041407555,9749.092063914182,34.828303211572795,9774.391154817024,2022
2022-02-19 06:15:00,2022-02-19 06:30:00,DOGEUSDT,TP,0.010495089443327173,3262.7309512858956,9783.920367125755,34.24265316325743,9808.63380798028,2022
2022-02-19 13:00:00,2022-02-19 13:15:00,XRPUSDT,TP,0.016002973089238516,2195.573083296707,9808.633807980274,35.13569696745363,9843.769504947735,2022
2022-02-20 22:45:00,2022-02-21 01:00:00,BNBUSDT,TP,0.007552761089650715,4446.007207116542,9843.769504947728,33.57963023821647,9877.34913518595,2022
2022-02-20 22:45:00,2022-02-21 00:00:00,BTCUSDT,SL,-0.01589830693270033,4873.697873637364,9843.769504947728,-77.48354469233577,9799.865590493615,2022
2022-02-21 14:15:00,2022-02-21 15:00:00,BTCUSDT,TP,0.016337166658293833,2150.707410962915,9799.86559049361,35.13646540612879,9835.002055899744,2022
2022-02-23 08:15:00,2022-02-23 13:00:00,BTCUSDT,TP,0.009129400293053952,3733.147419439473,9835.002055899738,34.08139714504433,9869.083453044788,2022
2022-02-24 20:00:00,2022-02-25 12:00:00,BTCUSDT,TIMEOUT,0.0016338817042487145,1354.219383930121,9869.083453044783,2.21263427494239,9871.29608731973,2022
2022-02-25 22:45:00,2022-02-26 00:30:00,ETHUSDT,TP,0.016314820480835882,2169.220612019921,9871.296087319724,35.39044486843396,9906.686532188165,2022
2022-02-28 22:30:00,2022-03-01 10:00:00,DOGEUSDT,SL,-0.03194778085985616,2381.58442503253,9906.686532188158,-76.0863373101858,9830.60019487798,2022
2022-02-28 22:30:00,2022-03-01 00:00:00,ETHUSDT,TP,0.016591784256664462,2142.229077808354,9906.686532188158,35.54340268734948,9866.143597565328,2022
2022-02-28 22:30:00,2022-03-01 06:30:00,BNBUSDT,TP,0.011213752151028551,3105.2193347646203,9906.686532188158,34.821159994632204,9900.964757559961,2022
2022-03-02 10:15:00,2022-03-02 13:15:00,DOGEUSDT,SL,-0.0313262382757863,2428.592916235372,9900.964757559954,-76.07868036887598,9824.886077191084,2022
2022-03-02 14:30:00,2022-03-02 18:45:00,BTCUSDT,SL,-0.028612912077098696,2644.6139360823654,9824.886077191079,-75.67010603099463,9749.21597116009,2022
2022-03-03 04:00:00,2022-03-03 15:30:00,XRPUSDT,SL,-0.028558769166550233,2629.354767403802,9749.215971160083,-75.09113585925355,9674.124835300836,2022
2022-03-06 04:30:00,2022-03-06 09:15:00,BTCUSDT,SL,-0.017681472198040005,4285.270377915218,9674.12483530083,-75.76988904819231,9598.354946252644,2022
2022-03-07 13:30:00,2022-03-07 14:00:00,ETHUSDT,TP,0.010930999746169495,3081.399865645129,9598.354946252639,33.68278114921362,9632.037727401857,2022
2022-03-09 03:15:00,2022-03-09 03:30:00,BTCUSDT,TP,0.010698203090238766,3155.0926545454813,9632.037727401852,33.7538219868481,9665.791549388705,2022
2022-03-11 11:30:00,2022-03-11 16:00:00,BTCUSDT,SL,-0.025477941969662375,2931.640518622796,9665.7915493887,-74.69216700938252,9591.099382379323,2022
2022-03-11 20:00:00,2022-03-11 20:15:00,XRPUSDT,TP,0.01015248882799546,3298.936898845249,9591.099382379316,33.492420009788376,9624.591802389112,2022
2022-03-11 21:15:00,2022-03-12 00:00:00,XRPUSDT,TP,0.02141620102654083,1628.2546213374126,9624.591802389104,34.87102829295615,9659.462830682067,2022
2022-03-14 04:00:00,2022-03-14 09:45:00,SOLUSDT,TP,0.013744510768194655,2499.0830111039004,9659.462830682061,34.34867335672988,9693.811504038798,2022
2022-03-14 04:00:00,2022-03-14 07:30:00,BTCUSDT,TP,0.009240458116149573,3625.7582178842267,9659.462830682061,33.50366695164431,9727.315170990441,2022
2022-03-14 04:00:00,2022-03-14 17:30:00,ETHUSDT,SL,-0.023753934612601144,3149.2860873648415,9659.462830682061,-74.80793579563894,9652.507235194804,2022
2022-03-14 04:00:00,2022-03-14 04:15:00,DOGEUSDT,TP,0.013364121793050191,2566.4356696209034,9659.462830682061,34.29815886284207,9686.805394057645,2022
2022-03-14 04:00:00,2022-03-14 20:00:00,BNBUSDT,TIMEOUT,-0.00967857142857146,3904.435008015344,9659.462830682061,-37.78935311329149,9649.016040944354,2022
2022-03-16 02:00:00,2022-03-16 03:15:00,SOLUSDT,SL,-0.03532897895461632,2092.821202212549,9649.016040944347,-73.93723620874196,9575.07880473561,2022
2022-03-16 02:00:00,2022-03-16 03:00:00,XRPUSDT,SL,-0.02374022917816565,3147.7554984885405,9649.016040944347,-74.72843693094902,9500.350367804662,2022
2022-03-16 02:00:00,2022-03-16 03:00:00,BNBUSDT,SL,-0.021738600027515622,3447.948896649129,9649.016040944347,-74.95358197956921,9425.396785825093,2022
2022-03-16 02:00:00,2022-03-16 03:15:00,DOGEUSDT,SL,-0.027013166336283156,2755.4796470639185,9649.016040944347,-74.43423004238043,9350.962555782713,2022
2022-03-16 02:00:00,2022-03-16 03:00:00,ETHUSDT,SL,-0.030070289080633673,2468.1755390632206,9649.016040944347,-74.2187519613799,9276.743803821333,2022
2022-03-16 02:00:00,2022-03-16 03:00:00,BTCUSDT,SL,-0.0315962194624526,2346.077463242192,9649.016040944347,-74.12717840451437,9202.616625416818,2022
2022-03-18 19:15:00,2022-03-19 00:30:00,DOGEUSDT,TP,0.008412195467325223,3766.5439979297535,9202.616625416813,31.684904346865697,9234.301529763685,2022
2022-03-19 05:30:00,2022-03-19 18:45:00,XRPUSDT,TP,0.00815947338376529,3886.720263367503,9234.30152976368,31.71359053908836,9266.015120302773,2022
2022-03-19 09:00:00,2022-03-19 09:15:00,DOGEUSDT,TP,0.006191465901240551,4988.662514415759,9234.30152976368,30.88713385080212,9296.902254153574,2022
2022-03-21 17:45:00,2022-03-21 19:15:00,XRPUSDT,TP,0.010574246922718338,3078.649175613978,9296.902254153569,32.55439657136546,9329.45665072494,2022
2022-03-22 02:00:00,2022-03-22 03:00:00,BTCUSDT,TP,0.007381712620458557,4302.348603933541,9329.456650724935,31.758700987268476,9361.21535171221,2022
2022-03-22 04:15:00,2022-03-22 06:45:00,BTCUSDT,SL,-0.024355310320668434,2974.293249445967,9361.215351712202,-72.43983507492581,9288.775516637283,2022
2022-03-23 16:45:00,2022-03-24 01:00:00,DOGEUSDT,TP,0.01825099718644471,1833.2147437103708,9288.775516637277,33.45799712960694,9322.23351376689,2022
2022-03-24 14:45:00,2022-03-24 15:30:00,BTCUSDT,TP,0.008209354705399815,3901.8854399810903,9322.233513766883,32.03196159663979,9354.26547536353,2022
2022-03-24 14:45:00,2022-03-24 15:30:00,ETHUSDT,TP,0.010001194062448527,3251.5807522001182,9322.233513766883,32.519690112475736,9386.785165476005,2022
2022-03-27 00:45:00,2022-03-27 12:45:00,XRPUSDT,SL,-0.011639392315241708,6465.088840864951,9386.785165476,-75.24970537171843,9311.535460104287,2022
2022-03-27 03:30:00,2022-03-27 12:30:00,DOGEUSDT,SL,-0.030885153866780007,2336.171537477292,9386.785165476,-72.15301739417818,9239.38244271011,2022
2022-03-27 15:15:00,2022-03-27 16:30:00,ETHUSDT,TP,0.004627567506386455,6443.003108564486,9239.382442710104,29.81543182873994,9269.19787453885,2022
2022-03-27 15:15:00,2022-03-27 20:30:00,BNBUSDT,TP,0.0043540094560541795,6788.326796507997,9239.382442710104,29.556439062781795,9298.75431360163,2022
2022-03-27 16:00:00,2022-03-27 23:30:00,DOGEUSDT,TP,0.01716840257181137,1933.636886508478,9239.382442710104,33.19745649528148,9331.951770096912,2022
2022-03-27 16:15:00,2022-03-27 21:15:00,XRPUSDT,TP,0.006534919003593839,4756.083649395446,9239.382442710104,31.080621423116234,9363.032391520028,2022
2022-03-27 20:30:00,2022-03-27 21:15:00,ETHUSDT,TP,0.0072197113110209965,4375.356561257787,9298.754313601627,31.588811255062776,9394.621202775092,2022
2022-03-27 20:30:00,2022-03-27 21:30:00,BNBUSDT,TP,0.005811083449148161,5314.721104565936,9298.754313601627,30.884287847581543,9425.505490622672,2022
2022-03-27 20:30:00,2022-03-27 22:15:00,SOLUSDT,TP,0.012377107695007206,2656.3603716962566,9298.754313601627,32.87805839723394,9458.383549019907,2022
2022-03-27 20:30:00,2022-03-27 21:30:00,BTCUSDT,TP,0.008789867185557795,3655.221608199724,9298.754313601627,32.128912469856544,9490.512461489763,2022
2022-03-28 05:30:00,2022-03-28 05:45:00,SOLUSDT,TP,0.01235206464708514,2716.321640078639,9490.512461489758,33.55218050052768,9524.064641990291,2022
2022-03-28 13:00:00,2022-03-28 13:30:00,XRPUSDT,TP,0.010744300108427047,3107.2133205639,9524.064641990286,33.38483241704068,9557.44947440733,2022
2022-03-30 16:00:00,2022-03-31 01:45:00,BNBUSDT,TP,0.009855473966264142,3379.427986248928,9557.449474407327,33.30586453934076,9590.755338946672,2022
2022-04-04 10:45:00,2022-04-04 11:00:00,DOGEUSDT,TP,0.01883565512088573,1836.3099063608722,9590.755338946668,34.58810009127936,9625.343439037952,2022
2022-04-05 12:15:00,2022-04-05 13:00:00,BTCUSDT,SL,-0.01106953411664352,6995.478185042757,9625.343439037948,-77.43668443156629,9547.906754606385,2022
2022-04-08 02:15:00,2022-04-08 11:30:00,DOGEUSDT,SL,-0.03555405496967523,2057.498780585799,9547.906754606382,-73.15242474498726,9474.754329861398,2022
2022-04-08 07:45:00,2022-04-08 11:30:00,BTCUSDT,SL,-0.011698670099477523,6540.456512884158,9547.906754606382,-76.51464304421093,9398.239686817187,2022
2022-04-10 00:45:00,2022-04-10 01:00:00,DOGEUSDT,TP,0.013244454520577728,2518.3831762604036,9398.239686817184,33.354611443369,9431.594298260556,2022
2022-04-12 11:15:00,2022-04-12 13:15:00,DOGEUSDT,TP,0.013336796923412168,2510.7537796399174,9431.594298260552,33.48541328374712,9465.079711544304,2022
2022-04-13 01:30:00,2022-04-13 13:00:00,DOGEUSDT,SL,-0.041531288572728274,1740.7026683324111,9465.079711544298,-72.29362483783149,9392.786086706472,2022
2022-04-13 13:30:00,2022-04-13 14:00:00,BTCUSDT,TP,0.008436969582635331,3834.0115865546786,9392.786086706466,32.34743913523325,9425.133525841706,2022
2022-04-14 10:00:00,2022-04-14 10:15:00,DOGEUSDT,TP,0.016064927092202242,2101.9568225363787,9425.1335258417,33.76778310500401,9458.90130894671,2022
2022-04-16 00:30:00,2022-04-16 08:00:00,XRPUSDT,SL,-0.028608073680051343,2546.5421849286136,9458.901308946704,-72.8516664557967,9386.049642490912,2022
2022-04-16 22:00:00,2022-04-17 02:30:00,ETHUSDT,SL,-0.012080387893657564,6212.971080900662,9386.049642490907,-75.05510062935691,9310.994541861555,2022
2022-04-17 13:30:00,2022-04-17 17:45:00,ETHUSDT,SL,-0.010864357596869784,6904.290103958111,9310.99454186155,-75.01067664193017,9235.983865219625,2022
2022-04-17 13:30:00,2022-04-17 15:45:00,SOLUSDT,TP,0.0077780039359049485,4094.3026990143844,9310.99454186155,31.845502507720134,9267.829367727345,2022
2022-04-17 21:00:00,2022-04-17 23:00:00,DOGEUSDT,SL,-0.022166823435049547,3245.519601389683,9267.82936772734,-71.94285995899749,9195.886507768348,2022
2022-04-18 17:00:00,2022-04-18 18:15:00,BTCUSDT,TP,0.010053031797880675,3192.1200501230305,9195.886507768342,32.09048436653928,9227.976992134887,2022
2022-04-19 06:45:00,2022-04-19 07:45:00,BNBUSDT,TP,0.004986087306114775,6032.842924760998,9227.976992134882,30.08028152693515,9258.057273661821,2022
2022-04-20 10:15:00,2022-04-20 11:30:00,BTCUSDT,TP,0.004791259515887731,6265.311104215704,9258.057273661816,30.01873144807056,9288.076005109893,2022
2022-04-25 11:30:00,2022-04-25 12:30:00,DOGEUSDT,TP,0.024706065419821135,1368.2509234927475,9288.076005109886,33.804096826542505,9321.880101936435,2022
2022-04-28 08:00:00,2022-04-28 08:15:00,BNBUSDT,TP,0.007397585480658125,4290.479733566146,9321.88010193643,31.739190582086863,9353.619292518522,2022
2022-04-28 15:00:00,2022-04-29 07:00:00,BTCUSDT,TIMEOUT,-0.016874616513937207,2683.59139686712,9353.619292518517,-45.28457570223372,9308.334716816289,2022
2022-04-28 15:00:00,2022-04-28 18:00:00,ETHUSDT,TP,0.012811760561175185,2586.395194688868,9353.619292518517,33.13627595092785,9341.470992767216,2022
2022-04-29 03:45:00,2022-04-29 04:30:00,DOGEUSDT,TP,0.015558033717056836,2158.465820741088,9386.755568469445,33.581484016204605,9375.052476783421,2022
2022-05-01 05:15:00,2022-05-01 21:15:00,DOGEUSDT,TIMEOUT,-0.02379832713754661,1884.2174314094107,9375.052476783416,-44.84122283094895,9330.211253952471,2022
2022-05-01 15:15:00,2022-05-01 16:00:00,ETHUSDT,TP,0.007150802295802312,4449.731238891572,9375.052476783416,31.819148358769116,9362.03040231124,2022
2022-05-01 15:15:00,2022-05-01 15:45:00,BTCUSDT,TP,0.004287762621969916,6978.58343595214,9375.052476783416,29.922509210973974,9391.952911522216,2022
2022-05-01 15:15:00,2022-05-01 16:00:00,SOLUSDT,TP,0.015345605390367948,2184.226435432888,9375.052476783416,33.5182769613631,9425.471188483578,2022
2022-05-01 20:45:00,2022-05-01 23:15:00,ETHUSDT,TP,0.009890209163120887,3337.68547196611,9470.312411314522,33.010407438454685,9458.481595922032,2022
2022-05-04 15:45:00,2022-05-04 18:45:00,BNBUSDT,TP,0.00806720512493064,4022.737985806657,9458.481595922027,32.452252495352624,9490.933848417386,2022
2022-05-04 18:45:00,2022-05-05 01:00:00,XRPUSDT,TP,0.017344919437375237,1966.905796665303,9490.933848417379,34.11582258406604,9525.049671001452,2022
2022-05-04 18:45:00,2022-05-04 23:45:00,SOLUSDT,TP,0.021464864320494298,1602.125559629494,9490.933848417379,34.38940776184309,9559.439078763295,2022
2022-05-04 18:45:00,2022-05-05 10:45:00,ETHUSDT,TIMEOUT,-0.0031145655877342603,2226.0660623384856,9490.933848417379,-6.933228753782556,9552.505850009511,2022
2022-05-05 10:15:00,2022-05-05 10:30:00,BNBUSDT,TP,0.007340887888863073,4430.650509285399,9559.439078763287,32.52490866339819,9585.03075867291,2022
2022-05-06 07:45:00,2022-05-06 11:00:00,BTCUSDT,SL,-0.0184048315009625,4071.844621463961,9585.030758672903,-74.94161415614464,9510.089144516765,2022
2022-05-20 11:45:00,2022-05-20 14:30:00,BNBUSDT,SL,-0.024058887770213006,3060.0202500877904,9510.089144516758,-73.62068377144128,9436.468460745324,2022
2022-05-22 03:00:00,2022-05-22 07:00:00,BNBUSDT,SL,-0.018132006668607835,4071.6537972228534,9436.468460745316,-73.82725380350719,9362.641206941817,2022
2022-05-22 09:30:00,2022-05-22 15:15:00,DOGEUSDT,SL,-0.016955713526186057,4333.027912569128,9362.64120694181,-73.46957998649009,9289.171626955327,2022
2022-05-22 09:30:00,2022-05-22 09:45:00,BTCUSDT,TP,0.004868446725752055,6249.0411033187875,9362.64120694181,30.42312369854236,9319.594750653869,2022
2022-05-22 09:30:00,2022-05-22 10:00:00,ETHUSDT,TP,0.005919612380435446,5264.1596727603865,9362.64120694181,31.161784771461388,9350.756535425331,2022
2022-05-22 09:30:00,2022-05-22 10:45:00,SOLUSDT,TP,0.01104258591502128,2977.286303363651,9362.64120694181,32.87693979850923,9383.63347522384,2022
2022-05-27 15:15:00,2022-05-28 07:15:00,DOGEUSDT,TIMEOUT,-0.02447479240806645,989.7795789213532,9383.63347522383,-24.224649723843545,9359.408825499997,2022
2022-05-29 12:00:00,2022-05-29 19:00:00,BTCUSDT,SL,-0.01195744986588722,6263.295132366207,9359.408825499988,-74.89303754052438,9284.515787959472,2022
2022-05-30 01:30:00,2022-05-30 02:00:00,ETHUSDT,TP,0.008074681109486784,3945.404233068424,9284.515787959463,31.857881030046798,9316.37366898952,2022
2022-05-30 01:30:00,2022-05-30 02:00:00,XRPUSDT,TP,0.00763501656106269,4152.279718388015,9284.515787959463,31.702724416057215,9348.076393405576,2022
2022-05-30 01:30:00,2022-05-30 02:00:00,BTCUSDT,TP,0.004887181300591859,6176.302011289257,9284.515787959463,30.184707696380745,9378.261101101956,2022
2022-05-30 02:00:00,2022-05-30 03:00:00,BTCUSDT,TP,0.006992830519471473,4542.070117729128,9378.261101101947,31.76192654083563,9410.023027642792,2022
2022-05-30 20:15:00,2022-05-30 21:15:00,BTCUSDT,TP,0.009309508420345565,3507.8837731564095,9410.023027642783,32.65667352379317,9442.679701166586,2022
2022-05-31 05:15:00,2022-05-31 06:30:00,XRPUSDT,SL,-0.03149465113921029,2303.493295080153,9442.679701166577,-72.5477177300594,9370.131983436526,2022
2022-06-04 14:15:00,2022-06-04 22:00:00,ETHUSDT,TP,0.006866937550058623,4613.139428669292,9370.131983436517,31.678140366385144,9401.810123802912,2022
2022-06-04 14:15:00,2022-06-04 14:30:00,BTCUSDT,TP,0.004437063369019216,6774.159565459633,9370.131983436517,30.057375263792068,9431.867499066704,2022
2022-06-04 22:00:00,2022-06-05 09:00:00,ETHUSDT,SL,-0.015663542435380248,4743.273206182187,9431.867499066693,-74.29646114763682,9357.571037919066,2022
2022-06-07 19:30:00,2022-06-07 19:45:00,BTCUSDT,TP,0.009263068405762185,3504.509304261116,9357.571037919057,32.46250941400076,9390.033547333067,2022
2022-06-07 19:30:00,2022-06-07 22:45:00,ETHUSDT,SL,-0.026382542007787384,2737.9954264025487,9357.571037919057,-72.23527935419497,9317.798267978873,2022
2022-06-07 19:30:00,2022-06-07 22:45:00,BNBUSDT,SL,-0.026079541903944292,2770.748205811972,9357.571037919057,-72.25984393875179,9245.53842404012,2022
2022-06-15 18:30:00,2022-06-15 21:45:00,XRPUSDT,TP,0.03454762860286081,982.2407471118424,9245.53842404011,33.93408852981646,9279.472512569937,2022
2022-06-15 18:30:00,2022-06-16 01:00:00,BTCUSDT,TP,0.042638558141306494,799.0763135579596,9245.53842404011,34.07146185498192,9313.54397442492,2022
2022-06-15 18:30:00,2022-06-15 18:45:00,DOGEUSDT,TP,0.0416305884864474,818.0813511175653,9245.53842404011,34.057208076812245,9347.60118250173,2022
2022-06-15 18:30:00,2022-06-15 19:30:00,SOLUSDT,TP,0.05221558416910062,654.5905163522557,9245.53842404011,34.17982620288624,9381.781008704618,2022
2022-06-19 06:15:00,2022-06-19 06:45:00,DOGEUSDT,TP,0.03273153602309397,1050.7785174006233,9381.78100870461,34.39359489459177,9416.17460359921,2022
2022-06-19 10:15:00,2022-06-19 18:45:00,ETHUSDT,TP,0.03365620573176231,1026.2873807936246,9416.1746035992,34.54093922790172,9450.71554282711,2022
2022-06-19 18:45:00,2022-06-20 10:45:00,BNBUSDT,TIMEOUT,0.014713917525773114,1751.3727952711668,9450.715542827102,25.76955486650267,9476.485097693614,2022
2022-06-19 18:45:00,2022-06-19 22:15:00,BTCUSDT,TP,0.023015278394168046,1491.258915540349,9450.715542827102,34.32173909894627,9510.80683679256,2022
2022-06-21 10:15:00,2022-06-21 10:30:00,DOGEUSDT,TP,0.023660080503858334,1461.098238997391,9510.806836792552,34.56970195872392,9545.376538751283,2022
2022-06-24 01:00:00,2022-06-24 11:30:00,DOGEUSDT,TP,0.015152844322205823,2250.8653983573863,9545.376538751276,34.10701297154927,9579.483551722833,2022
2022-06-26 11:30:00,2022-06-26 12:00:00,ETHUSDT,TP,0.010651660379487416,3150.687016041055,9579.483551722826,33.560048056929936,9613.043599779763,2022
2022-06-30 23:45:00,2022-07-01 00:15:00,ETHUSDT,TP,0.023422493049206145,1491.31963450324,9613.043599779756,34.93042377329679,9647.974023553059,2022
2022-06-30 23:45:00,2022-07-01 00:30:00,DOGEUSDT,TP,0.026334627942785425,1330.9731843215718,9613.043599779756,35.050683610932964,9683.024707163993,2022
2022-06-30 23:45:00,2022-07-01 00:15:00,BNBUSDT,TP,0.01709868919599359,2019.6952898516445,9613.043599779756,34.53414203178546,9717.558849195779,2022
2022-06-30 23:45:00,2022-07-01 00:15:00,BTCUSDT,TP,0.01690102124872425,2042.3131892031247,9613.043599779756,34.5171786072718,9752.07602780305,2022
2022-07-01 00:15:00,2022-07-01 04:45:00,BTCUSDT,SL,-0.04839011023417345,1529.7548583160883,9717.02534419211,-74.0250062251779,9678.051021577872,2022
2022-07-02 21:45:00,2022-07-03 01:00:00,SOLUSDT,SL,-0.031013284964047375,2398.4634433461174,9678.051021577865,-74.38423024434344,9603.66679133353,2022
2022-07-03 23:00:00,2022-07-04 03:15:00,XRPUSDT,SL,-0.02522659074928767,2942.7096964922594,9603.666791333522,-74.23453320737076,9529.432258126159,2022
2022-07-04 00:00:00,2022-07-04 02:45:00,DOGEUSDT,SL,-0.02683776567232805,2760.968564333693,9603.666791333522,-74.09822735825165,9455.334030767906,2022
2022-07-06 16:15:00,2022-07-07 01:15:00,DOGEUSDT,TP,0.013151063828671952,2550.7042520188943,9455.3340307679,33.544474426365426,9488.878505194272,2022
2022-07-06 22:00:00,2022-07-07 14:00:00,ETHUSDT,TIMEOUT,0.013355001093410921,2149.128094338483,9455.3340307679,28.701608049770574,9517.580113244043,2022
2022-07-07 11:00:00,2022-07-07 14:00:00,DOGEUSDT,TP,0.008367661678830301,3902.677643446341,9488.878505194265,32.65628616189369,9550.236399405936,2022
2022-07-08 01:15:00,2022-07-08 02:15:00,DOGEUSDT,SL,-0.029614368223518425,2481.4945693903574,9550.236399405929,-73.48789392258733,9476.748505483349,2022
2022-07-08 01:15:00,2022-07-08 07:15:00,ETHUSDT,SL,-0.031293960141211837,2345.0388444850423,9550.236399405929,-73.38555212890837,9403.36295335444,2022
2022-07-08 01:15:00,2022-07-08 05:45:00,BTCUSDT,SL,-0.02974731013826805,2470.1178369305967,9550.236399405929,-73.47936137324228,9329.883591981197,2022
2022-07-08 01:15:00,2022-07-08 05:45:00,BNBUSDT,SL,-0.024187487672720297,3056.0772551963155,9550.236399405929,-73.91883093694176,9255.964761044257,2022
2022-07-13 12:15:00,2022-07-13 12:30:00,SOLUSDT,SL,-0.028812896520326037,2473.7195484276112,9255.96476104425,-71.27502536915242,9184.689735675103,2022
2022-07-13 12:15:00,2022-07-13 12:30:00,BTCUSDT,SL,-0.02369274838614783,3025.7811548744307,9255.96476104425,-71.68907157398768,9113.000664101117,2022
2022-07-13 12:15:00,2022-07-13 12:30:00,XRPUSDT,SL,-0.024127054421194106,2969.567271268117,9255.96476104425,-71.64691116128274,9041.353752939833,2022
2022-07-13 12:15:00,2022-07-13 12:30:00,ETHUSDT,SL,-0.027078765344361624,2636.649869443963,9255.96476104425,-71.39722310991478,8969.956529829919,2022
2022-07-14 17:15:00,2022-07-14 18:00:00,ETHUSDT,TP,0.020967446765000407,1548.8624123656975,8969.956529829913,32.47569017758787,9002.432220007508,2022
2022-07-15 01:15:00,2022-07-15 01:45:00,XRPUSDT,TP,0.013821736202457649,2316.75349841527,9002.4322200075,32.02155570121675,9034.453775708724,2022
2022-07-15 01:45:00,2022-07-15 09:15:00,ETHUSDT,TP,0.012281384682327852,2599.815943186152,9034.453775708716,31.929339701518142,9066.38311541024,2022
2022-07-16 16:00:00,2022-07-16 17:00:00,BNBUSDT,TP,0.00896953808085447,3497.999225884947,9066.383115410235,31.37543726337449,9097.758552673617,2022
2022-07-16 16:00:00,2022-07-16 17:15:00,BTCUSDT,TP,0.008915070910744685,3517.7120785520156,9066.383115410235,31.360652623874298,9129.119205297491,2022
2022-07-16 16:00:00,2022-07-17 04:15:00,XRPUSDT,TP,0.012879174827487792,2494.570442681397,9066.383115410235,32.12800885077732,9161.247214148269,2022
2022-07-16 16:00:00,2022-07-16 16:30:00,SOLUSDT,TP,0.014284518491153994,2261.391790019259,9066.383115410235,32.302892840273934,9193.550106988541,2022
2022-07-16 16:00:00,2022-07-17 08:00:00,ETHUSDT,TIMEOUT,-0.016772933229353994,1223.3616252595255,9066.383115410235,-20.519362855832004,9173.03074413271,2022
2022-07-16 16:00:00,2022-07-17 06:15:00,DOGEUSDT,TP,0.009115383377891563,3446.2864118368143,9066.383115410235,31.414221873910854,9204.44496600662,2022
2022-07-20 07:00:00,2022-07-20 16:30:00,DOGEUSDT,SL,-0.045189196106428554,1553.4335292591659,9204.444966006615,-70.19841239199387,9134.246553614626,2022
2022-07-20 21:30:00,2022-07-21 02:15:00,DOGEUSDT,SL,-0.06217720533898846,1115.2525786262265,9134.246553614621,-69.34328858607925,9064.903265028548,2022
2022-07-24 11:00:00,2022-07-24 22:30:00,ETHUSDT,TP,0.014696320555632178,2200.743349940517,9064.903265028543,32.342829731401636,9097.246094759948,2022
2022-07-24 22:30:00,2022-07-24 22:45:00,ETHUSDT,SL,-0.033793931072020104,2064.8071672220804,9097.246094759945,-69.77795108611608,9027.468143673832,2022
2022-07-27 18:00:00,2022-07-27 18:30:00,SOLUSDT,TP,0.020924285973288673,1561.897152252079,9027.468143673828,32.6815826745877,9060.14972634842,2022
2022-07-27 18:00:00,2022-07-27 18:30:00,XRPUSDT,TP,0.013206778655638048,2425.560107675807,9027.468143673828,32.03383545801997,9092.18356180644,2022
2022-07-27 18:00:00,2022-07-27 18:30:00,DOGEUSDT,TP,0.015352615968436362,2102.329559689811,9027.468143673828,32.27625836900958,9124.45982017545,2022
2022-07-27 18:00:00,2022-07-27 18:30:00,BNBUSDT,TP,0.013836987530103836,2320.76742842983,9027.468143673828,32.1124299674547,9156.572250142905,2022
2022-07-29 03:30:00,2022-07-29 08:00:00,DOGEUSDT,SL,-0.034180100349049995,2054.265202886936,9156.572250142899,-70.21499077823702,9086.357259364668,2022
2022-07-29 09:30:00,2022-07-29 09:45:00,BNBUSDT,TP,0.014181116598340125,2282.0690936406954,9086.357259364662,32.36228790238707,9118.719547267056,2022
2022-07-30 08:45:00,2022-07-30 10:00:00,DOGEUSDT,SL,-0.039727194725750314,1754.6259315404457,9118.71954726705,-69.70636605315832,9049.013181213897,2022
2022-07-30 13:45:00,2022-07-30 14:00:00,XRPUSDT,TP,0.01671264674614034,1943.222005395738,9049.013181213892,32.47638292550539,9081.489564139401,2022
2022-07-30 15:15:00,2022-07-30 22:00:00,SOLUSDT,SL,-0.04526472022372476,1530.081990602844,9081.489564139398,-69.2587332239976,9012.230830915403,2022
2022-07-31 18:00:00,2022-07-31 18:15:00,BTCUSDT,SL,-0.017382595932689437,4063.811295927749,9012.2308309154,-70.63958970381108,8941.591241211594,2022
2022-07-31 18:00:00,2022-07-31 18:30:00,SOLUSDT,SL,-0.03154448403355908,2194.9298178922445,9012.2308309154,-69.23792859528464,8872.35331261631,2022
2022-07-31 18:00:00,2022-07-31 18:30:00,ETHUSDT,SL,-0.025907379917926618,2686.7555942779636,9012.2308309154,-69.60679792757391,8802.746514688733,2022
2022-08-02 01:00:00,2022-08-02 01:30:00,XRPUSDT,SL,-0.028662231883666865,2365.292719526248,8802.74651468873,-67.79456839981034,8734.951946288924,2022
2022-08-08 08:45:00,2022-08-08 11:30:00,ETHUSDT,TP,0.009514629031956856,3191.1596314493254,8734.95194628892,30.362700074996493,8765.31464636392,2022
2022-08-08 13:45:00,2022-08-08 15:15:00,DOGEUSDT,SL,-0.025402496653614534,2666.6613435313366,8765.314646363917,-67.73985585537801,8697.574790508543,2022
2022-08-09 06:30:00,2022-08-09 06:45:00,DOGEUSDT,TP,0.013553327064712295,2280.3020106331555,8697.574790508539,30.90567895643221,8728.480469464976,2022
2022-08-10 12:30:00,2022-08-10 13:00:00,XRPUSDT,TP,0.009351208700099731,3240.384664081868,8728.480469464972,30.30151326243211,8758.781982727407,2022
2022-08-10 12:30:00,2022-08-10 12:45:00,SOLUSDT,TP,0.015866327006903495,1969.8578239881067,8728.480469464972,31.254408392502647,8790.03639111991,2022
2022-08-10 12:30:00,2022-08-10 12:45:00,BTCUSDT,TP,0.010089168726414868,3019.7704811741423,8728.480469464972,30.466973899612935,8820.503365019522,2022
2022-08-10 12:30:00,2022-08-10 13:00:00,BNBUSDT,TP,0.013678853147333981,2268.496423538788,8728.480469464972,31.03042944283943,8851.533794462362,2022
2022-08-10 12:30:00,2022-08-10 12:45:00,ETHUSDT,TP,0.015187992676036488,2053.6966245258427,8728.480469464972,31.191529292099357,8882.725323754461,2022
2022-08-10 12:30:00,2022-08-10 23:00:00,DOGEUSDT,TP,0.012083151888482318,2550.5660686421384,8728.480469464972,30.818877209012175,8913.544200963473,2022
2022-08-10 12:45:00,2022-08-10 21:15:00,ETHUSDT,TP,0.01856252318520852,1712.889862277061,8821.393381049185,31.79555778222657,8945.3397587457,2022
2022-08-11 12:45:00,2022-08-11 14:30:00,DOGEUSDT,SL,-0.03496109435447618,1961.0611544735546,8945.339758745695,-68.56084405644793,8876.778914689252,2022
2022-08-13 16:15:00,2022-08-13 20:00:00,DOGEUSDT,SL,-0.022052490133227298,3125.261011449812,8876.778914689246,-68.91978761875694,8807.859127070495,2022
2022-08-14 04:00:00,2022-08-14 05:30:00,DOGEUSDT,TP,0.014451345105656642,2172.7992817046,8807.85912707049,31.39987226523604,8839.25899933573,2022
2022-08-14 15:00:00,2022-08-14 16:15:00,DOGEUSDT,TP,0.021207149777417823,1509.6322420499077,8839.258999335725,32.01499706597147,8871.273996401702,2022
2022-08-17 05:00:00,2022-08-17 07:15:00,BNBUSDT,SL,-0.01773424783489307,3917.427231385635,8871.273996401696,-69.47262539655185,8801.801371005151,2022
2022-08-25 07:00:00,2022-08-25 15:15:00,BNBUSDT,SL,-0.018894956637705105,3638.1189330242264,8801.801371005145,-68.74209948230673,8733.059271522845,2022
2022-08-25 10:15:00,2022-08-25 10:30:00,DOGEUSDT,TP,0.008525584817721423,3558.4554278678083,8801.801371005145,30.337913570368176,8763.397185093212,2022
2022-08-25 10:30:00,2022-08-25 12:45:00,DOGEUSDT,SL,-0.024871030214241665,2746.194671038807,8832.139284575514,-68.30069063759562,8695.096494455616,2022
2022-08-26 08:00:00,2022-08-26 08:30:00,XRPUSDT,TP,0.011319670575970825,2701.532875232262,8695.096494455613,30.5804621977845,8725.676956653402,2022
2022-08-28 10:30:00,2022-08-28 14:15:00,SOLUSDT,SL,-0.021347499333432916,3177.2098212270444,8725.676956653397,-67.82548454082084,8657.851472112581,2022
2022-08-29 12:15:00,2022-08-29 13:30:00,DOGEUSDT,TP,0.007950102966910701,3731.788364333676,8657.851472112576,29.66810174717199,8687.519573859752,2022
2022-08-29 12:15:00,2022-08-29 13:30:00,ETHUSDT,TP,0.010606886425260989,2858.789091014103,8657.851472112576,30.322851202161694,8717.842425061914,2022
2022-08-29 12:15:00,2022-08-29 13:30:00,BTCUSDT,TP,0.0055981451827928465,5114.398314081759,8657.851472112576,28.631144284860657,8746.473569346776,2022
2022-08-29 12:15:00,2022-08-29 13:30:00,BNBUSDT,TP,0.00908290796371037,3301.8658509004276,8657.851472112576,29.99054363224681,8776.464112979022,2022
2022-08-29 12:15:00,2022-08-29 13:30:00,SOLUSDT,TP,0.01078642345588942,2814.2988287975454,8657.851472112576,30.356218898823965,8806.820331877845,2022
2022-08-30 19:00:00,2022-08-31 01:30:00,DOGEUSDT,TP,0.01193030519167637,2604.4780267765605,8806.82033187784,31.072217724459428,8837.892549602306,2022
2022-08-30 19:00:00,2022-08-31 01:30:00,ETHUSDT,TP,0.019143981183426157,1660.0787916727154,8806.82033187784,31.780517150787293,8869.673066753092,2022
2022-08-30 19:00:00,2022-08-31 01:30:00,BNBUSDT,TP,0.01028275525853987,2993.4114797823095,8806.82033187784,30.780517634705156,8900.453584387797,2022
2022-09-01 14:15:00,2022-09-02 03:00:00,DOGEUSDT,TP,0.014299440344439578,2217.803464949838,8900.453584387791,31.713348342741604,8932.166932730539,2022
2022-09-03 05:30:00,2022-09-03 06:15:00,DOGEUSDT,SL,-0.022188866762902163,3124.7571402141725,8932.166932730534,-69.33481985063946,8862.8321128799,2022
2022-09-04 09:30:00,2022-09-04 09:45:00,DOGEUSDT,TP,0.0077327984073513765,3918.001917208957,8862.832112879894,30.297118985393062,8893.129231865292,2022
2022-09-06 00:00:00,2022-09-06 02:00:00,XRPUSDT,SL,-0.019111628758659915,3632.4919818201015,8893.129231865287,-69.4228382253546,8823.706393639939,2022
2022-09-06 00:30:00,2022-09-06 01:45:00,DOGEUSDT,SL,-0.024857290710597855,2766.7343476995643,8893.129231865287,-68.7735199997644,8754.932873640173,2022
2022-09-07 20:15:00,2022-09-07 21:00:00,BNBUSDT,TP,0.009216213439204595,3294.229897485638,8754.932873640168,30.360325853036713,8785.293199493211,2022
2022-09-07 20:15:00,2022-09-08 12:15:00,ETHUSDT,TIMEOUT,-0.00682470359109616,1914.8008560789876,8754.932873640168,-13.067948278716269,8772.225251214495,2022
2022-09-09 03:15:00,2022-09-09 03:30:00,BTCUSDT,TP,0.0066190055207333304,4464.081971373112,8772.225251214488,29.547783213524756,8801.773034428019,2022
2022-09-09 04:00:00,2022-09-09 04:45:00,BTCUSDT,TP,0.0102280276589184,3006.6101038004526,8801.773034428012,30.75169130125455,8832.524725729274,2022
2022-09-09 08:45:00,2022-09-09 17:45:00,DOGEUSDT,SL,-0.0265580763545002,2566.7908965023807,8832.524725729267,-68.16902861534625,8764.355697113928,2022
2022-09-09 12:30:00,2022-09-10 04:30:00,ETHUSDT,TIMEOUT,-0.002920471228302474,2600.1107397833753,8832.524725729267,-7.593548605937609,8756.76214850799,2022
2022-09-09 23:00:00,2022-09-10 04:30:00,DOGEUSDT,TP,0.010009747806097568,3054.5635879636347,8764.35569711392,30.57541117320451,8787.337559681195,2022
2022-09-17 13:00:00,2022-09-17 13:15:00,XRPUSDT,TP,0.011302877442839579,2733.9957620145897,8787.337559681187,30.90201902729371,8818.239578708488,2022
2022-09-18 07:15:00,2022-09-18 09:15:00,XRPUSDT,TP,0.014333887581642541,2192.2994480813936,8818.23957870848,31.424173834095686,8849.663752542583,2022
2022-09-19 13:30:00,2022-09-19 14:15:00,BTCUSDT,TP,0.01090692235557964,2846.9125949140443,8849.663752542576,31.051054625849233,8880.714807168433,2022
2022-09-19 17:45:00,2022-09-19 18:45:00,XRPUSDT,TP,0.0206589829979274,1555.547058452311,8880.714807168424,32.136020233042274,8912.850827401475,2022
2022-09-21 17:45:00,2022-09-21 18:00:00,BTCUSDT,SL,-0.027779034129308645,2473.132442902453,8912.850827401466,-68.7012305376877,8844.149596863788,2022
2022-09-27 01:15:00,2022-09-27 02:45:00,BTCUSDT,TP,0.009034598073746264,3389.568047483544,8844.149596863777,30.62338495262671,8874.772981816415,2022
2022-09-27 02:45:00,2022-09-27 06:15:00,BTCUSDT,TP,0.011141110252043803,2798.7629394060405,8874.772981816404,31.18132647725689,8905.95430829367,2022
2022-09-29 16:30:00,2022-09-30 08:30:00,BTCUSDT,TIMEOUT,-0.0019704268886578517,2324.522803292788,8905.954308293662,-4.580302234906435,8901.374006058764,2022
2022-09-29 20:00:00,2022-09-29 20:15:00,XRPUSDT,TP,0.016100096865471116,1982.0259149096332,8905.954308293662,31.910809219919106,8933.284815278685,2022
2022-09-30 17:45:00,2022-10-01 01:00:00,XRPUSDT,SL,-0.04497412416205391,1515.0019900694474,8933.284815278674,-68.1358876071421,8865.148927671542,2022
2022-09-30 21:30:00,2022-10-01 00:30:00,DOGEUSDT,TP,0.012672741436853489,2495.7508281667237,8933.284815278674,31.62800493616985,8896.776932607712,2022
2022-10-01 18:45:00,2022-10-02 10:45:00,BNBUSDT,TIMEOUT,-0.009236562942008607,4551.788864496644,8896.776932607701,-42.04288434565714,8854.734048262055,2022
2022-10-02 19:00:00,2022-10-02 22:45:00,ETHUSDT,SL,-0.015730536395041933,4433.119323013347,8854.734048262044,-69.7353448542251,8784.99870340783,2022
2022-10-03 20:30:00,2022-10-04 02:00:00,XRPUSDT,SL,-0.025981345974310645,2611.3347398367987,8784.998703407819,-67.84599133043635,8717.152712077394,2022
2022-10-04 16:00:00,2022-10-04 16:30:00,DOGEUSDT,TP,0.013563287008308462,2283.84456004515,8717.152712077383,30.976439250256337,8748.12915132765,2022
2022-10-05 05:45:00,2022-10-05 06:00:00,XRPUSDT,TP,0.01238840494418049,2496.915299601074,8748.12915132764,30.932797842777852,8779.061949170427,2022
2022-10-09 18:45:00,2022-10-10 06:45:00,XRPUSDT,SL,-0.029274510317267216,2308.294301512343,8779.061949170416,-67.57418534491221,8711.487763825515,2022
2022-10-11 10:15:00,2022-10-11 11:15:00,DOGEUSDT,TP,0.006040004767499942,4811.201204262762,8711.487763825504,29.059678211148544,8740.547442036663,2022
2022-10-12 03:00:00,2022-10-12 12:30:00,DOGEUSDT,SL,-0.018514147420627607,3690.2477931000335,8740.547442036652,-68.3217916600997,8672.225650376564,2022
2022-10-14 01:30:00,2022-10-14 03:30:00,ETHUSDT,TP,0.00987427328365412,3060.9948860169934,8672.225650376553,30.225100024399488,8702.450750400963,2022
2022-10-14 01:30:00,2022-10-14 01:45:00,BTCUSDT,TP,0.0075621662510207245,3912.439333719879,8672.225650376553,29.586516688622478,8732.037267089585,2022
2022-10-15 15:15:00,2022-10-15 17:45:00,DOGEUSDT,SL,-0.014792994132952514,4663.55528480182,8732.037267089576,-68.98794596677301,8663.049321122813,2022
2022-10-16 19:30:00,2022-10-16 21:45:00,DOGEUSDT,SL,-0.011827875585128381,5865.101969157746,8663.049321122802,-69.3716963852893,8593.677624737524,2022
2022-10-16 19:30:00,2022-10-16 20:00:00,SOLUSDT,TP,0.005099859301374552,5553.370308680246,8663.049321122802,28.32140722270022,8621.999031960224,2022
2022-10-16 22:00:00,2022-10-17 04:15:00,BNBUSDT,SL,-0.012944364310475888,5302.858852933315,8621.999031960213,-68.64213687940111,8553.356895080822,2022
2022-10-16 22:00:00,2022-10-17 11:00:00,BTCUSDT,TP,0.006559579045222709,4423.304840103194,8621.999031960213,29.015017739773093,8582.371912820596,2022
2022-10-18 17:30:00,2022-10-18 18:30:00,DOGEUSDT,SL,-0.022904650742879108,2905.3849728072623,8582.371912820585,-66.54682807575966,8515.825084744836,2022
2022-10-20 22:45:00,2022-10-21 12:00:00,XRPUSDT,SL,-0.03409798887785011,1915.2185869297841,8515.825084744825,-65.30510207578358,8450.519982669053,2022
2022-10-23 02:15:00,2022-10-23 11:30:00,SOLUSDT,SL,-0.017779684174000467,3721.672065227106,8450.519982669042,-66.17015391893801,8384.349828750115,2022
2022-10-23 17:45:00,2022-10-23 22:00:00,DOGEUSDT,TP,0.004629104974565464,5845.08240803622,8384.349828750104,27.05750005178555,8411.4073288019,2022
2022-10-23 17:45:00,2022-10-23 20:00:00,ETHUSDT,TP,0.004363049646467707,6149.228744440933,8384.349828750104,26.82939029948208,8438.236719101382,2022
2022-10-23 17:45:00,2022-10-23 22:30:00,XRPUSDT,TP,0.007894772643107839,3637.0316670942198,8384.349828750104,28.713538107492344,8466.950257208875,2022
2022-10-23 22:00:00,2022-10-23 22:15:00,ETHUSDT,TP,0.00668417554622356,4256.475718104992,8438.236719101373,28.451030908051752,8495.401288116926,2022
2022-10-25 16:00:00,2022-10-25 16:30:00,SOLUSDT,TP,0.013185574447000909,2286.0740295707433,8495.401288116918,30.143199308260392,8525.544487425186,2022
2022-10-25 17:00:00,2022-10-25 18:15:00,BTCUSDT,TP,0.0084472844951584,3476.1120898971935,8525.544487425179,29.363707760421224,8554.908195185608,2022
2022-10-25 17:00:00,2022-10-25 18:15:00,ETHUSDT,TP,0.018633678270636844,1649.366615637401,8525.544487425179,30.733766866116472,8585.641962051724,2022
2022-10-25 17:30:00,2022-10-26 02:45:00,DOGEUSDT,TP,0.016507996340978524,1852.5204894111012,8525.544487425179,30.581401460786203,8616.22336351251,2022
2022-10-26 08:30:00,2022-10-26 14:15:00,BTCUSDT,TP,0.009186377919610257,3251.7722126292683,8616.223363512503,29.8720084536997,8646.09537196621,2022
2022-10-26 14:00:00,2022-10-26 14:15:00,ETHUSDT,TP,0.01611938069898163,1915.3541075234796,8616.223363512503,30.87432203252916,8676.969693998739,2022
2022-10-29 08:15:00,2022-10-29 10:15:00,ETHUSDT,TP,0.010954618004836963,2779.982767404155,8676.969693998732,30.453649276942045,8707.423343275681,2022
2022-10-29 08:15:00,2022-10-29 10:45:00,XRPUSDT,SL,-0.016461184478660094,4142.098439069474,8676.969693998732,-68.18384653429263,8639.23949674139,2022
2022-10-30 07:00:00,2022-10-30 07:15:00,BNBUSDT,TP,0.008788288569241354,3396.5367977283418,8639.23949674138,29.84974551448362,8669.089242255872,2022
2022-10-30 22:45:00,2022-10-31 00:00:00,SOLUSDT,TP,0.013036192759347951,2358.0900997061804,8669.089242255865,30.740517083679798,8699.829759339553,2022
2022-10-31 09:30:00,2022-10-31 09:45:00,BNBUSDT,TP,0.013284282742267992,2324.619091452831,8699.829759339544,30.880897278933542,8730.710656618487,2022
2022-10-31 09:30:00,2022-10-31 10:00:00,BTCUSDT,TP,0.0044075425195036965,6325.563284093377,8699.829759339544,27.880189134452998,8758.590845752939,2022
2022-10-31 09:30:00,2022-10-31 10:00:00,ETHUSDT,TP,0.00886762428048433,3392.1434905419574,8699.829759339544,30.080253979616728,8788.671099732555,2022
2022-10-31 22:15:00,2022-11-01 14:15:00,XRPUSDT,TIMEOUT,-0.013026545337066516,2987.7216849414376,8788.671099732548,-38.9196919834264,8749.751407749129,2022
2022-11-01 04:15:00,2022-11-01 04:30:00,DOGEUSDT,TP,0.039109886723946254,826.8341767313015,8788.671099732548,32.33739099144856,8782.088798740579,2022
2022-11-02 16:45:00,2022-11-02 18:00:00,BNBUSDT,TP,0.010770513568765643,2858.625424873798,8782.08879874057,30.78886392662169,8812.877662667199,2022
2022-11-02 18:00:00,2022-11-02 20:15:00,BNBUSDT,SL,-0.03502000442422262,1928.7007276627508,8812.877662667192,-67.54310801575092,8745.334554651448,2022
2022-11-02 18:00:00,2022-11-02 18:30:00,SOLUSDT,TP,0.015693890976536336,2009.7610281020613,8812.877662667192,31.54097046392533,8776.875525115374,2022
2022-11-02 18:00:00,2022-11-02 18:45:00,ETHUSDT,SL,-0.033800286078067336,1999.8792843692386,8812.877662667192,-67.59649193328084,8709.279033182092,2022
2022-11-03 07:00:00,2022-11-03 07:15:00,BNBUSDT,TP,0.009625594456773459,3147.751823811073,8709.279033182087,30.298982506574408,8739.578015688667,2022
2022-11-04 08:45:00,2022-11-04 09:00:00,XRPUSDT,TP,0.011488977575220846,2677.79047370639,8739.578015688661,30.76507470355272,8770.34309039222,2022
2022-11-04 09:00:00,2022-11-04 09:30:00,XRPUSDT,TP,0.015375544108397653,2039.5458514695026,8770.343090392214,31.359127200368786,8801.702217592589,2022
2022-11-04 10:45:00,2022-11-04 12:00:00,ETHUSDT,SL,-0.016406890565050014,4216.211792352995,8801.702217592583,-69.17492547620897,8732.52729211638,2022
2022-11-05 00:30:00,2022-11-05 16:30:00,BTCUSDT,TIMEOUT,-0.0030969223961914557,3889.5531347054966,8732.527292116374,-12.045644214046135,8720.481647902334,2022
2022-11-05 04:45:00,2022-11-05 14:15:00,DOGEUSDT,SL,-0.0552231894993935,1202.3154012599541,8732.527292116374,-66.39569124181777,8654.085956660516,2022
2022-11-05 15:15:00,2022-11-05 15:30:00,SOLUSDT,TP,0.023306190102901952,1350.9202148913548,8666.131600874556,31.48480334211107,8685.570760002627,2022
2022-11-07 15:45:00,2022-11-07 21:30:00,SOLUSDT,SL,-0.049943468879262834,1324.195715083629,8685.570760002622,-66.13492748633242,8619.435832516294,2022
2022-11-08 16:00:00,2022-11-08 17:45:00,ETHUSDT,SL,-0.05588925429367131,1172.4091950821307,8619.435832516288,-65.5250756401837,8553.91075687611,2022
2022-11-08 16:00:00,2022-11-08 17:00:00,SOLUSDT,SL,-0.10661301991751837,610.6548707399431,8619.435832516288,-65.10375989692716,8488.806996979183,2022
2022-11-08 16:00:00,2022-11-08 16:30:00,BTCUSDT,TP,0.016203193506589827,1906.595613349893,8619.435832516288,30.892937661923636,8519.699934641107,2022
2022-11-08 16:00:00,2022-11-08 17:45:00,XRPUSDT,SL,-0.043329009001678104,1518.2544230027625,8619.435832516288,-65.7844595611243,8453.915475079983,2022
2022-11-08 16:00:00,2022-11-08 16:15:00,BNBUSDT,TP,0.033731019346629254,937.4109288070052,8619.435832516288,31.619826175330793,8485.535301255313,2022
2022-11-08 16:00:00,2022-11-08 16:30:00,DOGEUSDT,TP,0.041672219942422796,761.932883658754,8619.435832516288,31.751434709192036,8517.286735964506,2022
2022-11-10 12:00:00,2022-11-10 13:30:00,SOLUSDT,TP,0.07818265133639571,404.64655271423067,8517.2867359645,31.636340345331163,8548.923076309837,2022
2022-11-10 13:30:00,2022-11-10 13:45:00,BNBUSDT,TP,0.030706785494564057,1019.1270669312893,8548.923076309831,31.294116235963326,8580.2171925458,2022
2022-11-10 13:30:00,2022-11-10 14:00:00,DOGEUSDT,TP,0.051603254162445183,612.3489752268066,8548.923076309831,31.59919980474175,8611.816392350542,2022
2022-11-10 13:30:00,2022-11-10 15:00:00,ETHUSDT,TP,0.03662765562224488,857.6905373669993,8548.923076309831,31.415193633136603,8643.231585983678,2022
2022-11-10 13:30:00,2022-11-10 15:00:00,BTCUSDT,TP,0.02816749639196084,1108.6181563447624,8548.923076309831,31.226997918903372,8674.458583902582,2022
2022-11-10 20:45:00,2022-11-11 02:00:00,BTCUSDT,SL,-0.052077098327281704,1267.5261508926776,8674.458583902577,-66.00908399243887,8608.449499910143,2022
2022-11-12 06:45:00,2022-11-12 22:45:00,BNBUSDT,TIMEOUT,-0.01913362816510583,1307.0553955403066,8608.449499910137,-25.00871192946355,8583.44078798068,2022
2022-11-12 07:15:00,2022-11-12 10:00:00,DOGEUSDT,TP,0.03480487304559055,907.9398366370061,8608.449499910137,31.600730747185224,8615.041518727865,2022
2022-11-14 06:30:00,2022-11-14 06:45:00,SOLUSDT,TP,0.054270472029456,587.17063855675,8615.041518727858,31.86602771631192,8646.907546444178,2022
2022-11-14 06:30:00,2022-11-14 06:45:00,BTCUSDT,TP,0.01674862371900347,1846.2255211616914,8615.041518727858,30.921736554358244,8677.829282998535,2022
2022-11-14 06:30:00,2022-11-14 06:45:00,BNBUSDT,TP,0.015602779194084898,1975.5911403069194,8615.041518727858,30.824712339999262,8708.653995338535,2022
2022-11-17 05:00:00,2022-11-17 09:45:00,XRPUSDT,SL,-0.034253725937289245,1949.4818303878305,8708.653995338529,-66.77701633782975,8641.876979000705,2022
2022-11-18 00:00:00,2022-11-18 01:00:00,BTCUSDT,TP,0.006458454038474241,4495.698869450289,8641.876979000699,29.035264519165295,8670.91224351987,2022
2022-11-22 13:00:00,2022-11-22 13:15:00,BTCUSDT,TP,0.008465837057972901,3528.2656050292303,8670.912243519864,29.869721709427637,8700.781965229298,2022
2022-11-22 13:00:00,2022-11-22 13:45:00,BNBUSDT,TP,0.009502645945285748,3171.466281652913,8670.912243519864,30.137321201959523,8730.919286431257,2022
2022-11-22 13:45:00,2022-11-22 22:45:00,SOLUSDT,TP,0.02667884558921568,1193.668439950313,8730.91928643125,31.845695994154372,8762.764982425411,2022
2022-11-22 13:45:00,2022-11-23 02:45:00,DOGEUSDT,TP,0.02032377174813293,1553.6349029222993,8730.91928643125,31.575721146925474,8794.340703572338,2022
2022-11-23 02:15:00,2022-11-23 03:15:00,BTCUSDT,TP,0.007595191006525858,3937.6412904628205,8762.764982425404,29.90713771624809,8824.247841288585,2022
2022-11-23 02:15:00,2022-11-23 03:45:00,BNBUSDT,TP,0.01024577598359655,2988.4538147299827,8762.764982425404,30.61902832304795,8854.866869611633,2022
2022-11-23 02:15:00,2022-11-23 08:00:00,ETHUSDT,TP,0.01250548598171635,2479.0014284968956,8762.764982425404,31.001117612722737,8885.867987224356,2022
2022-11-23 02:15:00,2022-11-23 18:15:00,SOLUSDT,TIMEOUT,0.005306018168054375,1321.9083293698027,8762.764982425404,7.01406961213858,8892.882056836494,2022
2022-11-23 02:15:00,2022-11-23 08:00:00,XRPUSDT,TP,0.013057194067024044,2379.9454490594967,8762.764982425404,31.075409597300535,8923.957466433794,2022
2022-11-24 01:30:00,2022-11-24 08:00:00,BNBUSDT,SL,-0.026550526493230697,2594.1207446217786,8923.957466433787,-68.87527155671988,8855.082194877075,2022
2022-11-25 06:15:00,2022-11-25 08:00:00,XRPUSDT,TP,0.015144254035832,2089.217786247034,8855.082194877066,31.63964489110364,8886.721839768179,2022
2022-11-25 10:00:00,2022-11-25 10:30:00,DOGEUSDT,TP,0.013226865688739958,2384.3118794493503,8886.72183976817,31.536972989543695,8918.258812757722,2022
2022-11-27 04:15:00,2022-11-27 04:30:00,DOGEUSDT,TP,0.0129664517712469,2438.201300568649,8918.258812757713,31.614819572414856,8949.873632330138,2022
2022-11-27 04:30:00,2022-11-27 06:15:00,DOGEUSDT,TP,0.016543704188012504,1940.7077718203418,8949.873632330127,32.10649529237261,8981.98012762251,2022
2022-11-27 06:15:00,2022-11-27 10:00:00,DOGEUSDT,TP,0.024465524661029286,1335.7812669526027,8981.9801276225,32.68058952836984,9014.66071715088,2022
2022-11-27 10:30:00,2022-11-27 11:15:00,DOGEUSDT,TP,0.030280909005668023,1089.396952024221,9014.660717150871,32.98792997529753,9047.648647126178,2022
2022-11-27 10:30:00,2022-11-27 11:00:00,XRPUSDT,TP,0.006820175093076317,4465.547662197893,9014.660717150871,30.455816942667248,9078.104464068845,2022
2022-11-29 01:45:00,2022-11-29 02:00:00,DOGEUSDT,TP,0.022780804511930805,1446.7372640403105,9078.104464068836,32.95783879222793,9111.062302861073,2022
2022-11-30 00:15:00,2022-11-30 00:30:00,DOGEUSDT,TP,0.01962697201367231,1676.7203494613648,9111.062302861064,32.90894337363306,9143.971246234705,2022
2022-11-30 00:30:00,2022-11-30 16:30:00,XRPUSDT,TIMEOUT,-0.01697418879056046,2562.637657471153,9143.971246234698,-43.49869539971496,9100.472550834991,2022
2022-11-30 00:30:00,2022-11-30 16:30:00,ETHUSDT,TIMEOUT,-0.003678729025824652,2554.143693577595,9143.971246234698,-9.396002541690883,9091.0765482933,2022
2022-11-30 00:30:00,2022-11-30 02:15:00,SOLUSDT,TP,0.013662461095134347,2379.183676336604,9143.971246234698,32.505504416127565,9123.582052709427,2022
2022-11-30 00:30:00,2022-11-30 01:00:00,BNBUSDT,TP,0.008815420396634329,3584.776282853705,9143.971246234698,31.601309961239544,9155.183362670667,2022
2022-11-30 00:30:00,2022-11-30 02:00:00,BTCUSDT,TP,0.006845538278873498,4514.478225823037,9143.971246234698,30.904033504012517,9186.08739617468,2022
2022-11-30 00:30:00,2022-11-30 16:30:00,DOGEUSDT,TIMEOUT,-0.04277068710749906,1309.417095323067,9143.971246234698,-56.004668877273176,9130.082727297406,2022
2022-12-04 04:15:00,2022-12-04 20:15:00,DOGEUSDT,TIMEOUT,-0.0048687739463601516,2212.1780134854016,9130.082727297398,-10.770594676768479,9119.312132620638,2022
2022-12-04 17:45:00,2022-12-04 18:00:00,ETHUSDT,TP,0.0054336123833659215,5536.8622909588585,9130.082727297398,30.085163509145858,9149.397296129784,2022
2022-12-05 00:15:00,2022-12-05 15:00:00,SOLUSDT,SL,-0.02238445902845788,3171.8139857673505,9149.397296129775,-70.99934021029894,9078.397955919485,2022
2022-12-05 00:30:00,2022-12-05 02:45:00,BTCUSDT,TP,0.004778245046674503,6206.352933129372,9149.397296129775,29.655475160639195,9108.053431080125,2022
2022-12-05 00:30:00,2022-12-05 01:45:00,BNBUSDT,TP,0.004405767000262679,6654.7304908733,9149.397296129775,29.319191992331447,9137.372623072455,2022
2022-12-05 08:30:00,2022-12-05 08:45:00,DOGEUSDT,TP,0.015578277332594693,2114.8216776903014,9208.371963282747,32.9452786040427,9170.317901676499,2022
2022-12-06 23:00:00,2022-12-06 23:15:00,ETHUSDT,TP,0.00543876430965909,5556.633022462224,9170.31790167649,30.22121736444066,9200.53911904094,2022
2022-12-08 01:00:00,2022-12-08 11:45:00,XRPUSDT,SL,-0.0182876482590343,3934.6235238388,9200.53911904093,-71.95501103568604,9128.584108005252,2022
2022-12-08 02:30:00,2022-12-08 11:30:00,DOGEUSDT,SL,-0.023261514218202013,3065.2777384922733,9200.53911904093,-71.30300169667612,9057.281106308577,2022
2022-12-08 18:30:00,2022-12-08 18:45:00,ETHUSDT,TP,0.007166439034003903,4290.414415214503,9057.281106308566,30.74699333724624,9088.028099645822,2022
2022-12-08 18:30:00,2022-12-08 18:45:00,BTCUSDT,TP,0.005050431689152154,5855.564890485146,9057.281106308566,29.573130480792944,9117.601230126616,2022
2022-12-08 18:45:00,2022-12-09 10:45:00,ETHUSDT,TIMEOUT,-0.002614367280354124,3523.6442598811764,9117.601230126606,-9.212100260640971,9108.389129865975,2022
2022-12-12 20:45:00,2022-12-12 21:00:00,ETHUSDT,TP,0.004314658541904105,6744.079379565822,9108.389129865964,29.098399702323007,9137.487529568298,2022
2022-12-13 09:45:00,2022-12-13 10:00:00,ETHUSDT,TP,0.006131636710736072,4979.277412657277,9137.487529568287,30.53112017638828,9168.018649744687,2022
2022-12-13 09:45:00,2022-12-13 13:15:00,BTCUSDT,TP,0.004879089591594823,6087.232700478734,9137.487529568287,29.700153710521437,9197.718803455207,2022
2022-12-13 13:15:00,2022-12-13 13:30:00,BTCUSDT,TP,0.007046782190336996,4423.805189236184,9197.718803455196,31.173591621029924,9228.892395076238,2022
2022-12-13 13:30:00,2022-12-14 05:30:00,BTCUSDT,TIMEOUT,-0.006496255342020854,3187.2662238700373,9228.892395076226,-20.705295233258365,9208.187099842979,2022
2022-12-13 13:30:00,2022-12-14 05:30:00,XRPUSDT,TIMEOUT,-0.012901898734177282,3245.0359287273745,9228.892395076226,-41.867124941207514,9166.319974901771,2022
2022-12-13 13:30:00,2022-12-14 05:30:00,ETHUSDT,TIMEOUT,-0.012773748025365126,2498.4249213276967,9228.892395076226,-31.914250405332687,9134.405724496439,2022
2022-12-13 13:30:00,2022-12-13 13:45:00,SOLUSDT,TP,0.015562122456709113,2121.6335626086293,9228.892395076226,33.01712130957951,9167.422845806019,2022
2022-12-13 13:45:00,2022-12-14 05:45:00,SOLUSDT,TIMEOUT,-0.017795454545454562,1833.692079502499,9261.909516385806,-32.631384051146775,9134.791461754872,2022
2022-12-18 18:00:00,2022-12-18 23:00:00,DOGEUSDT,TP,0.006839298471741344,4513.654076082318,9134.791461754861,30.870227424518884,9165.661689179391,2022
2022-12-20 02:30:00,2022-12-20 14:45:00,BTCUSDT,TP,0.007588022747718331,4122.2280598632115,9165.66168917938,31.27956028952485,9196.941249468915,2022
2022-12-22 11:30:00,2022-12-22 12:15:00,DOGEUSDT,TP,0.01136285080033588,2847.2677699086425,9196.941249468904,32.35307885807698,9229.294328326992,2022
2022-12-22 20:15:00,2022-12-23 12:15:00,ETHUSDT,TIMEOUT,0.003525433082497015,3482.6910336480178,9229.294328326981,12.277994186138447,9241.572322513131,2022
2022-12-22 20:15:00,2022-12-23 03:00:00,BTCUSDT,TP,0.004678343556863136,6375.7670030792915,9229.294328326981,29.82802847891659,9271.400350992048,2022
2022-12-27 15:15:00,2022-12-28 05:30:00,BNBUSDT,SL,-0.015923881131182475,4582.5785790257905,9271.400350992037,-72.97243656670979,9198.427914425338,2022
2022-12-28 14:30:00,2022-12-28 21:15:00,DOGEUSDT,SL,-0.022142288818477393,3224.910150736293,9198.427914425327,-71.40689197124246,9127.021022454095,2022
2022-12-28 14:30:00,2022-12-28 15:30:00,ETHUSDT,SL,-0.010938602564418191,6771.115952556541,9198.427914425327,-74.0665463226079,9052.954476131488,2022
2022-12-28 14:30:00,2022-12-28 21:15:00,SOLUSDT,SL,-0.042316371494832895,1659.7120912217692,9198.427914425327,-70.23299342660637,8982.721482704881,2022
2022-12-31 07:30:00,2022-12-31 08:15:00,DOGEUSDT,TP,0.007130690409785783,4274.39777589983,8982.721482704868,30.479407228218598,9013.2008899331,2022
2023-01-02 07:00:00,2023-01-02 07:15:00,DOGEUSDT,TP,0.00640635083897943,4723.008150068495,9013.200889933087,30.257247224697988,9043.458137157797,2023
2023-01-02 07:00:00,2023-01-02 07:15:00,BNBUSDT,TP,0.004414259235491071,6544.888975550283,9013.200889933087,28.890836605586536,9072.348973763384,2023
2023-01-03 14:00:00,2023-01-03 15:00:00,SOLUSDT,TP,0.021367542411208102,1538.204743505876,9072.34897376337,32.86765509398329,9105.216628857368,2023
2023-01-04 02:30:00,2023-01-04 02:45:00,BNBUSDT,TP,0.0050681560547434865,5868.622642113075,9105.216628857353,29.743095376630098,9134.959724233997,2023
2023-01-04 03:00:00,2023-01-04 08:15:00,ETHUSDT,TP,0.006558187479146223,4687.359083716293,9134.959724233984,30.740579653090503,9165.700303887088,2023
2023-01-04 03:00:00,2023-01-04 19:00:00,BNBUSDT,TIMEOUT,-0.001136996904024636,3313.454385870879,9134.959724233984,-3.7673873783620406,9161.932916508726,2023
2023-01-06 13:30:00,2023-01-06 18:00:00,DOGEUSDT,TP,0.010087350485805821,3170.2627392098293,9161.932916508713,31.979551382500365,9193.912467891227,2023
2023-01-06 13:30:00,2023-01-06 15:30:00,ETHUSDT,TP,0.004260464161737108,6857.098928933707,9161.932916508713,29.21442424020797,9223.126892131435,2023
2023-01-06 22:45:00,2023-01-07 14:45:00,XRPUSDT,TIMEOUT,-0.0047962427745663495,4809.6969890520595,9223.126892131422,-23.068474431594467,9200.05841769984,2023
2023-01-07 00:45:00,2023-01-07 16:45:00,BNBUSDT,TIMEOUT,-0.00911183960471321,5043.896730113617,9223.126892131422,-45.95917798753271,9154.099239712308,2023
2023-01-08 01:45:00,2023-01-08 02:30:00,SOLUSDT,TP,0.012428305155413146,2604.8776184865137,9154.099239712294,32.37421393505626,9186.473453647364,2023
2023-01-08 08:45:00,2023-01-08 09:00:00,SOLUSDT,TP,0.011016779310052533,2927.6724363944686,9186.47345364735,32.253521123881676,9218.726974771245,2023
2023-01-08 15:45:00,2023-01-08 19:45:00,BNBUSDT,TP,0.00567334565960075,5381.965721200282,9218.72697477123,30.533751864491638,9249.260726635737,2023
2023-01-08 23:00:00,2023-01-08 23:45:00,ETHUSDT,TP,0.004919952635156526,6117.287031609596,9249.260726635723,30.096762451176478,9279.357489086913,2023
2023-01-08 23:45:00,2023-01-09 00:00:00,SOLUSDT,TP,0.023744857517967212,1420.6080014366878,9279.357489086899,33.73213458299831,9313.089623669912,2023
2023-01-11 04:30:00,2023-01-11 04:45:00,XRPUSDT,TP,0.007028745898577371,4489.680797408356,9313.089623669897,31.55682549070556,9344.646449160617,2023
2023-01-11 04:45:00,2023-01-11 06:45:00,XRPUSDT,SL,-0.024527961382229162,2947.4708635486077,9344.646449160602,-72.29545151636589,9272.350997644251,2023
2023-01-11 18:00:00,2023-01-11 22:00:00,ETHUSDT,TP,0.005184965616039871,5858.722440984843,9272.350997644236,30.377274410427592,9302.72827205468,2023
2023-01-11 23:30:00,2023-01-12 00:45:00,BTCUSDT,TP,0.006929597154278582,4542.586065308039,9302.728272054665,31.47829147122413,9334.206563525902,2023
2023-01-12 00:45:00,2023-01-12 13:30:00,BTCUSDT,SL,-0.02024417385117575,3591.152400758032,9334.20656352589,-72.69991352701277,9261.50664999889,2023
2023-01-12 00:45:00,2023-01-12 13:15:00,ETHUSDT,SL,-0.02616922192923983,2754.0791540088594,9334.20656352589,-72.07210859195092,9189.43454140694,2023
2023-01-12 03:00:00,2023-01-12 13:30:00,DOGEUSDT,SL,-0.038561216569130474,1851.4757148437864,9334.20656352589,-71.3951560125769,9118.039385394362,2023
2023-01-12 17:30:00,2023-01-12 18:00:00,BTCUSDT,TP,0.013093298435959069,2469.97836920216,9118.03938539435,32.34016391832738,9150.379549312689,2023
2023-01-13 21:15:00,2023-01-13 21:30:00,SOLUSDT,TP,0.022685795575188433,1464.16720524098,9150.379549312676,33.215797905991835,9183.595347218681,2023
2023-01-13 21:30:00,2023-01-14 00:00:00,BTCUSDT,TP,0.011309380124099901,2855.7423514038687,9183.595347218668,32.29667578851723,9215.892023007198,2023
2023-01-14 00:30:00,2023-01-14 16:30:00,BTCUSDT,TIMEOUT,-0.011546083958126509,1725.936932553713,9215.892023007185,-19.927812729696498,9195.964210277501,2023
2023-01-14 00:30:00,2023-01-14 16:30:00,ETHUSDT,TIMEOUT,-0.017620928705682458,1517.3505172736966,9215.892023007185,-26.73712528641021,9169.227084991093,2023
2023-01-15 22:30:00,2023-01-16 02:15:00,DOGEUSDT,TP,0.011433126212364336,2822.313498962234,9169.227084991078,32.26786644449482,9201.494951435587,2023
2023-01-16 03:15:00,2023-01-16 08:00:00,XRPUSDT,SL,-0.031342313915687016,2255.834989336304,9201.494951435574,-70.7030883777689,9130.791863057819,2023
2023-01-16 06:30:00,2023-01-16 07:00:00,SOLUSDT,TP,0.023877791901611142,1401.0840356997667,9201.494951435574,33.454793041108545,9164.246656098927,2023
2023-01-17 14:00:00,2023-01-17 14:15:00,ETHUSDT,TP,0.006637649160277366,4651.807931696712,9164.246656098912,30.877069011598273,9195.123725110525,2023
2023-01-18 01:00:00,2023-01-18 02:00:00,DOGEUSDT,TP,0.013191484587827552,2473.3172247144116,9195.12372511051,32.62672605062858,9227.750451161153,2023
2023-01-18 15:15:00,2023-01-18 15:45:00,DOGEUSDT,SL,-0.03619655031055427,1952.4644225562854,9227.750451161139,-70.67247670062588,9157.077974460528,2023
2023-01-20 16:30:00,2023-01-20 18:00:00,ETHUSDT,TP,0.006781672675187303,4559.285020093263,9157.077974460513,30.919578639157272,9187.997553099685,2023
2023-01-20 20:00:00,2023-01-20 20:30:00,BNBUSDT,TP,0.008392533999738291,3768.6478196427634,9187.99755309967,31.62850495939147,9219.626058059077,2023
2023-01-20 20:00:00,2023-01-20 21:00:00,DOGEUSDT,TP,0.012390517610524619,2622.0421329923774,9187.99755309967,32.48845922437959,9252.114517283455,2023
2023-01-20 20:00:00,2023-01-20 20:30:00,ETHUSDT,TP,0.010276272777542984,3124.8084932469324,9187.99755309967,32.11138445418856,9284.225901737644,2023
2023-01-20 20:00:00,2023-01-20 20:30:00,BTCUSDT,TP,0.009720692013798113,3290.612576391295,9187.99755309967,31.987031391830495,9316.212933129475,2023
2023-01-22 16:15:00,2023-01-22 16:45:00,DOGEUSDT,TP,0.017646115099635484,1899.0856661865346,9316.212933129462,33.51148424959552,9349.72441737907,2023
2023-01-23 01:00:00,2023-01-23 08:00:00,XRPUSDT,TP,0.010704357152146448,3060.97200388073,9349.724417379057,32.76573756226074,9382.490154941332,2023
2023-01-23 08:00:00,2023-01-23 14:45:00,XRPUSDT,SL,-0.03037548518005138,2375.275062480444,9382.490154941317,-72.15013245892034,9310.34002248241,2023
2023-01-25 12:00:00,2023-01-25 12:30:00,SOLUSDT,TP,0.015003330743155192,2216.2789351375027,9310.340022482396,33.251565882955745,9343.591588365367,2023
2023-01-25 20:00:00,2023-01-25 21:30:00,ETHUSDT,TP,0.007692133623940142,4150.428081001759,9343.591588365352,31.92564739561899,9375.517235760984,2023
2023-01-28 04:45:00,2023-01-28 05:00:00,DOGEUSDT,TP,0.011627519278668093,2840.487568029632,9375.517235760972,33.02782395808159,9408.545059719067,2023
2023-01-29 01:00:00,2023-01-29 13:00:00,ETHUSDT,TP,0.007579761561497009,4235.660734519974,9408.545059719054,32.10529842305668,9440.650358142124,2023
2023-01-29 01:15:00,2023-01-29 02:00:00,BTCUSDT,SL,-0.012166440411411936,6180.9185179433925,9408.545059719054,-75.19977683635086,9365.450581305773,2023
2023-01-29 10:15:00,2023-01-29 14:45:00,BNBUSDT,TP,0.0077391386096858075,4122.9206424873855,9333.345282882703,31.90785432894474,9397.358435634716,2023
2023-01-29 10:30:00,2023-01-29 16:30:00,DOGEUSDT,SL,-0.019324707312635594,3768.5702629619377,9333.345282882703,-72.82651731884161,9324.531918315875,2023
2023-01-29 17:15:00,2023-01-29 20:00:00,SOLUSDT,TP,0.02009920971320734,1677.1376553200498,9324.531918315864,33.70914145219453,9358.24105976807,2023
2023-01-30 17:15:00,2023-01-30 19:00:00,DOGEUSDT,SL,-0.03852982984399513,1857.785178972056,9358.24105976806,-71.58014683248936,9286.66091293558,2023
2023-01-31 02:00:00,2023-01-31 18:00:00,DOGEUSDT,TIMEOUT,0.010236689203465025,1238.1313004004169,9286.66091293557,12.674365315281058,9299.335278250863,2023
2023-01-31 13:30:00,2023-01-31 15:30:00,BTCUSDT,TP,0.004581110343298598,6532.406230774197,9286.66091293557,29.925673750427883,9329.26095200129,2023
2023-01-31 13:30:00,2023-01-31 16:30:00,ETHUSDT,TP,0.005387768398626943,5673.882779822483,9286.66091293557,30.56956633864117,9359.830518339932,2023
2023-02-01 18:15:00,2023-02-01 19:30:00,ETHUSDT,SL,-0.015554699256536247,4741.651800630589,9359.830518339919,-73.75496773802237,9286.075550601909,2023
2023-02-01 19:30:00,2023-02-01 20:00:00,ETHUSDT,TP,0.01318309971874408,2499.2847261338516,9286.075550601896,32.94831977015655,9319.023870372064,2023
2023-02-02 00:30:00,2023-02-02 16:30:00,ETHUSDT,TIMEOUT,-0.01156298029818324,2391.258179427741,9319.023870372052,-27.650071216592497,9291.373799155474,2023
2023-02-02 00:30:00,2023-02-02 14:45:00,BTCUSDT,SL,-0.02206609869293582,3278.8682410704346,9319.023870372052,-72.35183020859309,9219.02196894688,2023
2023-02-03 14:30:00,2023-02-04 06:30:00,SOLUSDT,TIMEOUT,-0.016054067660088562,2134.9260551773714,9219.021968946867,-34.27424733910349,9184.747721607777,2023
2023-02-04 13:00:00,2023-02-04 13:15:00,ETHUSDT,TP,0.00486192069228849,6137.435976840912,9184.747721607764,29.83972697339865,9214.587448581175,2023
2023-02-04 18:00:00,2023-02-04 18:30:00,XRPUSDT,SL,-0.014369365120661495,5074.348565596123,9214.587448581162,-72.91516728855562,9141.67228129262,2023
2023-02-06 15:45:00,2023-02-06 23:00:00,SOLUSDT,SL,-0.03132128407467593,2242.7105757879863,9141.672281292605,-70.24457504153554,9071.427706251083,2023
2023-02-06 15:45:00,2023-02-06 23:00:00,BTCUSDT,SL,-0.014484720764103346,4991.913799142376,9141.672281292605,-72.30647745905159,8999.121228792032,2023
2023-02-06 15:45:00,2023-02-06 23:00:00,ETHUSDT,SL,-0.0182166595415695,3925.337981571114,9141.672281292605,-71.5065455958726,8927.61468319616,2023
2023-02-07 17:45:00,2023-02-07 18:15:00,SOLUSDT,SL,-0.031412122503230895,2183.7076059204896,8927.614683196147,-68.59489082841148,8859.019792367748,2023
2023-02-07 17:45:00,2023-02-07 18:15:00,BTCUSDT,SL,-0.015303162951656575,4600.8630801697545,8927.614683196147,-70.40775743409834,8788.612034933649,2023
2023-02-07 17:45:00,2023-02-07 18:15:00,ETHUSDT,SL,-0.020143906485932506,3452.481849004416,8927.614683196147,-69.5464715107243,8719.065563422926,2023
2023-02-09 14:30:00,2023-02-09 16:30:00,XRPUSDT,SL,-0.021424527497751134,3162.9739413771363,8719.065563422912,-67.76522218170474,8651.30034124122,2023
2023-02-12 09:00:00,2023-02-12 09:15:00,DOGEUSDT,TP,0.00774801248154488,3817.6428135531396,8651.300341241207,29.579144169489837,8680.879485410711,2023
2023-02-12 09:15:00,2023-02-12 10:15:00,DOGEUSDT,SL,-0.023329598537870026,2883.4257629242093,8680.879485410696,-67.2691654627734,8613.610319947937,2023
2023-02-12 15:00:00,2023-02-12 15:15:00,SOLUSDT,TP,0.009196807102157353,3247.3776125404984,8613.610319947922,29.865505490399244,8643.475825438336,2023
2023-02-12 15:45:00,2023-02-12 16:00:00,BNBUSDT,TP,0.0060899108791327,4738.809455000399,8643.475825438321,28.858927254143833,8672.33475269248,2023
2023-02-12 16:00:00,2023-02-12 17:45:00,BNBUSDT,TP,0.007809431246465178,3799.4645188635805,8672.334752692464,29.67165693344903,8702.006409625928,2023
2023-02-12 18:00:00,2023-02-12 21:30:00,SOLUSDT,SL,-0.03610874881824682,1845.7963093568076,8702.006409625914,-66.64939530421196,8635.357014321717,2023
2023-02-13 04:15:00,2023-02-13 08:00:00,DOGEUSDT,SL,-0.03736477210482158,1768.8264567645426,8635.357014321702,-66.09179744998617,8569.26521687173,2023
2023-02-14 09:45:00,2023-02-14 13:15:00,SOLUSDT,TP,0.01255815058415911,2414.666437688138,8569.265216871716,30.32374473500269,8599.588961606732,2023
2023-02-14 14:45:00,2023-02-15 06:45:00,ETHUSDT,TIMEOUT,-0.0039916578764567934,2003.452509646116,8599.588961606718,-7.997096990236049,8591.591864616497,2023
2023-02-14 14:45:00,2023-02-15 06:45:00,BTCUSDT,TIMEOUT,-0.006580346840685542,3109.8210750309127,8599.588961606718,-20.46370128617698,8571.12816333032,2023
2023-02-15 03:15:00,2023-02-15 05:30:00,DOGEUSDT,TP,0.012762686381248615,2386.532011190306,8599.588961606718,30.458559597632387,8601.586722927952,2023
2023-02-15 11:30:00,2023-02-15 12:00:00,SOLUSDT,TP,0.009788124690752258,3060.881433608964,8601.58672292794,29.96028913577307,8631.547012063726,2023
2023-02-15 11:30:00,2023-02-15 12:00:00,ETHUSDT,TP,0.005237824215776655,5386.923371262621,8601.58672292794,28.21575768253257,8659.762769746258,2023
2023-02-15 12:00:00,2023-02-15 12:15:00,BTCUSDT,TP,0.0057705165297853986,4980.297226179633,8659.762769746245,28.738887466913944,8688.501657213172,2023
2023-02-16 01:00:00,2023-02-16 13:30:00,BNBUSDT,SL,-0.02967690433972992,2252.704322031413,8688.501657213159,-66.85329067062239,8621.64836654255,2023
2023-02-16 15:30:00,2023-02-16 16:00:00,ETHUSDT,TP,0.01012646347174483,2972.5821686916333,8621.648366542537,30.10174474801585,8651.750111290567,2023
2023-02-16 16:30:00,2023-02-16 20:15:00,DOGEUSDT,SL,-0.03902216906438478,1695.4389422119973,8651.750111290552,-66.15970504133826,8585.590406249228,2023
2023-02-17 14:30:00,2023-02-17 14:45:00,BTCUSDT,SL,-0.017434230729980217,3859.4484270204844,8585.590406249214,-67.28651436713434,8518.303891882093,2023
2023-02-18 16:30:00,2023-02-18 19:30:00,DOGEUSDT,SL,-0.021331585563182206,3104.0990011674207,8518.303891882078,-66.21535343999126,8452.088538442102,2023
2023-02-18 18:00:00,2023-02-18 18:30:00,ETHUSDT,SL,-0.012332502702971518,5515.844099283092,8518.303891882078,-68.02416226357823,8384.064376178523,2023
2023-02-19 12:45:00,2023-02-19 15:00:00,SOLUSDT,TP,0.011187148026675586,2633.815157557789,8384.064376178509,29.464880042500866,8413.529256221025,2023
2023-02-19 16:00:00,2023-02-19 16:45:00,BTCUSDT,SL,-0.015365577237348627,4317.412059539356,8413.529256221009,-66.33952846631239,8347.189727754712,2023
2023-02-22 09:15:00,2023-02-22 09:30:00,DOGEUSDT,TP,0.01244284431478032,2372.6469237578904,8347.189727754696,29.52247628626188,8376.712204040974,2023
2023-02-23 02:30:00,2023-02-23 11:15:00,BTCUSDT,SL,-0.01765921443515243,3715.4500447814935,8376.712204040958,-65.6119290638931,8311.100274977081,2023
2023-02-23 02:30:00,2023-02-23 11:15:00,ETHUSDT,SL,-0.017821549669628827,3680.1194236090064,8376.712204040958,-65.58543109801371,8245.514843879067,2023
2023-02-26 18:30:00,2023-02-26 19:15:00,ETHUSDT,TP,0.005015375698044158,5363.168383811598,8245.514843879051,26.89830437668745,8272.413148255755,2023
2023-02-26 18:30:00,2023-02-26 20:00:00,SOLUSDT,TP,0.009708372650093958,2956.5479926046187,8245.514843879051,28.703269670092872,8301.116417925849,2023
2023-02-26 18:30:00,2023-02-26 20:15:00,BTCUSDT,TP,0.004965325780971163,5410.134408697294,8245.514843879051,26.863079858023855,8327.979497783872,2023
2023-02-27 13:30:00,2023-02-27 15:00:00,BTCUSDT,TP,0.004964984327209768,5464.568462244026,8327.979497783856,27.131496770006372,8355.110994553877,2023
2023-03-01 04:45:00,2023-03-01 20:45:00,ETHUSDT,TIMEOUT,-0.010665671583312766,3701.100852293165,8355.110994553861,-39.474726187277874,8315.6362683666,2023
2023-03-01 04:45:00,2023-03-01 08:45:00,BTCUSDT,TP,0.007360313267672998,3863.188164933443,8355.110994553861,28.434275105876925,8344.070543472477,2023
2023-03-05 01:15:00,2023-03-05 02:30:00,BTCUSDT,SL,-0.011793597924586405,5666.679419459885,8344.07054347246,-66.8305386406386,8277.240004831838,2023
2023-03-07 00:30:00,2023-03-07 09:30:00,DOGEUSDT,SL,-0.016194066197611972,4019.6214676829973,8277.240004831821,-65.09401613700065,8212.145988694838,2023
2023-03-10 13:30:00,2023-03-10 22:45:00,SOLUSDT,TP,0.026414057413568448,1133.6873202978597,8212.145988694821,29.94528196738223,8242.09127066222,2023
2023-03-12 17:15:00,2023-03-12 18:30:00,BNBUSDT,TP,0.006755246364748838,4118.164915965122,8242.091270662204,27.819218578009597,8269.91048924023,2023
2023-03-12 17:15:00,2023-03-12 18:15:00,DOGEUSDT,TP,0.009641559869554518,2974.321723876909,8242.091270662204,28.67710097207582,8298.587590212304,2023
2023-03-12 17:15:00,2023-03-12 18:15:00,ETHUSDT,TP,0.01105375413705917,2618.475605819727,8242.091270662204,28.943985560618327,8327.531575772924,2023
2023-03-12 17:15:00,2023-03-12 17:45:00,BTCUSDT,TP,0.006486077720029624,4271.352998245173,8242.091270662204,27.70432751629975,8355.235903289224,2023
2023-03-12 22:15:00,2023-03-13 00:15:00,BTCUSDT,TP,0.01771435520115334,1696.8983913057168,8355.235903289207,30.059460843855163,8385.295364133079,2023
2023-03-12 22:15:00,2023-03-13 00:15:00,BNBUSDT,TP,0.01155357622152468,2546.5875996704335,8355.235903289207,29.42219393758193,8414.71755807066,2023
2023-03-12 22:15:00,2023-03-13 00:30:00,ETHUSDT,TP,0.018111829233508795,1661.1397680173893,8355.235903289207,30.08627981132137,8444.803837881982,2023
2023-03-12 22:15:00,2023-03-13 09:30:00,SOLUSDT,SL,-0.05776059533596089,1099.1688282746607,8355.235903289207,-63.48864589587496,8381.315191986107,2023
2023-03-12 22:15:00,2023-03-13 00:30:00,XRPUSDT,TP,0.014921154637865,1999.350740986835,8355.235903289207,29.832621581594537,8411.147813567703,2023
2023-03-13 04:00:00,2023-03-13 04:15:00,BNBUSDT,TP,0.013002333656208674,2310.872286656663,8474.63645946356,30.04673250799583,8441.194546075698,2023
2023-03-13 04:15:00,2023-03-13 15:00:00,BNBUSDT,TP,0.019153544447394668,1602.355904707613,8504.683191971555,30.690795041362563,8471.88534111706,2023
2023-03-14 12:30:00,2023-03-14 12:45:00,DOGEUSDT,TP,0.014448907848350094,2090.253480458969,8471.885341117042,30.201879918844696,8502.087221035905,2023
2023-03-14 12:30:00,2023-03-14 12:45:00,ETHUSDT,TP,0.012097397831097659,2472.8408388109083,8471.885341117042,29.914939400080797,8532.002160435986,2023
2023-03-14 12:30:00,2023-03-14 12:45:00,XRPUSDT,TP,0.010123176766930095,2921.8296281003795,8471.885341117042,29.578197808113764,8561.5803582441,2023
2023-03-14 12:30:00,2023-03-14 12:45:00,BNBUSDT,TP,0.010117995063093535,2923.2227144705366,8471.885341117042,29.577152993335773,8591.157511237436,2023
2023-03-14 12:30:00,2023-03-14 13:00:00,SOLUSDT,TP,0.024116219905592116,1277.61960401727,8471.885341117042,30.811355326176002,8621.968866563611,2023
2023-03-16 14:15:00,2023-03-16 21:30:00,BNBUSDT,TP,0.019654813314096613,1584.5468788129851,8621.968866563593,31.143973090503692,8653.112839654115,2023
2023-03-16 23:30:00,2023-03-17 06:30:00,DOGEUSDT,TP,0.014552153543788823,2120.5625114037553,8653.112839654097,30.858751265149884,8683.971590919266,2023
2023-03-17 01:15:00,2023-03-17 01:45:00,BTCUSDT,TP,0.009607937579343532,3132.783230265358,8653.112839654097,30.099585726003752,8714.07117664527,2023
2023-03-17 13:30:00,2023-03-17 14:30:00,XRPUSDT,SL,-0.02390851567047234,2822.095109841995,8714.071176645251,-67.4721051572207,8646.599071488048,2023
2023-03-19 05:45:00,2023-03-19 07:00:00,XRPUSDT,SL,-0.01863237705499903,3626.447023050065,8646.59907148803,-67.56932830344758,8579.029743184601,2023
2023-03-21 12:30:00,2023-03-21 12:45:00,ETHUSDT,TP,0.009172687159712584,3242.202542428429,8579.029743184583,29.739709630120743,8608.769452814722,2023
2023-03-21 12:45:00,2023-03-21 13:15:00,DOGEUSDT,TP,0.012203306522715892,2492.250561000877,8608.769452814704,30.413697527304343,8639.183150342025,2023
2023-03-21 13:15:00,2023-03-21 13:30:00,XRPUSDT,TP,0.018918442938563464,1647.1531028143877,8639.183150342009,31.161571986671753,8670.344722328697,2023
2023-03-21 17:00:00,2023-03-21 18:45:00,DOGEUSDT,SL,-0.039448261750180826,1680.3748405355984,8670.34472232868,-66.28786654786666,8604.056855780831,2023
2023-03-23 07:30:00,2023-03-23 07:45:00,XRPUSDT,TP,0.017794559394052726,1739.8748885630398,8604.056855780813,30.96030704275588,8635.017162823588,2023
2023-03-23 09:15:00,2023-03-23 09:45:00,DOGEUSDT,TP,0.012792047525387847,2391.1682705205358,8635.01716282357,30.587938157698158,8665.605100981285,2023
2023-03-23 14:45:00,2023-03-23 15:00:00,ETHUSDT,TP,0.009274287924294657,3241.728427405091,8665.605100981267,30.064722808125747,8695.66982378941,2023
2023-03-23 14:45:00,2023-03-23 15:15:00,BNBUSDT,TP,0.007095840447564156,4141.814933130427,8665.605100981267,29.38965792883211,8725.059481718243,2023
2023-03-23 14:45:00,2023-03-23 15:00:00,BTCUSDT,TP,0.009500671150038945,3170.135755311617,8665.605100981267,30.118417312195998,8755.17789903044,2023
2023-03-23 14:45:00,2023-03-23 15:00:00,SOLUSDT,TP,0.012977943528689745,2367.1439979897264,8665.605100981267,30.72066113018754,8785.898560160625,2023
2023-03-23 15:00:00,2023-03-23 15:15:00,ETHUSDT,TP,0.011029647174458918,2787.596937076987,8756.508902231777,30.746210680561525,8816.644770841187,2023
2023-03-26 08:30:00,2023-03-26 13:30:00,ETHUSDT,TP,0.005525870690196419,5268.180229127636,8816.64477084117,29.11128271880866,8845.756053559997,2023
2023-03-27 12:00:00,2023-03-27 12:15:00,DOGEUSDT,TP,0.008128627215795573,3736.11645073191,8845.756053559979,30.369497862800966,8876.125551422798,2023
2023-03-28 18:45:00,2023-03-29 05:00:00,SOLUSDT,TP,0.013427685195974527,2347.736626800427,8876.12555142278,31.524668347735265,8907.650219770532,2023
2023-03-28 18:45:00,2023-03-28 19:45:00,ETHUSDT,TP,0.009024467854587366,3405.3486402550025,8876.12555142278,30.731459337644065,8938.381679108177,2023
2023-03-28 18:45:00,2023-03-29 04:30:00,BTCUSDT,TP,0.008155288357597868,3737.7195977530127,8876.12555142278,30.482181119520533,8968.863860227697,2023
2023-03-28 18:45:00,2023-03-28 20:00:00,DOGEUSDT,TP,0.007981207130101718,3812.2415746020615,8876.12555142278,30.426289636884174,8999.29014986458,2023
2023-03-29 06:15:00,2023-03-29 08:00:00,BTCUSDT,TP,0.006589937415900801,4597.769183819435,8999.29014986456,30.299011174127383,9029.589161038708,2023
2023-03-29 06:15:00,2023-03-29 08:00:00,BNBUSDT,TP,0.005288275594053635,5588.903245030031,8999.29014986456,29.555660628219474,9059.144821666929,2023
2023-03-29 06:15:00,2023-03-29 08:15:00,ETHUSDT,TP,0.006515449392742195,4644.907181612759,8999.29014986456,30.26365767578271,9089.408479342712,2023
2023-03-30 02:15:00,2023-03-30 02:30:00,BTCUSDT,TP,0.00766655184723019,4049.791698099292,9089.40847934269,31.047938023960615,9120.456417366671,2023
2023-04-02 02:45:00,2023-04-02 13:30:00,XRPUSDT,TP,0.012435924869308787,2593.8045229373206,9120.456417366651,32.25635817292184,9152.712775539594,2023
2023-04-03 17:30:00,2023-04-03 17:45:00,DOGEUSDT,TP,0.028181112091182393,1186.3585748137964,9152.712775539572,33.43290397716299,9186.145679516756,2023
2023-04-04 11:00:00,2023-04-04 13:00:00,ETHUSDT,TP,0.008522546859441761,3715.0576665041317,9186.145679516736,31.661753048309826,9217.807432565067,2023
2023-04-05 00:30:00,2023-04-05 01:30:00,ETHUSDT,TP,0.009103988754820694,3507.897028521428,9217.807432565045,31.93585510072801,9249.743287665795,2023
2023-04-10 16:45:00,2023-04-10 17:00:00,BTCUSDT,TP,0.007150551843839577,4390.394242624143,9249.743287665773,31.39374164677873,9281.137029312573,2023
2023-04-10 16:45:00,2023-04-10 18:15:00,XRPUSDT,TP,0.005115625008898743,5913.527931997673,9249.743287665773,30.25139137974856,9311.388420692321,2023
2023-04-10 16:45:00,2023-04-10 18:45:00,SOLUSDT,TP,0.0067543039086777985,4622.219162610923,9249.743287665773,31.21987295678838,9342.60829364911,2023
2023-04-10 16:45:00,2023-04-10 17:00:00,ETHUSDT,TP,0.0055372849488924784,5516.934195078409,9249.743287665773,30.548836682437916,9373.157130331549,2023
2023-04-11 01:45:00,2023-04-11 04:15:00,SOLUSDT,TP,0.00850623437531989,3797.36919070059,9373.157130331525,32.301312345718024,9405.458442677265,2023
2023-04-11 03:15:00,2023-04-11 03:45:00,BNBUSDT,TP,0.006816221313021121,4645.560549260267,9373.157130331525,31.665168826797938,9437.123611504065,2023
2023-04-11 04:30:00,2023-04-11 04:45:00,SOLUSDT,TP,0.012574073835951712,2656.0355322897526,9437.123611504041,33.39718689392266,9470.520798397987,2023
2023-04-11 04:45:00,2023-04-11 14:00:00,SOLUSDT,TP,0.015219921659118195,2223.8338892360894,9470.520798397964,33.84657757706541,9504.367375975053,2023
2023-04-11 05:30:00,2023-04-11 05:45:00,XRPUSDT,TP,0.006970830525265238,4599.822891821874,9470.520798397964,32.06458582512574,9536.431961800177,2023
2023-04-12 07:15:00,2023-04-12 12:30:00,SOLUSDT,TP,0.019451500437169533,1770.2457284287311,9536.431961800155,34.433935560428964,9570.865897360607,2023
2023-04-12 12:30:00,2023-04-12 17:45:00,DOGEUSDT,TP,0.008522333057451904,3870.7353254807617,9570.865897360585,32.98769562099155,9603.853592981599,2023
2023-04-12 12:30:00,2023-04-12 13:15:00,ETHUSDT,TP,0.005131026147633174,6102.8035268210015,9570.865897360585,31.313644469986514,9635.167237451586,2023
2023-04-12 12:30:00,2023-04-12 15:00:00,BTCUSDT,SL,-0.012428859841284733,6146.275852755506,9570.865897360585,-76.39120111977098,9558.776036331814,2023
2023-04-13 08:30:00,2023-04-13 08:45:00,ETHUSDT,TP,0.006702599736791601,4809.78603470202,9558.776036331792,32.238070610217676,9591.014106942032,2023
2023-04-13 10:00:00,2023-04-13 10:15:00,DOGEUSDT,TP,0.011649245837792931,2900.684716759703,9591.01410694201,33.79078936346254,9624.804896305493,2023
2023-04-13 12:45:00,2023-04-14 04:45:00,SOLUSDT,TIMEOUT,0.0052428086296443695,2129.5615835188196,9624.804896305472,11.164883847431597,9635.969780152926,2023
2023-04-14 00:30:00,2023-04-14 06:30:00,BTCUSDT,TP,0.004808808740670744,6492.94121185946,9624.804896305472,31.223312452251065,9667.193092605177,2023
2023-04-14 00:30:00,2023-04-14 02:30:00,XRPUSDT,TP,0.005848886894537401,5469.561600006198,9624.804896305472,31.99084716114127,9699.183939766317,2023
2023-04-14 00:30:00,2023-04-14 15:30:00,ETHUSDT,SL,-0.025050007723491953,2970.6178509772935,9624.804896305472,-74.41400011052427,9624.769939655793,2023
2023-04-14 05:45:00,2023-04-14 06:00:00,XRPUSDT,TP,0.009120765388241395,3672.9524942024095,9667.960627314045,33.50013798177624,9658.27007763757,2023
2023-04-16 18:45:00,2023-04-16 19:00:00,ETHUSDT,TP,0.005044780896488354,6250.195380655208,9658.27007763755,31.530866255649148,9689.800943893219,2023
2023-04-16 20:30:00,2023-04-17 01:15:00,SOLUSDT,TP,0.012981406937085164,2646.251305935938,9689.800943893199,34.35206506014746,9724.153008953366,2023
2023-04-17 07:15:00,2023-04-17 07:30:00,DOGEUSDT,SL,-0.031162521610188475,2398.0631564176956,9724.153008953346,-74.72969493446323,9649.423314018903,2023
2023-04-18 11:30:00,2023-04-18 14:15:00,ETHUSDT,SL,-0.011431561898196885,6775.289563912833,9649.423314018883,-77.45214202807692,9571.971171990826,2023
2023-04-18 11:30:00,2023-04-18 18:00:00,BTCUSDT,SL,-0.011891739306892513,6495.455768774935,9649.423314018883,-77.24226668172263,9494.728905309104,2023
2023-04-18 11:30:00,2023-04-18 14:15:00,BNBUSDT,SL,-0.011534410156615707,6710.675299264843,9649.423314018883,-77.40368132959054,9417.325223979513,2023
2023-04-18 23:00:00,2023-04-19 00:15:00,XRPUSDT,SL,-0.018417269273745804,3997.784721875779,9417.325223979495,-73.6282777212532,9343.69694625826,2023
2023-04-19 14:00:00,2023-04-19 17:15:00,DOGEUSDT,SL,-0.03404921726056761,2104.4857165433014,9343.696946258242,-71.65609138434417,9272.040854873916,2023
2023-04-21 07:45:00,2023-04-21 19:00:00,BNBUSDT,SL,-0.027010369741148375,2648.108427147872,9272.040854873898,-71.5263877319149,9200.514467142,2023
2023-04-22 14:30:00,2023-04-23 06:30:00,XRPUSDT,TIMEOUT,-0.0060443667937314744,2712.890754738036,9200.514467141982,-16.397706792959703,9184.116760349041,2023
2023-04-24 00:45:00,2023-04-24 06:45:00,ETHUSDT,SL,-0.016567125142802192,4354.829027445805,9184.116760349023,-72.14699747320222,9111.969762875839,2023
2023-04-24 00:45:00,2023-04-24 02:45:00,XRPUSDT,SL,-0.03022230183550364,2337.139327870231,9184.116760349023,-70.63373019852023,9041.336032677318,2023
2023-04-24 00:45:00,2023-04-24 07:15:00,BNBUSDT,SL,-0.012491482796315055,5866.454595005294,9184.116760349023,-73.28071664887204,8968.055316028447,2023
2023-04-24 00:45:00,2023-04-24 08:30:00,SOLUSDT,SL,-0.027414145811550567,2583.2770413661406,9184.116760349023,-70.81833348364232,8897.236982544804,2023
2023-04-24 00:45:00,2023-04-24 01:15:00,BTCUSDT,TP,0.005983693261495544,5114.643110972268,9184.116760349023,30.604455518079366,8927.841438062884,2023
2023-04-24 00:45:00,2023-04-24 16:45:00,DOGEUSDT,SL,-0.022913247934262762,3107.88725131449,9184.116760349023,-71.21179114110332,8856.629646921781,2023
2023-04-24 13:30:00,2023-04-24 15:30:00,ETHUSDT,SL,-0.01608150304305246,4367.400286680587,8927.841438062864,-70.23436100048205,8786.395285921299,2023
2023-04-24 13:30:00,2023-04-24 14:30:00,BTCUSDT,SL,-0.014380527985765388,4912.415047707444,8927.841438062864,-70.64312207125191,8715.752163850048,2023
2023-04-26 08:15:00,2023-04-26 09:00:00,BTCUSDT,TP,0.005094706705211671,5592.0805376415565,8715.752163850026,28.490010211206126,8744.242174061252,2023
2023-04-26 12:15:00,2023-04-26 12:30:00,ETHUSDT,TP,0.007878612967119053,3800.252517720466,8744.242174061232,29.940718764439296,8774.182892825691,2023
2023-04-26 12:15:00,2023-04-26 19:15:00,BNBUSDT,SL,-0.014320712941520786,4832.599185323987,8744.242174061232,-69.20626569445203,8704.97662713124,2023
2023-04-26 12:15:00,2023-04-26 19:15:00,BTCUSDT,SL,-0.021760780964719856,3121.3412017183236,8744.242174061232,-67.9228222067479,8637.053804924491,2023
2023-04-27 00:15:00,2023-04-27 16:15:00,ETHUSDT,TIMEOUT,-0.017515127705952763,1691.5725443289862,8637.05380492447,-29.628109137805634,8607.425695786686,2023
2023-04-27 00:15:00,2023-04-27 16:15:00,BTCUSDT,TIMEOUT,-0.009800370964521283,1585.5911807307136,8637.05380492447,-15.539381769234303,8591.886314017453,2023
2023-04-29 11:30:00,2023-04-29 17:30:00,XRPUSDT,SL,-0.011342036409752754,6083.735446358306,8591.886314017429,-69.00194893989934,8522.884365077553,2023
2023-04-30 15:15:00,2023-04-30 19:00:00,BTCUSDT,SL,-0.011294035822609095,6062.349731496262,8522.884365077529,-68.46839503670341,8454.415970040849,2023
2023-04-30 16:00:00,2023-04-30 16:15:00,BNBUSDT,TP,0.005474346982057717,5134.806343729032,8522.884365077529,28.109711611243846,8482.525681652092,2023
2023-05-02 03:30:00,2023-05-02 19:30:00,XRPUSDT,TIMEOUT,0.00011244070720140464,4058.8092037344254,8482.525681652069,0.45637537726346883,8482.982057029356,2023
2023-05-02 14:15:00,2023-05-03 06:15:00,DOGEUSDT,TIMEOUT,-0.004182057963645689,4536.786901632682,8482.525681652069,-18.97310579133641,8464.00895123802,2023
2023-05-02 14:15:00,2023-05-02 15:30:00,BTCUSDT,TP,0.007073669539068441,4065.7994496509086,8482.525681652069,28.760121718956864,8492.769072956977,2023
2023-05-02 14:15:00,2023-05-03 06:15:00,SOLUSDT,TIMEOUT,-0.01561486486486479,2976.07866622605,8482.525681652069,-46.47106620032681,8446.29800675665,2023
2023-05-02 14:15:00,2023-05-02 14:30:00,ETHUSDT,TP,0.006200699578008188,4576.441687515848,8482.525681652069,28.377140040558597,8474.675146797208,2023
2023-05-05 01:30:00,2023-05-05 11:45:00,ETHUSDT,TP,0.004698200057482773,5833.124970666455,8474.675146797184,27.405188072489338,8502.080334869697,2023
2023-05-05 01:30:00,2023-05-05 05:15:00,SOLUSDT,SL,-0.0171060493144027,3886.027877466074,8474.675146797184,-66.47458450907831,8435.60575036062,2023
2023-05-05 01:30:00,2023-05-05 02:00:00,BTCUSDT,TP,0.0052276790785247265,5316.449977159424,8474.675146797184,27.792694317619578,8463.39844467824,2023
2023-05-05 01:30:00,2023-05-05 12:30:00,DOGEUSDT,SL,-0.011235645623858335,6061.626139296421,8474.675146797184,-68.10628320545112,8395.29216147279,2023
2023-05-05 16:00:00,2023-05-06 00:30:00,ETHUSDT,TP,0.011713579907403359,2525.9472671108133,8395.292161472764,29.58788515518965,8424.880046627979,2023
2023-05-05 22:00:00,2023-05-05 22:15:00,DOGEUSDT,TP,0.006992113542543453,4066.3761171319793,8395.292161472764,28.432563517673774,8453.312610145651,2023
2023-05-06 00:30:00,2023-05-06 02:15:00,SOLUSDT,SL,-0.021672569818585705,3030.2130725726306,8453.312610145627,-65.67250438052145,8387.640105765131,2023
2023-05-07 01:15:00,2023-05-07 11:15:00,BTCUSDT,SL,-0.013388932029503278,4977.263952871396,8387.640105765106,-66.64024875789192,8320.999857007238,2023
2023-05-10 12:30:00,2023-05-10 12:45:00,DOGEUSDT,TP,0.006789214944922104,4138.85924353358,8320.999857007213,28.09960503112718,8349.099462038366,2023
2023-05-10 12:30:00,2023-05-10 13:00:00,ETHUSDT,TP,0.004971424958707999,5453.842301345752,8320.999857007213,27.113367737767742,8376.212829776134,2023
2023-05-10 12:30:00,2023-05-10 17:15:00,SOLUSDT,SL,-0.020782496636485567,3115.3130865321095,8320.999857007213,-64.74398374245304,8311.46884603368,2023
2023-05-10 12:30:00,2023-05-10 12:45:00,BTCUSDT,TP,0.004634043230890598,5795.597866812697,8320.999857007213,26.85705106366737,8338.325897097347,2023
2023-05-10 12:30:00,2023-05-10 17:15:00,XRPUSDT,SL,-0.01889498288149928,3439.380424612308,8320.999857007213,-64.9870342460133,8273.338862851335,2023
2023-05-12 04:45:00,2023-05-12 05:00:00,XRPUSDT,TP,0.013123518921740105,2236.2762404191167,8273.33886285131,29.347813555378103,8302.686676406713,2023
2023-05-16 21:30:00,2023-05-16 21:45:00,XRPUSDT,TP,0.00769338008465537,3687.5131433569554,8302.686676406687,28.369440179007324,8331.05611658572,2023
2023-05-18 10:00:00,2023-05-18 10:15:00,XRPUSDT,TP,0.0093377550684799,3096.968574783606,8331.056116585694,28.91873400610859,8359.974850591829,2023
2023-05-19 14:45:00,2023-05-19 15:30:00,XRPUSDT,SL,-0.01947334845659028,3348.7499057557293,8359.974850591803,-65.21137380875518,8294.763476783073,2023
2023-05-22 09:45:00,2023-05-22 10:00:00,DOGEUSDT,TP,0.004789521223801625,5615.171741609488,8294.763476783048,26.893984231729778,8321.657461014804,2023
2023-05-22 13:30:00,2023-05-22 15:00:00,SOLUSDT,SL,-0.016528256943622473,3955.5973248894256,8321.657461014778,-65.37912895127813,8256.278332063524,2023
2023-05-23 03:15:00,2023-05-23 19:15:00,ETHUSDT,TIMEOUT,-0.00793594367164685,4498.06663098207,8256.2783320635,-35.69640341478802,8220.581928648737,2023
2023-05-25 12:00:00,2023-05-25 19:00:00,ETHUSDT,TP,0.004691739608244839,5664.949896853902,8220.581928648713,26.57846980979197,8247.160398458529,2023
2023-05-25 19:00:00,2023-05-26 11:00:00,DOGEUSDT,TIMEOUT,-0.002724333662388961,4870.3180848445245,8247.160398458505,-13.268371505083675,8233.892026953445,2023
2023-05-26 00:45:00,2023-05-26 01:00:00,XRPUSDT,TP,0.005017669754227863,5362.105115596984,8247.160398458505,26.90527265752149,8260.797299610967,2023
2023-05-26 01:00:00,2023-05-26 17:00:00,XRPUSDT,TIMEOUT,-0.00631745182012858,3881.683730529728,8274.065671116026,-24.522349948598524,8236.27494966237,2023
2023-05-26 06:45:00,2023-05-26 14:15:00,BNBUSDT,TP,0.00451127551920139,5897.380996955385,8274.065671116026,26.604710518968314,8262.879660181337,2023
2023-05-26 14:15:00,2023-05-26 14:30:00,BTCUSDT,TP,0.004468974775767754,5954.762932038829,8287.40201012991,26.61168533895836,8289.491345520295,2023
2023-05-27 03:45:00,2023-05-27 04:00:00,XRPUSDT,TP,0.005538089460553824,4943.567158308698,8289.49134552027,27.377917176969415,8316.869262697264,2023
2023-05-27 22:30:00,2023-05-28 00:30:00,SOLUSDT,TP,0.008279494534210277,3454.0427060397415,8316.869262697239,28.597727705584912,8345.466990402849,2023
2023-05-28 00:30:00,2023-05-28 16:30:00,SOLUSDT,TIMEOUT,-0.007042352371732769,2538.870671941879,8345.466990402823,-17.87962189807266,8327.587368504777,2023
2023-05-28 18:15:00,2023-05-28 21:45:00,BTCUSDT,TP,0.005041086462879038,5392.503260323944,8327.58736850475,27.184075186650112,8354.771443691427,2023
2023-05-28 22:00:00,2023-05-29 00:15:00,DOGEUSDT,TP,0.004376571275045949,6111.373710211834,8354.7714436914,26.746862631184097,8381.51830632261,2023
2023-05-28 22:00:00,2023-05-29 00:15:00,ETHUSDT,TP,0.00732552943995676,3879.6704472184156,8354.7714436914,28.420640078428715,8409.93894640104,2023
2023-06-01 16:45:00,2023-06-01 19:30:00,BTCUSDT,SL,-0.011956922955709826,5628.1766500297,8409.938946401011,-67.29567458553015,8342.643271815508,2023
2023-06-01 16:45:00,2023-06-01 23:15:00,SOLUSDT,SL,-0.01689767507220166,3906.1067191394527,8409.938946401011,-66.00412213736213,8276.639149678147,2023
2023-06-01 16:45:00,2023-06-01 23:30:00,ETHUSDT,SL,-0.011135799126498615,6073.1525162158905,8409.938946401011,-67.62940648516978,8209.009743192977,2023
2023-06-02 18:30:00,2023-06-02 19:45:00,XRPUSDT,TP,0.006156847607657757,4456.995185885268,8209.00974319295,27.441040147559853,8236.450783340537,2023
2023-06-02 18:45:00,2023-06-03 10:45:00,ETHUSDT,TIMEOUT,-0.0036567179226655675,6116.496985058748,8209.00974319295,-22.36630414919423,8214.084479191342,2023
2023-06-04 06:45:00,2023-06-04 13:15:00,SOLUSDT,TP,0.0070530031536277125,3947.5591884961696,8214.084479191315,27.842147405595536,8241.926626596938,2023
2023-06-04 14:45:00,2023-06-04 15:15:00,XRPUSDT,TP,0.004768803300448342,5600.349055243075,8241.92662659691,26.706963058305927,8268.633589655245,2023
2023-06-09 12:30:00,2023-06-09 12:45:00,DOGEUSDT,TP,0.006702623666963284,4160.598649125405,8268.633589655217,27.88692697436341,8296.520516629607,2023
2023-06-09 13:00:00,2023-06-09 15:45:00,XRPUSDT,SL,-0.01674738404658295,3889.629935340156,8296.52051662958,-65.1411263262272,8231.37939030338,2023
2023-06-10 17:30:00,2023-06-10 18:15:00,BTCUSDT,SL,-0.016611585694707477,3892.129489164143,8231.379390303353,-64.6544425441482,8166.724947759232,2023
2023-06-13 11:00:00,2023-06-13 12:30:00,XRPUSDT,SL,-0.03203398404708239,1957.884808278004,8166.724947759205,-62.718850714402535,8104.00609704483,2023
2023-06-13 11:45:00,2023-06-13 15:45:00,BNBUSDT,SL,-0.03343086050208777,1874.1990317017855,8166.724947759205,-62.65608638197036,8041.35001066286,2023
2023-06-15 09:30:00,2023-06-15 19:00:00,DOGEUSDT,TP,0.009318535131945091,2994.980118240905,8041.350010662832,27.908827451304937,8069.258838114164,2023
2023-06-15 18:45:00,2023-06-15 21:00:00,ETHUSDT,TP,0.006031586890085614,4446.608593052327,8041.350010662832,26.82010609519645,8096.078944209361,2023
2023-06-15 18:45:00,2023-06-15 20:45:00,BTCUSDT,TP,0.005102471788578047,5152.534455413788,8041.350010662832,26.290661698425208,8122.3696059077865,2023
2023-06-16 18:00:00,2023-06-17 05:30:00,ETHUSDT,TP,0.010499353408043286,2707.6121548795904,8122.369605907758,28.428176905994455,8150.797782813781,2023
2023-06-17 05:30:00,2023-06-17 14:15:00,DOGEUSDT,SL,-0.013155368932627516,4927.784389412372,8150.797782813753,-64.82682166316236,8085.970961150619,2023
2023-06-17 05:30:00,2023-06-17 11:15:00,ETHUSDT,SL,-0.013522325590509903,4786.2061562637,8150.797782813753,-64.72063798830067,8021.250323162318,2023
2023-06-17 05:30:00,2023-06-17 21:30:00,SOLUSDT,TIMEOUT,-0.015215408805031473,2152.836037272524,8150.797782813753,-32.75628039730543,7988.494042765013,2023
2023-06-17 05:30:00,2023-06-17 12:00:00,BTCUSDT,SL,-0.011636695659631251,5615.200909655424,8150.797782813753,-65.34238405334473,7923.151658711668,2023
2023-06-17 05:45:00,2023-06-17 14:15:00,BNBUSDT,SL,-0.021336837775386672,2969.4207550511023,8150.797782813753,-63.35804893739157,7859.793609774276,2023
2023-06-18 14:15:00,2023-06-18 20:00:00,DOGEUSDT,SL,-0.019157604494343845,3202.3967100890313,7859.793609774248,-61.35024960587357,7798.443360168402,2023
2023-06-19 18:00:00,2023-06-19 18:45:00,BTCUSDT,SL,-0.013160530725523006,4712.798065998747,7798.443360168374,-62.02292375076191,7736.42043641764,2023
2023-06-19 18:00:00,2023-06-19 18:45:00,ETHUSDT,SL,-0.015065460664145375,4085.6753808665712,7798.443360168374,-61.5525817369125,7674.867854680728,2023
2023-06-21 01:00:00,2023-06-21 10:30:00,BTCUSDT,TP,0.011074042160978076,2434.0876041558377,7674.8678546807,26.955188751935857,7701.823043432663,2023
2023-06-21 01:00:00,2023-06-21 07:15:00,DOGEUSDT,TP,0.008068518094093249,3263.6724388341436,7674.8678546807,26.33300012592673,7728.156043558591,2023
2023-06-21 16:15:00,2023-06-22 08:15:00,BTCUSDT,TIMEOUT,-0.019669712793733706,1927.585590070667,7728.156043558562,-37.915054942029734,7690.240988616561,2023
2023-06-22 02:00:00,2023-06-22 06:00:00,XRPUSDT,SL,-0.030104938908307476,1974.4946670723966,7728.156043558562,-59.44204132699341,7630.798947289568,2023
2023-06-29 09:15:00,2023-06-29 09:45:00,SOLUSDT,TP,0.013264663140190116,2041.8254628093594,7630.798947289538,27.084126955228932,7657.883074244796,2023
2023-06-29 11:00:00,2023-06-30 01:00:00,SOLUSDT,TP,0.019656032737294916,1407.28292942182,7657.883074244767,27.661599331351585,7685.544673576148,2023
2023-06-30 04:30:00,2023-06-30 05:45:00,BTCUSDT,SL,-0.01532616742765757,3954.5089844706777,7685.544673576119,-60.60746679017372,7624.937206785974,2023
2023-06-30 04:30:00,2023-06-30 12:45:00,ETHUSDT,TP,0.006884247507815076,3775.1975550186216,7685.544673576119,25.989394359646514,7650.92660114562,2023
2023-07-01 01:00:00,2023-07-01 01:15:00,DOGEUSDT,TP,0.017316812804011456,1588.0484878841323,7650.926601145591,27.499938388382972,7678.4265395340035,2023
2023-07-02 02:00:00,2023-07-02 02:15:00,XRPUSDT,TP,0.006887099110215733,3770.29276531662,7678.426539533974,25.96637994926491,7704.392919483269,2023
2023-07-02 17:30:00,2023-07-03 09:30:00,DOGEUSDT,TIMEOUT,-0.009947080291970884,2428.460529432657,7704.392919483239,-24.15609187214876,7680.236827611119,2023
2023-07-02 22:15:00,2023-07-02 22:30:00,ETHUSDT,SL,-0.013632153583075129,4485.503648399338,7704.392919483239,-61.1470746324236,7619.089752978696,2023
2023-07-04 02:45:00,2023-07-04 07:45:00,DOGEUSDT,SL,-0.019171468549348997,3101.9879329522596,7619.089752978666,-59.46966409705435,7559.620088881642,2023
2023-07-06 00:15:00,2023-07-06 08:30:00,SOLUSDT,TP,0.01259844075077987,2123.736836577684,7559.620088881612,26.75577270587262,7586.375861587514,2023
2023-07-06 08:45:00,2023-07-06 11:45:00,ETHUSDT,SL,-0.011395933003925982,5344.559179634476,7586.375861587485,-60.906238346632094,7525.469623240882,2023
2023-07-06 08:45:00,2023-07-06 11:45:00,BTCUSDT,SL,-0.012157854358736514,4987.6003999237755,7586.375861587485,-60.638519261849254,7464.831103979033,2023
2023-07-06 08:45:00,2023-07-06 12:00:00,SOLUSDT,SL,-0.030606847030881183,1905.687459330722,7586.375861587485,-58.32708455640402,7406.504019422629,2023
2023-07-06 18:45:00,2023-07-06 23:45:00,SOLUSDT,SL,-0.05641450122551627,997.9210973367393,7406.5040194226,-56.29722096867202,7350.206798453957,2023
2023-07-10 09:15:00,2023-07-10 14:45:00,BNBUSDT,TP,0.010397840836466077,2472.521441465058,7350.206798453928,25.708884413103352,7375.915682867061,2023
2023-07-10 19:45:00,2023-07-10 20:00:00,BTCUSDT,TP,0.004348697814903261,5424.8525437030585,7375.915682867031,23.591044402973885,7399.506727270034,2023
2023-07-12 12:30:00,2023-07-12 13:15:00,SOLUSDT,TP,0.01029943697069557,2511.272773522676,7399.506727270005,25.864695647120648,7425.3714229171555,2023
2023-07-13 15:15:00,2023-07-13 15:30:00,SOLUSDT,TP,0.01415723685168638,1867.8943061664122,7425.3714229171255,26.444222106314292,7451.815645023469,2023
2023-07-13 15:15:00,2023-07-13 15:30:00,BTCUSDT,TP,0.004616188207454661,5188.998551570912,7425.3714229171255,23.953393922260965,7475.769038945731,2023
2023-07-13 15:15:00,2023-07-13 15:30:00,DOGEUSDT,TP,0.005073492920959954,4781.519135314583,7425.3714229171255,24.259003484453096,7500.028042430184,2023
2023-07-13 15:30:00,2023-07-13 15:45:00,SOLUSDT,TP,0.01976416437484531,1371.009057215144,7500.0280424301545,27.0968483662018,7527.124890796385,2023
2023-07-13 15:30:00,2023-07-13 16:00:00,DOGEUSDT,TP,0.007187640413264969,3543.257655273986,7500.0280424301545,25.467661917657775,7552.5925527140425,2023
2023-07-13 15:30:00,2023-07-13 17:30:00,BNBUSDT,TP,0.00699534594928067,3631.2264608044957,7500.0280424301545,25.40168531350951,7577.9942380275525,2023
2023-07-13 15:30:00,2023-07-13 16:00:00,ETHUSDT,TP,0.006126421254871074,4090.078853035629,7500.0280424301545,25.05754601933618,7603.051784046889,2023
2023-07-15 07:00:00,2023-07-15 07:15:00,DOGEUSDT,TP,0.016437321408111914,1658.8648989085118,7603.05178404686,27.267295515994288,7630.319079562883,2023
2023-07-16 10:00:00,2023-07-16 14:15:00,XRPUSDT,TP,0.01638959077521829,1669.450392580699,7630.319079562854,27.36160875392518,7657.680688316808,2023
2023-07-17 05:30:00,2023-07-17 07:00:00,DOGEUSDT,SL,-0.027790314107352145,2123.9622045204064,7657.680688316779,-59.025576815766215,7598.6551115010425,2023
2023-07-17 16:00:00,2023-07-17 16:30:00,XRPUSDT,SL,-0.03666074402206876,1586.9878190559004,7598.655111501013,-58.18015420054954,7540.474957300492,2023
2023-07-19 15:45:00,2023-07-20 07:45:00,DOGEUSDT,TIMEOUT,-0.009304199971953435,1951.849061891055,7540.474957300464,-18.160393986904094,7522.314563313588,2023
2023-07-20 09:30:00,2023-07-20 10:30:00,DOGEUSDT,TP,0.012477413412121637,2132.5922713336695,7522.31456331356,26.609235408925674,7548.923798722513,2023
2023-07-21 13:00:00,2023-07-21 13:15:00,DOGEUSDT,TP,0.014453138595789006,1862.0144825260122,7548.923798722486,26.9119533833148,7575.835752105829,2023
2023-07-24 07:30:00,2023-07-24 07:45:00,DOGEUSDT,TP,0.013671426066734367,1969.9427739624377,7575.835752105801,26.931926989925078,7602.767679095754,2023
2023-07-25 13:30:00,2023-07-25 21:15:00,XRPUSDT,TP,0.010959091714876513,2434.8924315270615,7602.767679095726,26.684209472963747,7629.451888568718,2023
2023-07-25 13:30:00,2023-07-26 05:30:00,SOLUSDT,TIMEOUT,0.0026658838599486886,2123.2547993920425,7602.767679095726,5.660350700257837,7635.112239268976,2023
2023-07-26 18:00:00,2023-07-26 20:30:00,XRPUSDT,TP,0.012552035481842128,2152.427794704199,7635.112239268948,27.017350051230313,7662.129589320206,2023
2023-07-26 18:00:00,2023-07-26 19:00:00,DOGEUSDT,SL,-0.03415552712909866,1714.1876424586183,7635.112239268948,-58.54898252636101,7603.580606793845,2023
2023-07-27 05:00:00,2023-07-27 18:30:00,BNBUSDT,SL,-0.012335771733634432,4922.14553005562,7603.5806067938165,-60.718463698495185,7542.862143095349,2023
2023-07-28 15:15:00,2023-07-28 17:30:00,SOLUSDT,SL,-0.02117108399865169,2770.2479494697855,7542.862143095322,-58.64915203531743,7484.2129910600315,2023
2023-07-29 01:30:00,2023-07-29 17:00:00,DOGEUSDT,TP,0.00634193873483673,3957.422612608226,7484.212991060004,25.097731757018877,7509.31072281705,2023
2023-07-29 18:45:00,2023-07-30 10:45:00,DOGEUSDT,TIMEOUT,-0.017107151641864445,2176.915743412339,7509.310722817023,-37.240827734116955,7472.069895082934,2023
2023-07-30 10:00:00,2023-07-30 10:45:00,XRPUSDT,SL,-0.015429963715424813,3836.510192593348,7509.310722817023,-59.197213065572825,7412.872682017361,2023
2023-08-01 07:00:00,2023-08-01 07:30:00,BNBUSDT,TP,0.008267523692886612,3082.6947069175176,7412.872682017332,25.486251527376727,7438.358933544738,2023
2023-08-08 18:00:00,2023-08-09 00:00:00,BNBUSDT,SL,-0.010952129621872132,5468.239874347709,7438.3589335447095,-59.88887190734589,7378.470061637392,2023
2023-08-12 22:00:00,2023-08-13 01:15:00,SOLUSDT,SL,-0.015564433178352504,3735.4466955335874,7378.470061637364,-58.140110483930194,7320.3299511534615,2023
2023-08-14 20:00:00,2023-08-15 12:00:00,DOGEUSDT,TIMEOUT,-0.014982508645916489,2553.980636947882,7320.329951153433,-38.26503697457494,7282.064914178887,2023
2023-08-16 04:15:00,2023-08-16 06:00:00,XRPUSDT,SL,-0.016527545366582262,3461.5959319008157,7282.064914178858,-57.211683805267334,7224.853230373619,2023
2023-08-17 21:45:00,2023-08-17 22:45:00,ETHUSDT,TP,0.02712493511455593,971.9556118268165,7224.853230373591,26.364232905030907,7251.21746327865,2023
2023-08-17 21:45:00,2023-08-17 22:45:00,SOLUSDT,TP,0.03955372634983859,672.2256740910385,7224.853230373591,26.58903035833272,7277.806493636983,2023
2023-08-17 21:45:00,2023-08-17 22:45:00,DOGEUSDT,TP,0.04320541625715482,616.3790932019867,7224.853230373591,26.630915293999465,7304.437408930982,2023
2023-08-17 21:45:00,2023-08-18 06:45:00,XRPUSDT,TP,0.07358049675513782,364.49641528903487,7224.853230373591,26.8198273024342,7331.257236233416,2023
2023-08-17 21:45:00,2023-08-17 22:45:00,BTCUSDT,TP,0.02619445053226207,1005.5205832258771,7224.853230373591,26.33905917648154,7357.596295409898,2023
2023-08-19 15:00:00,2023-08-19 15:45:00,XRPUSDT,TP,0.008908702420369797,2856.5934539611303,7357.59629540987,25.44854101731604,7383.044836427214,2023
2023-08-20 10:00:00,2023-08-20 11:00:00,XRPUSDT,TP,0.012988920177382426,2015.1815265788043,7383.044836427186,26.17503199166775,7409.219868418882,2023
2023-08-23 07:45:00,2023-08-23 23:45:00,DOGEUSDT,TIMEOUT,-0.002783792240300455,2339.2194440251915,7409.219868418853,-6.511900936637272,7402.707967482244,2023
2023-08-23 16:15:00,2023-08-23 17:00:00,ETHUSDT,TP,0.007231613078754628,3481.072589264867,7409.219868418853,25.17377006462205,7427.881737546866,2023
2023-08-29 14:15:00,2023-08-29 14:30:00,ETHUSDT,TP,0.006866180859373903,3657.2866414428445,7427.881737546838,25.111591534718727,7452.993329081585,2023
2023-08-29 14:15:00,2023-08-29 14:30:00,SOLUSDT,TP,0.0131451322880942,2004.6269397281799,7427.881737546838,26.351086311004362,7479.34441539259,2023
2023-08-29 14:15:00,2023-08-29 14:30:00,BNBUSDT,TP,0.012927874570594636,2036.4681933612446,7427.881737546838,26.327205370779634,7505.671620763369,2023
2023-08-29 14:15:00,2023-08-29 14:30:00,XRPUSDT,TP,0.00952416259743621,2711.1266978343942,7427.881737546838,25.821211492425082,7531.492832255794,2023
2023-08-29 14:15:00,2023-08-29 14:30:00,DOGEUSDT,TP,0.007243203406014471,3484.7801439460213,7427.881737546838,25.24097140784142,7556.733803663636,2023
2023-08-29 14:15:00,2023-08-29 14:30:00,BTCUSDT,TP,0.007885243511280796,3225.6828055181304,7427.881737546838,25.43529441166187,7582.169098075297,2023
2023-08-29 14:30:00,2023-08-30 06:30:00,SOLUSDT,TIMEOUT,-0.0166808147473827,1574.8763329251442,7582.169098075269,-26.27022035956173,7555.898877715736,2023
2023-08-29 14:30:00,2023-08-30 03:15:00,XRPUSDT,SL,-0.028741199487434563,2031.5766839892688,7582.169098075269,-58.38995074855638,7497.508926967179,2023
2023-08-29 14:30:00,2023-08-30 06:30:00,ETHUSDT,TIMEOUT,-0.005740833752609697,2684.1933521351134,7582.169098075269,-15.409507794467824,7482.099419172711,2023
2023-08-29 14:30:00,2023-08-29 15:00:00,DOGEUSDT,TP,0.009669004502260426,2728.968406877436,7582.169098075269,26.38640781262439,7508.485826985336,2023
2023-08-29 14:30:00,2023-08-29 16:00:00,BTCUSDT,TP,0.010815481571144973,2458.447920467132,7582.169098075269,26.58929817743195,7535.075125162768,2023
2023-09-02 14:30:00,2023-09-02 14:45:00,DOGEUSDT,TP,0.007847663151713468,3286.536262324854,7535.07512516274,25.791629522616862,7560.866754685385,2023
2023-09-04 00:30:00,2023-09-04 03:00:00,SOLUSDT,TP,0.007056455099545804,3632.0263126499012,7560.866754685357,25.62923059558294,7586.495985280968,2023
2023-09-04 13:15:00,2023-09-04 22:00:00,BNBUSDT,SL,-0.011630124106530002,5229.602101271776,7586.49598528094,-60.82092146556083,7525.675063815406,2023
2023-09-06 17:45:00,2023-09-07 09:45:00,ETHUSDT,TIMEOUT,-0.009345396755009987,3108.199225181521,7525.675063815379,-29.047354952935944,7496.62770886247,2023
2023-09-06 17:45:00,2023-09-07 09:45:00,BNBUSDT,TIMEOUT,-0.004908964879852151,3337.405771868433,7525.675063815379,-16.383207723917998,7480.244501138553,2023
2023-09-07 21:00:00,2023-09-08 09:45:00,ETHUSDT,SL,-0.010804144415713722,5579.970949179633,7480.244501138525,-60.286811970423926,7419.957689168128,2023
2023-09-07 21:00:00,2023-09-07 21:15:00,BTCUSDT,TP,0.005153299113930772,4751.735654572217,7480.244501138525,24.48711513834026,7444.444804306469,2023
2023-09-12 03:15:00,2023-09-12 10:15:00,BTCUSDT,TP,0.006635378241117841,3779.9916408782155,7444.444804306442,25.081674285490635,7469.52647859196,2023
2023-09-12 03:15:00,2023-09-12 10:15:00,ETHUSDT,TP,0.006712449110409816,3740.9525483003176,7444.444804306442,25.110953604923804,7494.637432196883,2023
2023-09-12 03:15:00,2023-09-12 06:30:00,XRPUSDT,SL,-0.01977540315523225,2934.672951565998,7444.444804306442,-58.03434074597298,7436.60309145091,2023
2023-09-12 03:15:00,2023-09-12 07:15:00,DOGEUSDT,SL,-0.017380084056769194,3357.369442132899,7444.444804306442,-58.35136311389808,7378.2517283370125,2023
2023-09-12 03:15:00,2023-09-12 10:15:00,SOLUSDT,TP,0.015830597421010992,1683.6949421842312,7444.444804306442,26.65389680951094,7404.905625146524,2023
2023-09-12 03:15:00,2023-09-12 10:15:00,BNBUSDT,TP,0.0077468173444419355,3285.5440907424595,7444.444804306442,25.452509948092395,7430.358135094616,2023
2023-09-12 10:15:00,2023-09-12 16:30:00,BTCUSDT,TP,0.006817200904972139,3682.186234581954,7430.358135094588,25.10220333066805,7455.460338425284,2023
2023-09-12 10:15:00,2023-09-12 17:15:00,ETHUSDT,SL,-0.017311439567744894,3364.905918066723,7430.358135094588,-58.25136545175923,7397.208972973525,2023
2023-09-12 10:15:00,2023-09-13 02:15:00,XRPUSDT,TIMEOUT,-0.0030312111157195978,2606.485353700098,7430.358135094588,-7.900807377096065,7389.308165596429,2023
2023-09-12 10:15:00,2023-09-13 02:15:00,BNBUSDT,TIMEOUT,-0.011991217798594874,3326.2747841004757,7430.358135094588,-39.88608539412295,7349.4220802023065,2023
2023-09-14 00:45:00,2023-09-14 01:15:00,BTCUSDT,SL,-0.01079648311409638,5486.563305339805,7349.422080202277,-59.23558808052203,7290.186492121784,2023
2023-09-14 00:45:00,2023-09-14 02:00:00,DOGEUSDT,SL,-0.011028500733841764,5362.714565951578,7349.422080202277,-59.1427015259809,7231.043790595802,2023
2023-09-14 00:45:00,2023-09-14 04:30:00,ETHUSDT,SL,-0.011853991662128064,4964.040615188406,7349.422080202277,-58.84369606290843,7172.200094532895,2023
2023-09-15 22:30:00,2023-09-16 14:30:00,ETHUSDT,TIMEOUT,-0.007688416244271003,5220.338410724983,7172.200094532866,-40.13613463760983,7132.063959895285,2023
2023-09-15 22:30:00,2023-09-15 23:00:00,SOLUSDT,TP,0.008381081496805881,2945.51640612415,7172.200094532866,24.68661304990527,7156.75057294519,2023
2023-09-18 02:15:00,2023-09-18 09:30:00,DOGEUSDT,TP,0.005689221617297884,4167.866280056103,7156.750572945162,23.7119149385021,7180.462487883692,2023
2023-09-18 02:15:00,2023-09-18 09:30:00,ETHUSDT,TP,0.004495742420544282,5116.113696973999,7156.750572945162,23.000729375813645,7203.463217259506,2023
2023-09-18 02:15:00,2023-09-18 02:30:00,SOLUSDT,TP,0.009208391885730603,2694.99483013921,7156.750572945162,24.81656852593983,7228.279785785446,2023
2023-09-18 09:00:00,2023-09-18 12:00:00,BNBUSDT,TP,0.005407945403602643,4373.354262732047,7181.567141471102,23.6508610834678,7251.930646868914,2023
2023-09-22 17:00:00,2023-09-22 19:00:00,XRPUSDT,TP,0.005324341001508956,4476.986049845182,7251.930646868886,23.83700038837432,7275.7676472572875,2023
2023-09-28 10:30:00,2023-09-28 14:30:00,ETHUSDT,TP,0.004450761917726141,5246.179138525924,7275.76764725726,23.349494323320513,7299.1171415806075,2023
2023-09-29 07:30:00,2023-09-29 14:00:00,ETHUSDT,SL,-0.01122602472965288,5225.5869926405085,7299.117141580581,-58.66256880633477,7240.454572774273,2023
2023-09-29 12:00:00,2023-09-29 12:15:00,XRPUSDT,TP,0.011412135696334424,2250.5660160638536,7299.117141580581,25.683764768879456,7266.138337543152,2023
2023-09-29 12:15:00,2023-09-29 14:00:00,DOGEUSDT,SL,-0.011682996165342513,5024.789725232657,7324.800906349461,-58.70459909154559,7207.4337384516075,2023
2023-09-30 13:15:00,2023-09-30 14:45:00,SOLUSDT,TP,0.008816138723564048,2825.369493400342,7207.43373845158,24.908849399143293,7232.3425878507505,2023
2023-10-01 10:00:00,2023-10-01 22:15:00,SOLUSDT,TP,0.02192523838725222,1196.0749537119518,7232.342587850723,26.224228489156207,7258.566816339907,2023
2023-10-01 22:15:00,2023-10-01 22:30:00,BTCUSDT,TP,0.0058668650668162094,4113.673965906,7258.56681633988,24.13437008684521,7282.7011864267515,2023
2023-10-01 22:15:00,2023-10-02 01:45:00,BNBUSDT,TP,0.006042426194176814,4007.349477659413,7258.56681633988,24.214113453030013,7306.915299879782,2023
2023-10-01 22:15:00,2023-10-02 08:30:00,ETHUSDT,TP,0.008224977204817406,3032.8350635435872,7258.56681633988,24.944999263616953,7331.860299143399,2023
2023-10-01 22:15:00,2023-10-01 22:30:00,SOLUSDT,TP,0.01715043335159115,1520.612659293802,7258.56681633988,26.079166066804135,7357.939465210204,2023
2023-10-01 22:15:00,2023-10-01 22:30:00,DOGEUSDT,TP,0.006103183426508084,3971.822125173085,7258.56681633988,24.24075896739449,7382.180224177598,2023
2023-10-01 22:15:00,2023-10-02 14:15:00,XRPUSDT,TIMEOUT,-0.006855705018126275,4919.87714119356,7258.56681633988,-33.729226405445445,7348.450997772152,2023
2023-10-03 22:45:00,2023-10-03 23:00:00,XRPUSDT,TP,0.010178471957409927,2521.550254146998,7348.450997772125,25.665528551035095,7374.116526323187,2023
2023-10-03 23:00:00,2023-10-04 00:00:00,XRPUSDT,SL,-0.03110728217972792,1821.832192354687,7374.1165263231605,-56.6722480916896,7317.444278231498,2023
2023-10-07 04:00:00,2023-10-07 06:00:00,SOLUSDT,SL,-0.02604239161586751,2169.8553826086504,7317.444278231471,-56.50822362369251,7260.936054607805,2023
2023-10-10 14:00:00,2023-10-10 14:45:00,SOLUSDT,SL,-0.019557515906537346,2895.4924552598422,7260.936054607779,-56.62863975100324,7204.307414856801,2023
2023-10-10 14:00:00,2023-10-10 14:45:00,ETHUSDT,SL,-0.011880416149911123,4892.6311178394835,7260.936054607779,-58.126493747937914,7146.180921108864,2023
2023-10-13 20:45:00,2023-10-13 21:00:00,ETHUSDT,TP,0.004368502461504402,5235.550564975506,7146.1809211088375,22.87151553042626,7169.05243663929,2023
2023-10-13 20:45:00,2023-10-13 21:00:00,SOLUSDT,TP,0.007326238109037272,3318.151110994507,7146.1809211088375,24.309565120912318,7193.3620017602025,2023
2023-10-16 05:15:00,2023-10-16 05:30:00,BTCUSDT,TP,0.0050892595202913175,4619.610999110899,7193.362001760176,23.510399257267625,7216.87240101747,2023
2023-10-16 05:15:00,2023-10-16 05:30:00,XRPUSDT,TP,0.004966428709197141,4718.874122089623,7193.362001760176,23.435951915033357,7240.308352932503,2023
2023-10-16 05:15:00,2023-10-16 07:30:00,SOLUSDT,TP,0.007648076750052847,3212.0577495830853,7193.362001760176,24.566064194413464,7264.874417126917,2023
2023-10-16 05:15:00,2023-10-16 05:30:00,BNBUSDT,TP,0.004353671715139978,5285.431550500998,7193.362001760176,23.011033843724636,7287.885450970642,2023
2023-10-16 13:15:00,2023-10-16 13:30:00,XRPUSDT,SL,-0.017407915135946878,3281.2714217956436,7287.885450970614,-57.12009444862632,7230.765356522015,2023
2023-10-16 13:15:00,2023-10-16 13:30:00,BTCUSDT,SL,-0.02364087961365355,2387.8130419102627,7287.885450970614,-56.4500006637124,7174.3153558583035,2023
2023-10-16 13:15:00,2023-10-16 13:30:00,ETHUSDT,SL,-0.015438949324416746,3721.1062326576593,7287.885450970614,-57.44997055677291,7116.865385301531,2023
2023-10-16 13:15:00,2023-10-16 13:30:00,SOLUSDT,SL,-0.03767105884392494,1480.432647214646,7287.885450970614,-55.7694653676905,7061.09591993384,2023
2023-10-16 13:15:00,2023-10-16 13:30:00,DOGEUSDT,SL,-0.01687880659412433,3388.9141495559725,7287.885450970614,-57.200826494446595,7003.895093439394,2023
2023-10-16 13:15:00,2023-10-16 13:30:00,BNBUSDT,SL,-0.014004579583408922,4123.79287764793,7287.885450970614,-57.75198554051533,6946.143107898879,2023
2023-10-18 04:45:00,2023-10-18 09:45:00,BTCUSDT,SL,-0.01251273990073566,4428.906338903487,6946.143107898849,-55.41775306341876,6890.72535483546,2023
2023-10-19 20:45:00,2023-10-19 21:00:00,XRPUSDT,TP,0.009732051169392237,2465.1873629549536,6890.72535483543,23.99132955841672,6914.716684393876,2023
2023-10-20 03:15:00,2023-10-20 08:15:00,BTCUSDT,TP,0.006395717874470207,3628.7729269467623,6914.716684393847,23.208607871266977,6937.925292265143,2023
2023-10-20 15:15:00,2023-10-20 23:45:00,XRPUSDT,SL,-0.02359085325676413,2278.1302916772015,6937.925292265114,-53.743037410746126,6884.182254854397,2023
2023-10-21 06:15:00,2023-10-21 06:30:00,SOLUSDT,TP,0.010252044021141658,2346.444297631971,6884.182254854368,24.055850232479784,6908.238105086877,2023
2023-10-21 06:30:00,2023-10-21 10:00:00,SOLUSDT,TP,0.014989955202195322,1645.868273529927,6908.238105086848,24.67149168892816,6932.909596775805,2023
2023-10-21 14:30:00,2023-10-21 14:45:00,XRPUSDT,TP,0.006168785813101845,3757.6551276781765,6932.909596775776,23.18016964215054,6956.089766417956,2023
2023-10-22 22:30:00,2023-10-22 22:45:00,ETHUSDT,TP,0.005032463619503285,4511.111239175968,6956.0897664179265,22.70200319468544,6978.791769612641,2023
2023-10-22 22:30:00,2023-10-23 00:45:00,BNBUSDT,TP,0.004289933608859181,5175.730207678687,6956.0897664179265,22.20353896830851,7000.995308580949,2023
2023-10-23 01:15:00,2023-10-23 01:30:00,BTCUSDT,TP,0.005667816694669719,4090.757598138236,7000.995308580921,23.1856642085749,7024.180972789524,2023
2023-10-23 03:15:00,2023-10-23 07:45:00,BNBUSDT,SL,-0.015992567733794025,3456.1996519209883,7024.180972789496,-55.27350703486174,6968.907465754663,2023
2023-10-23 22:30:00,2023-10-23 22:45:00,SOLUSDT,TP,0.02276177408822513,1111.5028112518187,6968.907465754634,25.299775888141035,6994.207241642804,2023
2023-10-23 22:30:00,2023-10-24 02:15:00,BTCUSDT,TP,0.022003133676118107,1148.5628031979504,6968.907465754634,25.271980894181436,7019.479222536986,2023
2023-10-24 12:15:00,2023-10-24 12:45:00,XRPUSDT,TP,0.016540160251067932,1522.4293298778305,7019.4792225369565,25.18122508710528,7044.66044762409,2023
2023-10-24 12:30:00,2023-10-24 13:00:00,DOGEUSDT,SL,-0.031413241152648916,1716.912243782138,7019.4792225369565,-53.93377835186384,6990.726669272226,2023
2023-10-25 12:00:00,2023-10-25 21:45:00,SOLUSDT,SL,-0.04758496043626178,1119.4724951437636,6990.726669272198,-53.27005439089925,6937.456614881327,2023
2023-10-29 10:00:00,2023-10-29 17:30:00,XRPUSDT,TP,0.0050002001255770485,4524.27076234917,6937.456614881298,22.622259234042886,6960.07887411537,2023
2023-10-30 08:30:00,2023-10-30 09:00:00,SOLUSDT,TP,0.015595700380471766,1596.768273638165,6960.078874115341,24.902719572703976,6984.981593688074,2023
2023-10-30 08:30:00,2023-10-30 14:00:00,ETHUSDT,TP,0.006445536037211968,3627.28998130977,6960.078874115341,23.379828291950048,7008.361421980024,2023
2023-10-30 13:30:00,2023-10-30 14:30:00,XRPUSDT,TP,0.011330476471293725,2168.265551327644,6984.981593688045,24.56748181283459,7032.928903792859,2023
2023-10-31 00:30:00,2023-10-31 01:30:00,SOLUSDT,TP,0.012806230041919263,1945.4880381691473,7032.928903792829,24.914367360596305,7057.843271153455,2023
2023-10-31 10:45:00,2023-10-31 11:00:00,XRPUSDT,TP,0.012382209333019444,2015.4196141450038,7057.843271153425,24.95534755621671,7082.798618709672,2023
2023-11-01 07:30:00,2023-11-01 21:00:00,XRPUSDT,TP,0.012329190355377507,2030.7445719865145,7082.798618709642,25.037436391171358,7107.836055100843,2023
2023-11-01 07:30:00,2023-11-01 10:15:00,SOLUSDT,TP,0.015529607452800371,1631.519365388147,7082.798618709642,25.3368552961199,7133.172910396963,2023
2023-11-01 12:45:00,2023-11-01 13:15:00,ETHUSDT,TP,0.005105400305932521,4552.294742430308,7108.135474005762,23.241286970698702,7156.4141973676615,2023
2023-11-01 19:15:00,2023-11-02 02:45:00,ETHUSDT,TP,0.011129131986247284,2251.2303832150587,7131.376760976461,25.05424006625044,7181.468437433912,2023
2023-11-05 00:30:00,2023-11-05 00:45:00,XRPUSDT,TP,0.005434762111319228,4354.331849092307,7181.468437433883,23.664757753557463,7205.133195187469,2023
2023-11-05 03:45:00,2023-11-05 17:00:00,ETHUSDT,TP,0.006563023524747828,3694.675586714287,7205.133195187441,24.24824279191735,7229.381437979387,2023
2023-11-05 11:00:00,2023-11-05 13:45:00,XRPUSDT,SL,-0.02698393162356722,2059.8703899708407,7205.133195187441,-55.583401756383914,7173.798036223003,2023
2023-11-06 13:00:00,2023-11-06 14:45:00,BNBUSDT,TP,0.008944064901701063,2775.073502047186,7173.798036222975,24.820437509300888,7198.618473732304,2023
2023-11-07 18:00:00,2023-11-07 18:45:00,BTCUSDT,TP,0.0056636233486223745,4208.981071876399,7198.618473732276,23.838083472588803,7222.456557204892,2023
2023-11-09 14:00:00,2023-11-09 14:45:00,BTCUSDT,TP,0.008088573548044938,3064.3193658222053,7222.456557204864,24.78597256515133,7247.242529770045,2023
2023-11-09 14:45:00,2023-11-09 15:00:00,ETHUSDT,TP,0.01010835826752653,2502.8792398492465,7247.242529770016,25.300000056750648,7272.542529826795,2023
2023-11-09 15:00:00,2023-11-09 21:15:00,ETHUSDT,TP,0.013138386746169952,1963.6574776671691,7272.542529826766,25.799291378599854,7298.341821205395,2023
2023-11-10 06:45:00,2023-11-10 11:45:00,SOLUSDT,TP,0.02317917249821077,1143.7412568932982,7298.341821205367,26.510975886850158,7324.852797092245,2023
2023-11-13 20:45:00,2023-11-13 21:00:00,XRPUSDT,SL,-0.043510442251869175,1284.7480775480117,7324.852797092217,-55.8999570363527,7268.952840055892,2023
2023-11-15 18:00:00,2023-11-15 18:15:00,BTCUSDT,TP,0.00839350956252701,2981.1937050871393,7268.952840055864,25.02267787139423,7293.975517927287,2023
2023-11-16 07:45:00,2023-11-16 08:15:00,DOGEUSDT,SL,-0.028581221910413523,1965.5916136396988,7293.975517927258,-56.17901009468403,7237.796507832602,2023
2023-11-16 11:00:00,2023-11-16 11:30:00,ETHUSDT,TP,0.006384726092098908,3804.1736366627097,7237.796507832574,24.288606676875194,7262.0851145094775,2023
2023-11-19 23:00:00,2023-11-20 14:00:00,BTCUSDT,SL,-0.012096386783034293,4800.26279733925,7262.085114509449,-58.065835456825724,7204.019279052652,2023
2023-11-19 23:00:00,2023-11-20 09:45:00,BNBUSDT,TP,0.004941939399988654,4784.453464045063,7262.085114509449,23.6444790813765,7227.663758134028,2023
2023-11-19 23:00:00,2023-11-19 23:30:00,ETHUSDT,TP,0.005482417295367555,4369.543611858614,7262.085114509449,23.95566147051648,7251.619419604545,2023
2023-11-20 17:30:00,2023-11-20 17:45:00,BNBUSDT,TP,0.026395012252043742,1001.7889316469013,7251.619419604516,26.442231124781774,7278.061650729327,2023
2023-11-21 15:45:00,2023-11-21 17:30:00,BNBUSDT,SL,-0.05399366396887719,1025.2010908260718,7278.061650729298,-55.35436319858926,7222.707287530737,2023
2023-11-22 18:15:00,2023-11-22 19:00:00,BTCUSDT,TP,0.006762726973013146,3605.235811914147,7222.7072875307085,24.38122546930475,7247.088513000042,2023
2023-11-23 12:00:00,2023-11-23 13:45:00,SOLUSDT,SL,-0.03525081793442749,1575.4166742018751,7247.088513000013,-55.53472635315157,7191.55378664689,2023
2023-11-24 09:30:00,2023-11-24 10:15:00,ETHUSDT,TP,0.005782537056596726,4128.30826159534,7191.553786646862,23.872095503729465,7215.425882150619,2023
2023-11-24 22:15:00,2023-11-25 01:30:00,DOGEUSDT,TP,0.007151288140349608,3424.485549373643,7215.425882150592,24.489482896034346,7239.915365046654,2023
2023-11-26 10:45:00,2023-11-26 12:15:00,XRPUSDT,TP,0.005087602620574501,4650.827468666089,7239.915365046626,23.661562017425464,7263.576927064079,2023
2023-11-28 14:00:00,2023-11-28 14:15:00,DOGEUSDT,TP,0.0075561913778404355,3279.290379602624,7263.576927064051,24.778945691788437,7288.3558727558675,2023
2023-11-29 11:45:00,2023-11-29 12:00:00,DOGEUSDT,TP,0.008919298720971264,2826.609799897567,7288.355872755839,25.21137717291121,7313.567249928779,2023
2023-12-01 01:15:00,2023-12-01 01:30:00,ETHUSDT,TP,0.004679631352511703,5051.149038791729,7313.56724992875,23.63751540813913,7337.204765336918,2023
2023-12-01 01:15:00,2023-12-01 02:15:00,SOLUSDT,TP,0.0113694948777466,2262.9554666994577,7313.56724992875,25.72866058720815,7362.933425924126,2023
2023-12-02 19:00:00,2023-12-02 21:00:00,BTCUSDT,TP,0.005030625091883885,4776.473116373133,7362.933425924097,24.0286455099355,7386.962071434062,2023
2023-12-03 10:30:00,2023-12-03 12:00:00,XRPUSDT,SL,-0.012938026364619897,4545.626492618984,7386.962071434033,-58.811435405219086,7328.150636028842,2023
2023-12-04 01:15:00,2023-12-04 05:00:00,BTCUSDT,TP,0.007201046461911951,3456.219884608713,7328.150636028813,24.888399971651307,7353.039036000494,2023
2023-12-04 06:15:00,2023-12-04 09:45:00,BNBUSDT,TP,0.00781886407694529,3217.917350234317,7353.039036000464,25.160458372326076,7378.1994943728205,2023
2023-12-06 00:00:00,2023-12-06 00:15:00,SOLUSDT,TP,0.014522328513157082,1811.6587840591426,7378.1994943727905,26.309504015853577,7404.508998388674,2023
2023-12-07 04:30:00,2023-12-07 05:45:00,XRPUSDT,TP,0.008751140299713777,2922.481709357988,7404.508998388644,25.575047461939096,7430.084045850613,2023
2023-12-07 15:15:00,2023-12-07 16:00:00,ETHUSDT,TP,0.00850922332852777,3009.195715810627,7430.084045850583,25.605918385081612,7455.689964235695,2023
2023-12-09 04:00:00,2023-12-09 05:15:00,XRPUSDT,TP,0.008987661601161073,2871.206508403437,7455.689964235664,25.80543248458133,7481.4953967202755,2023
2023-12-11 12:15:00,2023-12-11 18:30:00,BNBUSDT,SL,-0.032694890876621446,1756.5004586215757,7481.4953967202455,-57.42859081936794,7424.066805900908,2023
2023-12-13 15:00:00,2023-12-13 16:00:00,BTCUSDT,TP,0.005779883558086892,4263.514084818533,7424.066805900878,24.64261495851452,7448.709420859423,2023
2023-12-13 15:00:00,2023-12-13 16:00:00,ETHUSDT,TP,0.006596050804000069,3789.825481055552,7424.066805900878,24.99788141133642,7473.707302270759,2023
2023-12-15 01:30:00,2023-12-15 05:30:00,XRPUSDT,SL,-0.017974645302679913,3254.221133848793,7473.707302270729,-58.49347061741691,7415.213831653342,2023
2023-12-18 21:00:00,2023-12-19 00:00:00,BTCUSDT,TP,0.0078040573808613135,3250.7441358664532,7415.213831653312,25.368993766800227,7440.582825420142,2023
2023-12-18 21:00:00,2023-12-19 01:00:00,ETHUSDT,TP,0.006985765442287993,3594.608972589979,7415.213831653312,25.111095139257426,7465.693920559399,2023
2023-12-19 10:30:00,2023-12-19 12:00:00,BNBUSDT,TP,0.008690243909743493,2965.638649781261,7465.69392055937,25.772123214761518,7491.46604377416,2023
2023-12-21 17:15:00,2023-12-21 17:30:00,SOLUSDT,TP,0.025596397332438608,1066.2937064857765,7491.466043774131,27.293277384288604,7518.75932115845,2023
2023-12-21 20:00:00,2023-12-22 02:45:00,DOGEUSDT,SL,-0.0352968828582708,1632.2947323505875,7518.75932115842,-57.61491595795118,7461.144405200498,2023
2023-12-23 18:30:00,2023-12-23 18:45:00,SOLUSDT,TP,0.01651831116728965,1620.267972267098,7461.144405200469,26.764090540301364,7487.9084957407995,2023
2023-12-23 22:15:00,2023-12-24 01:15:00,SOLUSDT,TP,0.02553984604266392,1068.079927644287,7487.90849574077,27.278596913294706,7515.187092654094,2023
2023-12-25 12:45:00,2023-12-26 04:45:00,BTCUSDT,TIMEOUT,-0.005286746454936485,5495.324107862986,7515.187092654065,-29.052385245971646,7486.134707408122,2023
2023-12-25 12:45:00,2023-12-25 16:30:00,ETHUSDT,SL,-0.011810059939786895,5096.166160198201,7515.187092654065,-60.18602781505438,7425.948679593068,2023
2023-12-26 10:00:00,2023-12-26 11:00:00,BNBUSDT,TP,0.020263209578300266,1325.228658892307,7425.948679593039,26.85338605430461,7452.802065647373,2023
2023-12-27 10:15:00,2023-12-27 11:45:00,BNBUSDT,TP,0.015538822174738523,1715.778307747798,7452.802065647344,26.66117401536682,7479.46323966274,2023
2024-01-02 00:00:00,2024-01-02 00:45:00,BTCUSDT,TP,0.007248805258234328,3506.5220671376633,7479.46323966271,25.418095598382198,7504.881335261121,2024
2024-01-02 00:15:00,2024-01-02 01:15:00,BNBUSDT,TP,0.008171978721126329,3143.695812938949,7479.46323966271,25.690215289031027,7530.571550550153,2024
2024-01-02 07:30:00,2024-01-02 11:30:00,DOGEUSDT,SL,-0.015517625758281459,3824.533987628528,7530.571550550123,-59.34768711984734,7471.223863430306,2024
2024-01-02 08:15:00,2024-01-02 11:30:00,ETHUSDT,SL,-0.015836040538787212,3743.8111401009323,7530.571550550123,-59.28714498420153,7411.936718446104,2024
2024-01-03 09:30:00,2024-01-03 12:00:00,BNBUSDT,SL,-0.03246459074005135,1752.8060142407405,7411.936718446074,-56.90412989902626,7355.0325885470775,2024
2024-01-05 23:00:00,2024-01-06 05:15:00,ETHUSDT,SL,-0.018396083270494926,3126.0616630058257,7355.032588547048,-57.50729066135702,7297.525297885721,2024
2024-01-08 06:15:00,2024-01-08 11:45:00,BTCUSDT,TP,0.007541564403686272,3300.429030606716,7297.5252978856915,24.890398094116396,7322.415695979837,2024
2024-01-08 06:15:00,2024-01-08 12:00:00,ETHUSDT,TP,0.008039887170828193,3113.3186735197983,7297.5252978856915,25.030730861931673,7347.446426841769,2024
2024-01-08 12:00:00,2024-01-08 17:45:00,BTCUSDT,TP,0.008160916955535072,3092.041395755774,7347.44642684174,25.233893053839626,7372.680319895609,2024
2024-01-08 18:30:00,2024-01-09 10:30:00,BTCUSDT,TIMEOUT,-0.008280195915108405,2046.4838446244926,7372.6803198955795,-16.945287170595066,7355.735032725013,2024
2024-01-09 17:15:00,2024-01-09 17:30:00,DOGEUSDT,TP,0.022141927604315482,1204.9665213653166,7355.735032724984,26.680281481694703,7382.415314206708,2024
2024-01-09 21:00:00,2024-01-09 21:15:00,SOLUSDT,SL,-0.0639438419878341,876.1631373387518,7382.415314206679,-56.02523720955413,7326.390076997153,2024
2024-01-09 21:00:00,2024-01-09 21:15:00,ETHUSDT,TP,0.01081647017776987,2393.475018980486,7382.415314206679,25.8889511640396,7352.279028161193,2024
2024-01-09 21:00:00,2024-01-10 12:45:00,BNBUSDT,SL,-0.025997625689148936,2193.002840672923,7382.415314206679,-57.01286698705497,7295.266161174139,2024
2024-01-09 21:00:00,2024-01-09 21:15:00,BTCUSDT,SL,-0.02285403281014541,2504.887471535829,7382.415314206679,-57.246780460202004,7238.019380713937,2024
2024-01-10 09:15:00,2024-01-10 12:15:00,ETHUSDT,SL,-0.023747513390694665,2379.072073065756,7295.032247700963,-56.49704591255676,7181.52233480138,2024
2024-01-10 15:00:00,2024-01-10 19:30:00,ETHUSDT,TP,0.015134648670195323,1695.392155952159,7181.5223348013515,25.659164638540926,7207.181499439921,2024
2024-01-14 06:45:00,2024-01-14 07:45:00,DOGEUSDT,TP,0.006370416062374893,3795.695418096868,7207.181499439893,24.18015905932707,7231.361658499248,2024
2024-01-15 12:15:00,2024-01-16 04:15:00,BNBUSDT,TIMEOUT,-0.007043266205160477,2091.2558174905093,7231.36165849922,-14.729271425676151,7216.632387073572,2024
2024-01-15 18:15:00,2024-01-15 22:00:00,BTCUSDT,SL,-0.01577554983289015,3609.5326322119545,7231.36165849922,-56.94236191290284,7159.690025160669,2024
2024-01-16 09:00:00,2024-01-16 14:15:00,DOGEUSDT,SL,-0.017288375335397684,3246.8530977026344,7159.69002516064,-56.13281501198179,7103.557210148687,2024
2024-01-16 14:45:00,2024-01-16 15:15:00,ETHUSDT,TP,0.008477110368283887,2886.9644422614665,7103.557210148659,24.47311620636159,7128.030326355049,2024
2024-01-16 14:45:00,2024-01-16 15:30:00,BTCUSDT,TP,0.009381662194316884,2629.217104474669,7103.557210148659,24.66642670970131,7152.696753064751,2024
2024-01-17 11:30:00,2024-01-17 22:15:00,BNBUSDT,SL,-0.018857712326972084,2962.562287234856,7152.696753064722,-55.86714736341135,7096.8296057013395,2024
2024-01-20 20:00:00,2024-01-20 22:45:00,DOGEUSDT,TP,0.01564535496923892,1623.2104197384892,7096.82960570131,25.395703206575963,7122.225308907915,2024
2024-01-25 10:00:00,2024-01-25 12:00:00,BNBUSDT,TP,0.008302918545487465,2950.2469037145825,7122.225308907887,24.49565973061878,7146.720968638534,2024
2024-01-26 10:30:00,2024-01-26 11:00:00,BTCUSDT,TP,0.0053141097068484825,4419.478691509789,7146.720968638506,23.485594613762203,7170.206563252295,2024
2024-01-26 10:30:00,2024-01-26 11:00:00,SOLUSDT,TP,0.013580056710017973,1870.2091816328068,7146.720968638506,25.39754674616982,7195.604109998465,2024
2024-01-26 18:00:00,2024-01-27 10:00:00,XRPUSDT,TIMEOUT,-0.005634463648318705,3111.050480016657,7195.604109998438,-17.529100837738312,7178.075009160727,2024
2024-01-28 03:45:00,2024-01-28 10:00:00,SOLUSDT,TP,0.010509704770960691,2390.6294020936293,7178.0750091607,25.12480923278232,7203.199818393509,2024
2024-01-29 09:30:00,2024-01-29 11:00:00,DOGEUSDT,TP,0.010941200754683304,2310.4555199905335,7203.199818393482,25.279157678982628,7228.4789760724925,2024
2024-01-29 15:45:00,2024-01-29 16:15:00,BTCUSDT,TP,0.0066699428494188424,3653.2351677607753,7228.478976072464,24.366869784451428,7252.845845856944,2024
2024-01-29 15:45:00,2024-01-29 16:30:00,ETHUSDT,TP,0.006210222306574401,3894.530227097412,7228.478976072464,24.185898489948617,7277.031744346892,2024
2024-02-03 10:15:00,2024-02-03 11:15:00,XRPUSDT,TP,0.007221013614353515,3423.513038813668,7277.031744346865,24.721234262190272,7301.752978609082,2024
2024-02-04 14:15:00,2024-02-04 21:30:00,BNBUSDT,TP,0.0047729557467579955,4957.775315483319,7301.752978609055,23.66324218317104,7325.416220792253,2024
2024-02-04 16:30:00,2024-02-04 18:45:00,DOGEUSDT,SL,-0.011091747984126992,5295.347307207714,7301.752978609055,-58.73465781997346,7266.68156297228,2024
2024-02-04 20:45:00,2024-02-05 01:00:00,ETHUSDT,SL,-0.013329937719431664,4318.196052911196,7243.018320789082,-57.56128444560188,7209.120278526678,2024
2024-02-05 10:45:00,2024-02-05 15:30:00,DOGEUSDT,SL,-0.014139910495862445,4037.995780902119,7209.120278526651,-57.09689892462614,7152.023379602051,2024
2024-02-08 02:30:00,2024-02-08 04:30:00,BNBUSDT,TP,0.005098135426914093,4586.092098701647,7152.023379602026,23.380518599481668,7175.403898201534,2024
2024-02-08 13:45:00,2024-02-08 14:00:00,SOLUSDT,TP,0.009334338215883675,2668.2727257078554,7175.403898201507,24.906560073974934,7200.310458275508,2024
2024-02-09 07:45:00,2024-02-09 14:15:00,DOGEUSDT,SL,-0.012654909508411482,4536.1393464528755,7200.310458275482,-57.40443294690594,7142.9060253286025,2024
2024-02-12 00:15:00,2024-02-12 02:30:00,BTCUSDT,SL,-0.012259773019065261,4654.461482535405,7142.906025328576,-57.06264130186605,7085.843384026736,2024
2024-02-12 00:15:00,2024-02-12 02:30:00,SOLUSDT,SL,-0.019439774835467813,2866.369213196747,7142.906025328576,-55.721572099861795,7030.121811926874,2024
2024-02-12 14:30:00,2024-02-12 15:00:00,BTCUSDT,TP,0.005104757235404675,4502.826630505636,7030.121811926848,22.985836821846497,7053.107648748721,2024
2024-02-12 14:45:00,2024-02-12 15:30:00,ETHUSDT,TP,0.0053845411063668264,4297.461918930614,7030.121811926848,23.139860355527954,7076.247509104249,2024
2024-02-12 15:30:00,2024-02-12 17:30:00,BTCUSDT,TP,0.008777114928770207,2785.3057675421874,7076.247509104222,24.446948833484292,7100.694457937733,2024
2024-02-12 17:15:00,2024-02-12 18:15:00,ETHUSDT,TP,0.009133214406827567,2684.9491538713546,7076.247509104222,24.52221629373734,7125.216674231471,2024
2024-02-14 08:45:00,2024-02-14 09:00:00,BTCUSDT,TP,0.006517401407448531,3676.632269270604,7125.216674231444,23.962088326414918,7149.178762557885,2024
2024-02-14 08:45:00,2024-02-14 09:15:00,SOLUSDT,TP,0.009270221758120884,2666.5639916315363,7125.216674231444,24.719639534644344,7173.898402092531,2024
2024-02-14 08:45:00,2024-02-14 09:00:00,ETHUSDT,TP,0.006678432385498543,3596.931511489374,7125.216674231444,24.021863894750858,7197.920265987281,2024
2024-02-14 13:15:00,2024-02-14 22:00:00,XRPUSDT,TP,0.007015888407047695,3475.7389731426274,7197.920265987254,24.385396767595218,7222.305662754876,2024
2024-02-14 17:00:00,2024-02-15 01:00:00,DOGEUSDT,TP,0.012746376498174858,1999.959100214974,7197.920265987254,25.492231672291076,7247.797894427167,2024
2024-02-15 01:45:00,2024-02-15 02:15:00,BNBUSDT,TP,0.007742937931711459,3200.216735673815,7247.797894427141,24.779079552346605,7272.576973979514,2024
2024-02-17 21:15:00,2024-02-18 02:45:00,BTCUSDT,SL,-0.011872509101579417,4903.958882542166,7272.576973979488,-58.22229646675309,7214.354677512761,2024
2024-02-18 22:00:00,2024-02-19 04:30:00,ETHUSDT,TP,0.007657079528860301,3217.9819338928432,7214.354677512734,24.64034359025317,7238.995021103014,2024
2024-02-19 13:00:00,2024-02-19 23:30:00,SOLUSDT,SL,-0.02726313033110577,2047.7575442902485,7238.995021102987,-55.82828081649014,7183.166740286524,2024
2024-02-20 13:30:00,2024-02-20 14:00:00,BTCUSDT,SL,-0.013903611154582139,4095.7384188281653,7183.166740286497,-56.94555436626989,7126.221185920254,2024
2024-02-21 07:45:00,2024-02-21 08:30:00,BNBUSDT,TP,0.009084098933506953,2717.41515190055,7126.221185920227,24.68526808327542,7150.906454003529,2024
2024-02-24 17:30:00,2024-02-25 01:45:00,ETHUSDT,TP,0.004356829950450397,5250.9872979318425,7150.906454003502,22.877658729064052,7173.784112732594,2024
2024-02-26 15:15:00,2024-02-26 15:30:00,BTCUSDT,TP,0.005459244632647023,4332.522233268636,7173.784112732566,23.652298747795694,7197.436411480388,2024
2024-02-26 16:00:00,2024-02-26 19:15:00,BTCUSDT,TP,0.008130656301955093,3039.2333207523393,7197.436411480362,24.71096155248691,7222.147373032876,2024
2024-02-27 01:45:00,2024-02-27 02:00:00,BTCUSDT,TP,0.008613316930769836,2892.4635200451703,7222.147373032849,24.91370500883918,7247.0610780417155,2024
2024-02-27 09:15:00,2024-02-27 09:45:00,DOGEUSDT,TP,0.014649982952253926,1764.7083848673217,7247.061078041688,25.85294775400582,7272.914025795721,2024
2024-02-28 07:30:00,2024-02-28 07:45:00,BTCUSDT,TP,0.004764321714421898,4945.926082876931,7272.914025795694,23.5639830345762,7296.478008830298,2024
2024-02-28 08:45:00,2024-02-28 09:00:00,BNBUSDT,TP,0.006413151708052782,3819.797995113479,7296.4780088302705,24.4969440367786,7320.974952867076,2024
2024-02-28 10:45:00,2024-02-28 11:45:00,SOLUSDT,SL,-0.030993032413180542,1815.5359355622431,7320.974952867049,-56.26896409817466,7264.705988768901,2024
2024-02-28 16:15:00,2024-02-28 16:30:00,DOGEUSDT,TP,0.028967829231953873,916.7105458897656,7264.705988768875,26.555114548465944,7291.261103317367,2024
2024-03-03 12:00:00,2024-03-03 12:15:00,BTCUSDT,TP,0.004306745492420713,5407.080340195396,7291.261103317341,23.28691888229318,7314.54802219966,2024
2024-03-03 18:30:00,2024-03-03 19:45:00,DOGEUSDT,TP,0.03144070407997506,852.095530905512,7314.548022199634,26.790483435069447,7341.33850563473,2024
2024-03-04 00:15:00,2024-03-04 00:45:00,ETHUSDT,SL,-0.01578081582836549,3663.1437322486217,7341.338505634703,-57.80739659144689,7283.531109043282,2024
2024-03-04 06:45:00,2024-03-04 11:15:00,XRPUSDT,TP,0.012979586410394657,1989.3710445810138,7283.531109043256,25.82121337547635,7309.352322418759,2024
2024-03-04 08:30:00,2024-03-04 10:30:00,BNBUSDT,SL,-0.012917247354997085,4489.63366355739,7283.531109043256,-57.99370856549257,7251.358613853266,2024
2024-03-05 14:30:00,2024-03-05 14:45:00,SOLUSDT,TP,0.01702320813760927,1529.9767262843388,7251.358613853239,26.045112257236347,7277.403726110503,2024
2024-03-06 10:15:00,2024-03-07 02:15:00,BNBUSDT,TIMEOUT,-0.00425385423966363,1345.8986298325362,7277.403726110476,-5.725256592670604,7271.678469517832,2024
2024-03-11 07:00:00,2024-03-11 07:30:00,BTCUSDT,TP,0.008693704542757823,2887.5103130586035,7271.678469517805,25.103161525897644,7296.78163104373,2024
2024-03-11 07:00:00,2024-03-11 07:30:00,ETHUSDT,TP,0.011161204145421811,2289.3398457260723,7271.678469517805,25.551789376397167,7322.333420420127,2024
2024-03-11 15:30:00,2024-03-11 15:45:00,XRPUSDT,TP,0.012874176802927597,2015.4428941846181,7322.3334204201,25.947168155936872,7348.2805885760645,2024
2024-03-11 15:45:00,2024-03-11 16:00:00,XRPUSDT,TP,0.02223295223766917,1198.977917292785,7348.280588576037,26.656818769190544,7374.9374073452545,2024
2024-03-11 21:15:00,2024-03-12 04:00:00,DOGEUSDT,SL,-0.043035648338924815,1308.0568166238395,7374.937407345228,-56.29307316755702,7318.644334177698,2024
2024-03-12 14:30:00,2024-03-13 06:30:00,BNBUSDT,TIMEOUT,0.01131832528778314,1339.539071971495,7318.644334177671,15.161338952268533,7333.805673129966,2024
2024-03-13 06:45:00,2024-03-13 07:00:00,BNBUSDT,TP,0.008918191771571802,2844.5620364195734,7333.805673129939,25.36834974692257,7359.174022876889,2024
2024-03-13 07:00:00,2024-03-13 08:15:00,BNBUSDT,TP,0.011110169501679956,2326.8556644050805,7359.174022876862,25.851760837484576,7385.025783714373,2024
2024-03-13 22:15:00,2024-03-13 23:00:00,BNBUSDT,TP,0.013071852019859996,2003.627780787747,7385.025783714347,26.191125853337912,7411.216909567711,2024
2024-03-14 04:00:00,2024-03-14 04:45:00,DOGEUSDT,SL,-0.06247474706049031,900.5160728692036,7411.216909567685,-56.25951387640956,7354.957395691301,2024
2024-03-17 22:30:00,2024-03-18 00:45:00,SOLUSDT,SL,-0.03836015033507378,1466.6833282036193,7354.957395691275,-56.262192963837194,7298.695202727464,2024
2024-03-21 15:15:00,2024-03-22 01:45:00,XRPUSDT,SL,-0.03764920438676743,1483.5066210827652,7298.695202727438,-55.85284398626777,7242.842358741196,2024
2024-03-24 05:30:00,2024-03-24 21:30:00,XRPUSDT,TIMEOUT,-0.002013823064770968,2923.0224748339583,7242.842358741171,-5.886450078664542,7236.955908662532,2024
2024-03-25 13:45:00,2024-03-25 14:00:00,BTCUSDT,TP,0.007487119096564568,3294.6694517022124,7236.955908662506,24.66758256870755,7261.623491231239,2024
2024-03-25 14:15:00,2024-03-25 15:00:00,DOGEUSDT,TP,0.017391145227777315,1501.067752350135,7261.623491231214,26.10528727785447,7287.728778509094,2024
2024-03-26 07:15:00,2024-03-26 07:45:00,BTCUSDT,SL,-0.014637474306061521,3935.7743988740517,7287.728778509068,-57.60979663797366,7230.11898187112,2024
2024-03-27 13:00:00,2024-03-27 13:45:00,BTCUSDT,SL,-0.016408181736985973,3463.102758345616,7230.118981871095,-56.823219432792285,7173.295762438327,2024
2024-03-27 13:00:00,2024-03-27 13:45:00,ETHUSDT,SL,-0.020331096604223498,2769.2980357564356,7230.118981871095,-56.30286589085047,7116.992896547477,2024
2024-03-28 00:45:00,2024-03-28 02:45:00,BNBUSDT,SL,-0.01905102584533976,2916.6368691675466,7116.992896547452,-55.56492437598177,7061.427972171496,2024
2024-03-28 16:45:00,2024-03-29 06:00:00,XRPUSDT,SL,-0.024286533025605864,2250.149150415182,7061.42797217147,-54.64832165409729,7006.779650517397,2024
2024-03-29 04:15:00,2024-03-29 04:30:00,BNBUSDT,TP,0.010200778694227437,2418.1252890811847,7061.42797217147,24.66676092883191,7031.44641144623,2024
2024-03-29 10:45:00,2024-03-29 12:15:00,XRPUSDT,TP,0.008685674341106776,2794.49280355626,7031.446411446204,24.27205444025614,7055.718465886486,2024
2024-04-02 01:30:00,2024-04-02 02:30:00,XRPUSDT,SL,-0.017716476972993795,3118.9673954339482,7055.718465886461,-55.25711404072398,7000.461351845762,2024
2024-04-03 08:30:00,2024-04-03 18:15:00,ETHUSDT,SL,-0.02069819725368598,2631.990223033395,7000.461351845737,-54.477452806118166,6945.983899039644,2024
2024-04-03 14:00:00,2024-04-04 04:15:00,BTCUSDT,SL,-0.01876762252884396,2914.005999115116,7000.461351845737,-54.6889646381793,6891.294934401465,2024
2024-04-03 14:00:00,2024-04-04 00:30:00,BNBUSDT,TP,0.010061260117451188,2428.184113991187,7000.461351845737,24.430591983928082,6915.725526385393,2024
2024-04-04 02:30:00,2024-04-04 09:45:00,BNBUSDT,TP,0.013197810074815044,1874.0615337555078,6970.414491023547,24.733508191021773,6940.4590345764145,2024
2024-04-04 13:00:00,2024-04-04 20:00:00,XRPUSDT,SL,-0.03177809506968006,1677.6228976489228,6940.459034576389,-53.31165993255961,6887.147374643855,2024
2024-04-04 17:45:00,2024-04-04 20:00:00,BTCUSDT,SL,-0.018406724997180903,2948.0802791929837,6940.459034576389,-54.26450296871755,6832.882871675138,2024
2024-04-06 15:00:00,2024-04-06 17:45:00,XRPUSDT,SL,-0.011706367576051133,4677.336825535125,6832.882871675112,-54.75462415671432,6778.128247518423,2024
2024-04-06 23:00:00,2024-04-07 15:00:00,BTCUSDT,TIMEOUT,0.0027439704820379444,4450.17399729471,6778.128247518398,12.21114608850949,6790.339393606933,2024
2024-04-07 00:30:00,2024-04-07 01:15:00,DOGEUSDT,TP,0.013683677248988665,1761.019072944496,6778.128247518398,24.09721662348571,6814.436610230418,2024
2024-04-08 07:30:00,2024-04-08 08:00:00,BTCUSDT,TP,0.0052564746999099595,4254.431853137919,6814.436610230394,22.363313398510513,6836.799923628929,2024
2024-04-08 07:30:00,2024-04-08 08:00:00,ETHUSDT,TP,0.0055155569878262275,4078.5100730892345,6814.436610230394,22.495254733546986,6859.295178362476,2024
2024-04-08 08:00:00,2024-04-08 08:15:00,ETHUSDT,TP,0.007779287447199352,3015.7685595770567,6859.295178362451,23.46053049917627,6882.755708861652,2024
2024-04-08 08:00:00,2024-04-08 08:45:00,BTCUSDT,TP,0.006319866532793306,3638.308700673029,6859.295178362451,22.993625393354176,6905.749334255006,2024
2024-04-09 12:00:00,2024-04-09 14:30:00,XRPUSDT,SL,-0.030057103855677853,1767.254801496815,6905.7493342549815,-53.11856110803512,6852.6307731469715,2024
2024-04-11 12:30:00,2024-04-12 04:30:00,BTCUSDT,TIMEOUT,0.0017344681909426819,2759.247759003628,6852.630773146946,4.7858274689216715,6857.416600615893,2024
2024-04-14 22:00:00,2024-04-15 06:15:00,ETHUSDT,TP,0.01712430609650492,1438.6747162922172,6857.4166006158675,24.636306215090304,6882.052906830983,2024
2024-04-14 22:00:00,2024-04-14 22:30:00,DOGEUSDT,TP,0.030472499745688875,823.6147797826557,6857.4166006158675,25.097601167472575,6907.150507998456,2024
2024-04-14 22:00:00,2024-04-15 06:15:00,BTCUSDT,TP,0.014137799287509148,1727.2742435401078,6857.4166006158675,24.41985656965424,6931.57036456811,2024
2024-04-15 06:15:00,2024-04-15 14:30:00,ETHUSDT,SL,-0.025879401705808318,2068.7630506636574,6931.570364568085,-53.53835002225827,6878.032014545852,2024
2024-04-19 06:30:00,2024-04-19 06:45:00,BTCUSDT,TP,0.016147713724570602,1526.3970306848262,6878.032014545827,24.647822281533184,6902.679836827385,2024
2024-04-20 15:30:00,2024-04-20 15:45:00,ETHUSDT,TP,0.005961951853920918,3856.560647553138,6902.67983682736,22.99262890243789,6925.672465729823,2024
2024-04-20 15:30:00,2024-04-20 15:45:00,DOGEUSDT,TP,0.012086753864646475,2016.4793732933047,6902.67983682736,24.372689858132752,6950.045155587955,2024
2024-04-20 15:30:00,2024-04-20 17:00:00,BTCUSDT,TP,0.005730121276089147,3994.5316276124518,6902.67983682736,22.889150667393118,6972.934306255349,2024
2024-04-22 03:15:00,2024-04-22 05:45:00,BNBUSDT,TP,0.010421582997760248,2340.6265391126713,6972.934306255324,24.393033744123027,6997.327339999471,2024
2024-04-22 20:15:00,2024-04-23 02:45:00,XRPUSDT,SL,-0.0286068757463651,1883.9138863892083,6997.327339999448,-53.892890464787854,6943.434449534683,2024
2024-04-27 17:30:00,2024-04-27 17:45:00,ETHUSDT,TP,0.0082011184107109,2908.8967424001753,6943.4344495346595,23.85620662895504,6967.290656163639,2024
2024-04-27 17:30:00,2024-04-28 01:45:00,SOLUSDT,TP,0.012473561635911247,1969.0519016483222,6943.4344495346595,24.561090259518597,6991.851746423157,2024
2024-05-03 12:30:00,2024-05-03 13:15:00,ETHUSDT,TP,0.008249534605641418,2913.4222154833233,6991.851746423134,24.034377387474166,7015.886123810631,2024
2024-05-03 12:30:00,2024-05-03 13:45:00,SOLUSDT,TP,0.015708169952357194,1593.0959593312255,6991.851746423134,25.024622079588415,7040.91074589022,2024
2024-05-03 12:30:00,2024-05-03 13:00:00,DOGEUSDT,TP,0.013572830889104975,1830.6048749784088,6991.851746423134,24.8464903928531,7065.757236283072,2024
2024-05-03 12:30:00,2024-05-03 15:45:00,XRPUSDT,TP,0.007471788046084736,3189.0197001092424,6991.851746423134,23.827679274004968,7089.584915557078,2024
2024-05-03 12:30:00,2024-05-03 13:00:00,BNBUSDT,TP,0.008498316121643881,2835.0505869630697,6991.851746423134,24.093156108864203,7113.678071665941,2024
2024-05-03 12:30:00,2024-05-03 13:00:00,BTCUSDT,TP,0.008683667534054468,2779.347899895523,6991.851746423134,24.13493312416522,7137.813004790107,2024
2024-05-03 20:15:00,2024-05-04 01:15:00,ETHUSDT,TP,0.006645106238031723,3619.5286323684854,7137.813004790084,24.052152293686255,7161.865157083794,2024
2024-05-04 01:15:00,2024-05-04 10:45:00,BTCUSDT,TP,0.008240067423683965,2987.4074434982135,7161.86515708377,24.616438756440623,7186.481595840234,2024
2024-05-04 10:45:00,2024-05-04 16:00:00,SOLUSDT,SL,-0.023184424804891173,2402.4958267283237,7186.4815958402105,-55.700483838847674,7130.781112001387,2024
2024-05-04 10:45:00,2024-05-04 21:30:00,BNBUSDT,SL,-0.012563400515576405,4562.49763967069,7186.4815958402105,-57.32048519855488,7073.460626802831,2024
2024-05-04 10:45:00,2024-05-04 11:45:00,ETHUSDT,SL,-0.014663258682170556,3873.9028145772245,7186.4815958402105,-56.804039079734444,7016.656587723097,2024
2024-05-06 08:15:00,2024-05-06 10:30:00,DOGEUSDT,SL,-0.02920582338995635,1849.35518072189,7016.656587723074,-54.01194079346433,6962.6446469296325,2024
2024-05-06 08:15:00,2024-05-06 09:00:00,SOLUSDT,TP,0.013212288228687648,1884.5379620439796,7016.656587723074,24.89905873242868,6987.543705662061,2024
2024-05-06 08:15:00,2024-05-06 10:30:00,ETHUSDT,SL,-0.01677704674479564,3283.507264057336,7016.656587723074,-55.08755485596597,6932.456150806095,2024
2024-05-06 08:15:00,2024-05-06 10:30:00,BTCUSDT,SL,-0.015024467260484798,3686.647175520276,7016.656587723074,-55.38990978956314,6877.066241016531,2024
2024-05-06 15:45:00,2024-05-06 17:15:00,XRPUSDT,TP,0.014895964390002622,1648.284360169597,6877.06624101651,24.552785133684573,6901.619026150216,2024
2024-05-15 12:30:00,2024-05-15 13:15:00,BNBUSDT,TP,0.007234877596365655,3241.2608754132,6901.619026150194,23.45012569150349,6925.069151841721,2024
2024-05-15 12:30:00,2024-05-15 13:30:00,XRPUSDT,TP,0.006628977864351287,3507.4060152826773,6901.619026150194,23.25051683660142,6948.319668678321,2024
2024-05-15 12:30:00,2024-05-15 13:15:00,BTCUSDT,TP,0.008727531942999049,2730.781758765923,6901.619026150194,23.832985028988716,6972.1526537073105,2024
2024-05-15 12:30:00,2024-05-15 13:15:00,SOLUSDT,TP,0.014806400645867464,1663.6927742625676,6901.619026150194,24.633301767366316,6996.785955474677,2024
2024-05-15 12:30:00,2024-05-15 13:15:00,ETHUSDT,TP,0.008060880510065203,2937.3989714759778,6901.619026150194,23.678022119456283,7020.463977594133,2024
2024-05-17 07:00:00,2024-05-17 07:15:00,ETHUSDT,TP,0.0060188402494893,3889.401868800834,7020.4639775941105,23.40968851437736,7043.87366610851,2024
2024-05-17 07:00:00,2024-05-17 15:15:00,BNBUSDT,TP,0.004742539390788015,4793.181813157849,7020.4639775941105,22.731853556109822,7066.60551966462,2024
2024-05-20 04:30:00,2024-05-20 06:45:00,ETHUSDT,SL,-0.014888297908341341,3748.6507740239194,7066.6055196645975,-55.81102947800247,7010.794490186618,2024
2024-05-20 19:15:00,2024-05-20 19:30:00,ETHUSDT,TP,0.01520039825017062,1648.2647596537959,7010.794490186595,25.054280768459456,7035.848770955077,2024
2024-05-20 19:15:00,2024-05-20 19:30:00,DOGEUSDT,TP,0.011358845938735544,2171.1796046638815,7010.794490186595,24.662094634701774,7060.510865589778,2024
2024-05-20 19:45:00,2024-05-21 07:00:00,SOLUSDT,SL,-0.03467731236703381,1560.8024272319574,7060.510865589757,-54.12443331234714,7006.386432277432,2024
2024-05-20 23:15:00,2024-05-21 15:15:00,BTCUSDT,TIMEOUT,-0.016470543213049686,2126.5718397248015,7060.510865589757,-35.025793381841915,6971.36063889559,2024
2024-05-24 05:45:00,2024-05-24 06:45:00,DOGEUSDT,SL,-0.04927277267053272,1077.539512153,6971.360638895568,-53.0933594258315,6918.267279469758,2024
2024-05-26 14:45:00,2024-05-27 02:00:00,ETHUSDT,TP,0.006582180315909144,3538.3066400754033,6918.267279469736,23.28977231795494,6941.557051787713,2024
2024-05-27 15:30:00,2024-05-27 19:45:00,BNBUSDT,SL,-0.011827627909256198,4699.713541100814,6941.557051787691,-55.58646304423326,6885.970588743479,2024
2024-05-31 10:00:00,2024-05-31 11:30:00,ETHUSDT,TP,0.005274033085987455,4286.5617335093,6885.970588743458,22.60746840765579,6908.578057151135,2024
2024-06-03 06:15:00,2024-06-03 06:30:00,BNBUSDT,TP,0.008041932448985153,2946.6977669178204,6908.578057151114,23.697144389128507,6932.275201540264,2024
2024-06-04 10:00:00,2024-06-04 10:15:00,BNBUSDT,TP,0.008388289115422339,2844.73731104693,6932.275201540243,23.862479022490774,6956.137680562755,2024
2024-06-04 10:30:00,2024-06-04 13:15:00,BNBUSDT,TP,0.01128417752583261,2167.619369592576,6956.137680562733,24.45980177491599,6980.597482337671,2024
2024-06-05 01:15:00,2024-06-05 17:15:00,BNBUSDT,TIMEOUT,-0.01662301587301581,1637.9500698700379,6980.597482337649,-27.227670010656993,6953.369812327013,2024
2024-06-05 08:15:00,2024-06-05 23:15:00,XRPUSDT,SL,-0.012425494128110287,4484.134079728721,6980.597482337649,-55.71758167732845,6897.6522306496845,2024
2024-06-07 18:15:00,2024-06-07 20:15:00,XRPUSDT,TP,0.03201673069861949,789.4042314702464,6897.652230649664,25.274142691333562,6922.926373341019,2024
2024-06-12 12:30:00,2024-06-12 13:00:00,DOGEUSDT,TP,0.010460093006171187,2315.8571374686435,6922.926373340997,24.224081046927385,6947.1504543879455,2024
2024-06-12 12:30:00,2024-06-12 18:00:00,ETHUSDT,SL,-0.01779937980357391,3045.38630720008,6922.926373340997,-54.205987530457634,6892.944466857489,2024
2024-06-12 12:30:00,2024-06-12 13:00:00,SOLUSDT,TP,0.014219545996395277,1734.2525889749913,6922.926373340997,24.660284458297483,6917.604751315786,2024
2024-06-12 12:30:00,2024-06-12 14:00:00,XRPUSDT,TP,0.007553739268431426,3126.4196840482937,6922.926373340997,23.616159136992568,6941.220910452779,2024
2024-06-12 12:30:00,2024-06-12 14:15:00,BTCUSDT,TP,0.006179461581632873,3746.463357101246,6922.926373340997,23.151126382202467,6964.372036834981,2024
2024-06-12 12:30:00,2024-06-12 14:30:00,BNBUSDT,TP,0.009856231384356378,2447.7095548113007,6922.926373340997,24.125191733920122,6988.497228568902,2024
2024-06-14 21:15:00,2024-06-14 21:30:00,ETHUSDT,TP,0.010319546481833666,2367.474101142415,6988.49722856888,24.431259031276525,7012.928487600178,2024
2024-06-15 19:15:00,2024-06-15 19:30:00,XRPUSDT,TP,0.006467673212761173,3643.623236087207,7012.928487600157,23.565764401435406,7036.494252001614,2024
2024-06-16 09:45:00,2024-06-16 10:30:00,XRPUSDT,TP,0.00462067350016785,4913.136768448369,7036.494252001592,22.70200086866969,7059.1962528702825,2024
2024-06-16 22:00:00,2024-06-17 00:30:00,DOGEUSDT,TP,0.005047272167874413,4566.28310379463,7059.196252870262,23.047273620417826,7082.243526490701,2024
2024-06-16 22:00:00,2024-06-17 02:00:00,ETHUSDT,SL,-0.013736787397711654,4076.756650829293,7059.196252870262,-56.001539384649,7026.241987106052,2024
2024-06-17 07:45:00,2024-06-17 13:00:00,XRPUSDT,TP,0.012384663361693079,2006.0207655182037,7026.24198710603,24.8438918775088,7051.08587898356,2024
2024-06-19 10:45:00,2024-06-19 14:15:00,BNBUSDT,SL,-0.016699740578223054,3315.611550734576,7051.085878983539,-55.36985275542727,6995.716026228133,2024
2024-06-23 21:00:00,2024-06-23 23:00:00,DOGEUSDT,SL,-0.024331015937358452,2225.0046535776346,6995.716026228112,-54.13662368689415,6941.57940254124,2024
2024-06-25 07:30:00,2024-06-25 23:30:00,XRPUSDT,TIMEOUT,-0.006398535564853515,3982.3133927913627,6941.579402541218,-25.480973874168,6916.098428667072,2024
2024-06-25 14:15:00,2024-06-26 06:15:00,BTCUSDT,TIMEOUT,-0.008424760751639407,3182.5296114086286,6941.579402541218,-26.812050561125627,6889.286378105946,2024
2024-06-25 14:15:00,2024-06-25 19:00:00,ETHUSDT,TP,0.006577233592776016,3552.6262988522126,6941.579402541218,23.366453035390297,6912.652831141337,2024
2024-06-27 09:45:00,2024-06-27 14:00:00,DOGEUSDT,TP,0.00701065866167259,3340.2381481874177,6912.652831141314,23.417269505639332,6936.070100646975,2024
2024-06-27 12:00:00,2024-06-27 13:30:00,ETHUSDT,TP,0.005629637847756892,4063.3102905511146,6912.652831141314,22.87496539886661,6958.945066045842,2024
2024-06-27 13:00:00,2024-06-27 13:30:00,SOLUSDT,TP,0.01851269375269753,1345.733283702848,6912.652831141314,24.913148154002847,6983.858214199845,2024
2024-06-30 07:00:00,2024-06-30 18:45:00,DOGEUSDT,TP,0.006095580093163638,3825.7485774512625,6983.858214199823,23.32015687016102,7007.1783710700065,2024
2024-06-30 22:15:00,2024-07-01 01:00:00,DOGEUSDT,TP,0.006753693616496302,3501.864579564519,7007.178371069984,23.650520456839395,7030.828891526846,2024
2024-06-30 22:15:00,2024-07-01 01:00:00,ETHUSDT,TP,0.004636541219838093,4878.2544900495495,7007.178371069984,22.618228023974993,7053.447119550821,2024
2024-06-30 22:15:00,2024-07-01 01:00:00,BTCUSDT,TP,0.005273156818428876,4362.648970239948,7007.178371069984,23.004932163832496,7076.452051714654,2024
2024-07-01 01:00:00,2024-07-01 10:30:00,BTCUSDT,SL,-0.014308785209812576,3914.3175119737407,7076.45205171463,-56.009128521840225,7020.442923192813,2024
2024-07-01 01:00:00,2024-07-01 01:30:00,ETHUSDT,TP,0.005616967313682838,4167.870492581552,7076.45205171463,23.410792324493766,7043.853715517307,2024
2024-07-01 01:00:00,2024-07-01 13:45:00,DOGEUSDT,SL,-0.020022803699226464,2753.7970715693023,7076.45205171463,-55.13873819153683,6988.71497732577,2024
2024-07-11 01:30:00,2024-07-11 01:45:00,XRPUSDT,TP,0.004682845057618338,4823.933111845574,6988.714977325747,22.589731331087492,7011.304708656858,2024
2024-07-12 07:45:00,2024-07-12 09:00:00,XRPUSDT,TP,0.011124683734064578,2214.15519320645,7011.304708656835,24.631776262558407,7035.936484919416,2024
2024-07-13 03:30:00,2024-07-13 05:00:00,XRPUSDT,TP,0.010658855285282133,2312.656367241771,7035.9364849193935,24.65026954301633,7060.5867544624325,2024
2024-07-13 22:30:00,2024-07-13 22:45:00,ETHUSDT,TP,0.004722613816356461,4838.126938557079,7060.58675446241,22.84860512531605,7083.435359587749,2024
2024-07-13 22:45:00,2024-07-14 01:30:00,BNBUSDT,TP,0.00448888167996145,5070.334514340269,7083.4353595877255,22.76013171269827,7106.1954913004465,2024
2024-07-13 22:45:00,2024-07-14 04:15:00,BTCUSDT,TP,0.005750559533352801,4086.2455704261056,7083.4353595877255,23.498198420634495,7129.693689721082,2024
2024-07-13 22:45:00,2024-07-13 23:15:00,SOLUSDT,TP,0.007964738554434036,3048.041250180563,7083.4353595877255,24.27685166081845,7153.9705413819,2024
2024-07-14 21:15:00,2024-07-14 21:45:00,ETHUSDT,TP,0.004399194230285505,5210.017010505086,7153.9705413818765,22.919876772303304,7176.890418154204,2024
2024-07-14 21:15:00,2024-07-14 21:45:00,BTCUSDT,TP,0.005317097804970812,4421.782933547301,7153.9705413818765,23.51105233002175,7200.401470484225,2024
2024-07-14 21:15:00,2024-07-14 21:45:00,DOGEUSDT,TP,0.006262055092909873,3825.8954293311117,7153.9705413818765,23.957967958183495,7224.359438442409,2024
2024-07-19 06:00:00,2024-07-19 08:00:00,SOLUSDT,SL,-0.02734443638353113,2037.3695838830085,7224.359438442386,-55.710722976230215,7168.648715466179,2024
2024-07-19 15:30:00,2024-07-20 07:30:00,BNBUSDT,TIMEOUT,-0.007980536404910154,2242.895579114142,7168.648715466155,-17.89950982153245,7150.749205644646,2024
2024-07-20 15:00:00,2024-07-20 15:45:00,DOGEUSDT,TP,0.01646413171988329,1557.7497580196887,7150.749205644623,25.64699720265247,7176.396202847299,2024
2024-07-21 18:15:00,2024-07-21 20:15:00,SOLUSDT,TP,0.01848055228715799,1399.4130464286495,7176.396202847275,25.86192597585571,7202.258128823154,2024
2024-07-21 20:15:00,2024-07-22 12:15:00,DOGEUSDT,TIMEOUT,-0.01451703045866335,1032.6362221053496,7202.258128823131,-14.990811489022413,7187.267317334132,2024
2024-07-21 20:15:00,2024-07-22 12:15:00,SOLUSDT,TIMEOUT,-0.01857802478530276,1273.4484261664682,7202.258128823131,-23.658156424125437,7163.609160910007,2024
2024-07-22 07:30:00,2024-07-22 11:30:00,XRPUSDT,TP,0.01250830956276049,2037.0974033482564,7202.258128823131,25.480644930575558,7189.089805840582,2024
2024-07-26 13:45:00,2024-07-27 05:45:00,SOLUSDT,TIMEOUT,0.0046128105505088635,2062.59929205598,7189.089805840559,9.514379775867939,7198.60418561645,2024
2024-07-27 13:00:00,2024-07-27 15:45:00,ETHUSDT,SL,-0.01202482896530094,4788.501143412432,7198.6041856164275,-57.580907249682475,7141.023278366767,2024
2024-07-29 02:45:00,2024-07-29 14:00:00,BNBUSDT,SL,-0.013817746153381289,4098.4630370932655,7141.023278366745,-56.63152186557087,7084.391756501196,2024
2024-07-30 10:00:00,2024-07-30 10:30:00,XRPUSDT,TP,0.012012410053125793,2081.6185169017363,7084.391756501174,25.00525519920322,7109.397011700399,2024
2024-07-30 12:30:00,2024-07-30 14:45:00,BTCUSDT,SL,-0.013529992369922911,4172.183835824493,7109.397011700377,-56.4496154646211,7052.947396235779,2024
2024-08-06 14:00:00,2024-08-07 06:00:00,ETHUSDT,TIMEOUT,-0.010654166006652846,1211.198471828251,7052.947396235756,-12.904309585862428,7040.0430866499155,2024
2024-08-06 14:00:00,2024-08-07 06:00:00,BNBUSDT,TIMEOUT,0.00970510455104544,1329.6526891887343,7052.947396235756,12.904418365155392,7052.947505015071,2024
2024-08-07 19:45:00,2024-08-07 20:00:00,XRPUSDT,TP,0.022329506693174708,1145.9756699058034,7052.9475050150495,25.589071391377008,7078.536576406448,2024
2024-08-08 01:30:00,2024-08-08 12:30:00,BTCUSDT,TP,0.015366616856674058,1647.0275615276994,7078.536576406426,25.309241490378316,7103.845817896827,2024
2024-08-08 12:30:00,2024-08-08 13:45:00,BTCUSDT,SL,-0.02269763844147006,2427.5433448710146,7103.845817896805,-55.099501142879156,7048.746316753947,2024
2024-08-08 12:30:00,2024-08-08 15:45:00,DOGEUSDT,TP,0.016095992764693548,1581.3506623928336,7103.845817896805,25.453408820318398,7074.199725574266,2024
2024-08-08 12:30:00,2024-08-08 13:45:00,ETHUSDT,SL,-0.029212335288151755,1871.906963881662,7103.845817896805,-54.682773857137285,7019.516951717129,2024
2024-08-08 21:30:00,2024-08-08 21:45:00,BTCUSDT,TP,0.010488803050529861,2342.170109271389,7019.516951717106,24.5665609869856,7044.083512704114,2024
2024-08-10 18:30:00,2024-08-11 02:30:00,BNBUSDT,TP,0.00622025934137861,3789.717409196978,7044.083512704092,23.57302511574265,7067.656537819857,2024
2024-08-11 03:15:00,2024-08-11 07:30:00,ETHUSDT,TP,0.006522258320377244,3644.495402832403,7067.656537819835,23.770340464700258,7091.4268782845575,2024
2024-08-17 15:00:00,2024-08-17 19:30:00,BNBUSDT,TP,0.005951065913623163,3968.450860855443,7091.426878284535,23.616512647925326,7115.043390932482,2024
2024-08-18 02:45:00,2024-08-18 03:30:00,BTCUSDT,SL,-0.010752955281026287,5334.705987660717,7115.04339093246,-57.36385492273887,7057.679536009744,2024
2024-08-18 09:45:00,2024-08-18 10:15:00,ETHUSDT,TP,0.006175852737912043,3821.377563395194,7057.679536009721,23.600265087489863,7081.279801097233,2024
2024-08-19 06:30:00,2024-08-19 07:45:00,XRPUSDT,TP,0.006234873431966473,3801.758115270331,7081.279801097211,23.70348066766192,7104.983281764895,2024
2024-08-20 00:15:00,2024-08-20 01:45:00,DOGEUSDT,TP,0.01238369561086805,2028.6511958272206,7104.983281764873,25.122198909747773,7130.105480674643,2024
2024-08-20 00:15:00,2024-08-20 05:15:00,SOLUSDT,TP,0.012253806855892975,2048.914414208171,7104.983281764873,25.107001495962024,7155.212482170605,2024
2024-08-20 00:15:00,2024-08-20 01:00:00,BTCUSDT,TP,0.008050750072092987,3027.433694669366,7104.983281764873,24.373112035616135,7179.585594206221,2024
2024-08-20 00:15:00,2024-08-20 01:00:00,BNBUSDT,TP,0.008304560992514823,2942.570857785829,7104.983281764873,24.436759163279078,7204.0223533695,2024
2024-08-21 13:45:00,2024-08-21 18:15:00,BTCUSDT,TP,0.007780363221307905,3166.9324182650194,7204.022353369478,24.63988451143686,7228.662237880937,2024
2024-08-21 13:45:00,2024-08-21 17:45:00,DOGEUSDT,TP,0.010200688567593368,2466.975812377856,7204.022353369478,25.164851965852158,7253.827089846789,2024
2024-08-21 13:45:00,2024-08-21 17:15:00,ETHUSDT,TP,0.009182695736775652,2719.813889507642,7204.022353369478,24.975223408005032,7278.802313254793,2024
2024-08-21 13:45:00,2024-08-21 18:15:00,SOLUSDT,TP,0.010241728464958195,2457.7648466535375,7204.022353369478,25.17176019014515,7303.974073444939,2024
2024-08-23 12:45:00,2024-08-23 14:00:00,DOGEUSDT,TP,0.008510105682442955,2957.8391127165273,7303.974073444918,25.171523440880947,7329.14559688582,2024
2024-08-23 14:00:00,2024-08-23 14:45:00,XRPUSDT,SL,-0.013567658265556221,4288.505032495348,7329.145596885799,-58.18497075101496,7270.960626134805,2024
2024-08-23 14:00:00,2024-08-23 14:45:00,SOLUSDT,SL,-0.015179548618488845,3809.446395725177,7329.145596885799,-57.825676773437415,7213.134949361367,2024
2024-08-23 14:00:00,2024-08-23 14:45:00,ETHUSDT,SL,-0.014939485586854012,3873.896036623753,7329.145596885799,-57.87401400411144,7155.260935357256,2024
2024-08-23 14:00:00,2024-08-23 14:45:00,BTCUSDT,SL,-0.014997734727438981,3858.058353008374,7329.145596885799,-57.86213574139973,7097.398799615856,2024
2024-08-23 21:45:00,2024-08-24 02:45:00,BNBUSDT,SL,-0.02004799207510422,2758.343499673715,7097.398799615836,-55.29924862187388,7042.099550993982,2024
2024-08-24 16:15:00,2024-08-24 21:15:00,ETHUSDT,SL,-0.015588633200568011,3559.340400060087,7042.099550993962,-55.4852519324997,6986.614299061483,2024
2024-08-27 07:45:00,2024-08-27 14:30:00,XRPUSDT,TP,0.00596486131724983,3901.763920898197,6986.614299061463,23.273480680806678,7009.887779742289,2024
2024-08-28 09:45:00,2024-08-28 15:15:00,DOGEUSDT,SL,-0.024705831275871292,2194.628846005468,7009.887779742269,-54.22012998257121,6955.667649759718,2024
2024-08-28 09:45:00,2024-08-28 15:15:00,ETHUSDT,SL,-0.026703488458725416,2025.7068113088972,7009.887779742269,-54.0934384565486,6901.57421130317,2024
2024-08-28 09:45:00,2024-08-28 14:45:00,BTCUSDT,SL,-0.018224432966538362,3008.6331527175107,7009.887779742269,-54.83063321260525,6846.743578090564,2024
2024-09-02 09:45:00,2024-09-02 20:30:00,ETHUSDT,TP,0.009703808562904297,2456.0702698296036,6846.743578090544,23.833235715467175,6870.576813806032,2024
2024-09-04 14:30:00,2024-09-04 15:00:00,BTCUSDT,TP,0.008113305448042828,2906.891024212867,6870.576813806011,23.58449478361305,6894.161308589644,2024
2024-09-08 22:15:00,2024-09-09 13:45:00,BTCUSDT,TP,0.006672450220175035,3483.0957622241162,6894.161308589624,23.240783085543036,6917.402091675188,2024
2024-09-08 22:15:00,2024-09-09 02:15:00,SOLUSDT,SL,-0.022420066502968756,2386.066042175671,6894.161308589624,-53.495759346054,6863.906332329134,2024
2024-09-08 22:15:00,2024-09-09 14:15:00,ETHUSDT,TIMEOUT,-0.017456823169658044,2657.0921423912937,6894.161308589624,-46.384387675212665,6817.521944653921,2024
2024-09-08 22:15:00,2024-09-09 01:00:00,BNBUSDT,TP,0.006407824566141328,3611.8662406876924,6894.161308589624,23.14420522669512,6840.666149880617,2024
2024-09-08 22:15:00,2024-09-09 09:00:00,XRPUSDT,TP,0.0052460688665578615,4311.675780010293,6894.161308589624,22.619348072203582,6863.28549795282,2024
2024-09-09 16:00:00,2024-09-09 16:30:00,DOGEUSDT,TP,0.01288472097285803,1887.6308997123585,6863.285497952798,24.3215974425387,6887.607095395359,2024
2024-09-09 16:00:00,2024-09-09 21:00:00,ETHUSDT,TP,0.011859134173105771,2041.1647829252652,6863.285497952798,24.206447030129034,6911.813542425488,2024
2024-09-10 14:15:00,2024-09-10 18:30:00,SOLUSDT,TP,0.009877392674855148,2438.914376940437,6911.813542425466,24.090115001390377,6935.903657426878,2024
2024-09-12 12:45:00,2024-09-12 15:15:00,XRPUSDT,SL,-0.03342023131562335,1592.2531104279394,6935.903657426857,-53.2134672635225,6882.6901901633555,2024
2024-09-13 05:00:00,2024-09-13 09:00:00,DOGEUSDT,TP,0.00794906173513582,2966.996786430959,6882.690190163334,23.584840623289285,6906.275030786645,2024
2024-09-14 08:15:00,2024-09-14 11:15:00,XRPUSDT,TP,0.006474770137447596,3584.6858616597506,6906.275030786623,23.210016969205157,6929.48504775585,2024
2024-09-17 14:00:00,2024-09-17 14:15:00,BTCUSDT,TP,0.007045039426186678,3333.603271048065,6929.4850477558275,23.485366475798493,6952.97041423165,2024
2024-09-17 14:00:00,2024-09-17 14:15:00,BNBUSDT,TP,0.006989083508807243,3357.706232205979,6929.4850477558275,23.46728925493011,6976.437703486579,2024
2024-09-17 14:00:00,2024-09-17 14:15:00,ETHUSDT,TP,0.007637080432938987,3098.28540895232,6929.4850477558275,23.661854872370128,7000.099558358949,2024
2024-09-19 12:00:00,2024-09-19 16:30:00,BNBUSDT,TP,0.005791950413333243,4012.6218765499398,7000.099558358926,23.240906936433436,7023.340465295383,2024
2024-09-20 03:45:00,2024-09-20 04:00:00,ETHUSDT,TP,0.008186425200376043,2947.2105628713093,7023.340465295359,24.127118822704148,7047.467584118087,2024
2024-09-20 03:45:00,2024-09-20 05:15:00,BNBUSDT,TP,0.007296090251896119,3273.3322545879596,7023.340465295359,23.882527553916358,7071.350111672004,2024
2024-09-21 16:45:00,2024-09-21 17:00:00,XRPUSDT,TP,0.007249314828291011,3314.9792810986205,7071.350111671979,24.031328457945705,7095.381440129949,2024
2024-09-21 23:30:00,2024-09-21 23:45:00,ETHUSDT,TP,0.004698070340902266,4883.872405377378,7095.381440129925,22.944776096454465,7118.326216226404,2024
2024-09-22 22:30:00,2024-09-23 00:45:00,ETHUSDT,TP,0.009196080006178333,2683.843614194467,7118.32621622638,24.680840600203133,7143.0070568266065,2024
2024-09-22 22:30:00,2024-09-22 22:45:00,BTCUSDT,TP,0.00685899508415456,3508.179860233785,7118.32621622638,24.06258841567356,7167.06964524228,2024
2024-09-22 22:30:00,2024-09-23 00:15:00,DOGEUSDT,SL,-0.02369224306857683,2327.036918845168,7118.32621622638,-55.13272431083182,7111.936920931448,2024
2024-09-22 22:30:00,2024-09-23 01:15:00,SOLUSDT,TP,0.012237508281882234,2055.338309049411,7118.32621622638,25.152219579061992,7137.08914051051,2024
2024-09-26 06:30:00,2024-09-26 06:45:00,DOGEUSDT,TP,0.010981348086855332,2281.415919019806,7137.089140510487,25.05302233764945,7162.14216284816,2024
2024-09-28 02:45:00,2024-09-28 05:45:00,BNBUSDT,SL,-0.01648259057627779,3414.317938353772,7162.142162848136,-56.2768046751261,7105.865358173034,2024
2024-09-28 07:30:00,2024-09-28 07:45:00,XRPUSDT,TP,0.007672354872308443,3163.841407438243,7105.86535817301,24.274114037570005,7130.139472210603,2024
2024-09-28 14:15:00,2024-09-29 06:15:00,DOGEUSDT,TIMEOUT,-0.017410239105283422,1382.8780975299626,7130.13947221058,-24.076238331456096,7106.063233879147,2024
2024-09-29 05:45:00,2024-09-29 06:15:00,XRPUSDT,TP,0.007805776913966312,3125.1426129569522,7130.13947221058,24.394166061071736,7130.45739994022,2024
2024-09-29 15:30:00,2024-09-29 22:15:00,XRPUSDT,SL,-0.033480472572632425,1633.9034024295595,7130.4573999401955,-54.703858051373665,7075.753541888846,2024
2024-10-01 18:45:00,2024-10-02 10:00:00,XRPUSDT,SL,-0.05531973036617378,972.4833017877899,7075.753541888822,-53.79751404050694,7021.956027848339,2024
2024-10-04 01:15:00,2024-10-04 08:15:00,ETHUSDT,TP,0.007766444507214284,3091.939961814488,7021.956027848315,24.013380133070473,7045.969407981409,2024
2024-10-04 12:45:00,2024-10-04 14:00:00,DOGEUSDT,SL,-0.025567587160489916,2129.3274893374946,7045.969407981385,-54.44176617686355,6991.527641804546,2024
2024-10-04 12:45:00,2024-10-04 14:15:00,SOLUSDT,SL,-0.024666380195057385,2209.563910962637,7045.969407981385,-54.50194349308232,6937.025698311463,2024
2024-10-04 12:45:00,2024-10-04 14:15:00,ETHUSDT,SL,-0.015074215465296519,3689.1912641141475,7045.969407981385,-55.611664007946295,6881.414034303518,2024
2024-10-04 12:45:00,2024-10-04 14:15:00,BTCUSDT,SL,-0.013567771245793054,4122.773729263164,7045.969407981385,-55.936850856807744,6825.47718344671,2024
2024-10-06 14:30:00,2024-10-06 14:45:00,DOGEUSDT,TP,0.007910984401279922,2955.269083978771,6825.477183446685,23.379087624940862,6848.856271071651,2024
2024-10-07 00:30:00,2024-10-07 01:45:00,ETHUSDT,TP,0.007139565244732732,3255.339200555456,6848.856271071625,23.24170661610177,6872.097977687752,2024
2024-10-07 00:30:00,2024-10-07 00:45:00,BTCUSDT,TP,0.005432577422544507,4154.126873181699,6848.856271071625,22.56761586163231,6894.665593549385,2024
2024-10-08 08:15:00,2024-10-08 11:15:00,BNBUSDT,TP,0.00815921770325423,2902.0500830691553,6894.665593549359,23.678458413508263,6918.344051962893,2024
2024-10-09 15:00:00,2024-10-09 20:15:00,DOGEUSDT,SL,-0.028687223781022488,1857.2919341029287,6918.3440519628675,-53.28054934029879,6865.063502622595,2024
2024-10-10 12:45:00,2024-10-10 13:00:00,XRPUSDT,TP,0.007083389866718874,3286.442852054493,6865.063502622569,23.27915599579347,6888.342658618389,2024
2024-10-14 03:15:00,2024-10-14 03:30:00,ETHUSDT,TP,0.0058479198836545974,3915.0649637035485,6888.342658618362,22.894986247041448,6911.2376448654295,2024
2024-10-14 03:15:00,2024-10-14 03:30:00,BTCUSDT,TP,0.0048991933894532115,4572.561636506326,6888.342658618362,22.40186374243915,6933.639508607868,2024
2024-10-14 03:30:00,2024-10-14 04:00:00,BTCUSDT,TP,0.006507574434721039,3582.6223197776994,6933.639508607843,23.31418141744634,6956.953690025315,2024
2024-10-14 03:30:00,2024-10-14 07:00:00,BNBUSDT,SL,-0.013002154993908393,4244.3387583991125,6933.639508607843,-55.18555038335797,6901.7681396419575,2024
2024-10-14 03:30:00,2024-10-14 04:00:00,ETHUSDT,TP,0.007846179432296933,3024.733064504199,6933.639508607843,23.732598358901317,6925.500738000858,2024
2024-10-15 00:15:00,2024-10-15 05:30:00,DOGEUSDT,SL,-0.026185315167437353,2042.092075253789,6925.500738000833,-53.47282459144666,6872.027913409412,2024
2024-10-15 13:30:00,2024-10-15 13:45:00,BTCUSDT,TP,0.005897419317328005,3876.708154713493,6872.027913409386,22.862573559250357,6894.890486968662,2024
2024-10-15 13:45:00,2024-10-15 14:30:00,SOLUSDT,SL,-0.029277699841863312,1812.6830743073065,6894.890486968637,-53.07119095799533,6841.819296010666,2024
2024-10-15 13:45:00,2024-10-15 14:30:00,BTCUSDT,SL,-0.01853197098136007,2908.09599827104,6894.890486968637,-53.89275065096827,6787.926545359698,2024
2024-10-15 13:45:00,2024-10-15 14:30:00,ETHUSDT,SL,-0.02239970603698724,2388.562623618011,6894.890486968637,-53.50310061997845,6734.42344473972,2024
2024-10-16 01:15:00,2024-10-16 12:00:00,ETHUSDT,TP,0.008255631251468196,2804.255161308857,6734.423444739695,23.15089654679239,6757.574341286512,2024
2024-10-16 05:15:00,2024-10-16 08:15:00,DOGEUSDT,TP,0.013847035026543815,1730.0833951450309,6734.423444739695,23.956525371415086,6781.530866657928,2024
2024-10-17 01:45:00,2024-10-17 10:30:00,ETHUSDT,SL,-0.0128715806608664,4195.94464805543,6781.530866657902,-54.008439985976146,6727.5224266719515,2024
2024-10-17 04:30:00,2024-10-17 05:00:00,XRPUSDT,TP,0.006155609018239672,3682.6209944404595,6781.530866657902,22.668775004136442,6750.191201676088,2024
2024-10-18 00:15:00,2024-10-18 15:45:00,DOGEUSDT,TP,0.022227130167206042,1101.6700876949922,6750.1912016760625,24.486964440513887,6774.678166116602,2024
2024-10-20 14:00:00,2024-10-20 14:15:00,ETHUSDT,TP,0.00449195863226684,4846.479132161831,6774.678166116576,21.770183773815443,6796.448349890417,2024
2024-10-20 14:30:00,2024-10-20 20:30:00,SOLUSDT,TP,0.00698902960923339,3293.26577090244,6796.448349890391,23.01673198391198,6819.465081874329,2024
2024-10-24 00:45:00,2024-10-24 04:45:00,BNBUSDT,TP,0.004800096159055,4607.666844709677,6819.465081874303,22.117243923495995,6841.582325797825,2024
2024-10-24 00:45:00,2024-10-24 13:30:00,BTCUSDT,TP,0.005864088925298629,3866.442430069703,6819.465081874303,22.673162234476465,6864.255488032302,2024
2024-10-25 13:45:00,2024-10-25 14:30:00,BTCUSDT,TP,0.005248822707274333,4291.001640856431,6864.255488032276,22.522706849478656,6886.778194881781,2024
2024-10-26 19:00:00,2024-10-27 08:15:00,SOLUSDT,TP,0.009331750205047526,2561.600684956145,6886.778194881755,23.904217717089388,6910.68241259887,2024
2024-10-27 16:00:00,2024-10-27 23:00:00,DOGEUSDT,TP,0.01012684654701151,2382.589377834529,6910.682412598844,24.128117013869904,6934.81052961274,2024
2024-10-27 23:00:00,2024-10-28 01:15:00,DOGEUSDT,SL,-0.026712514981693178,2003.3143556689229,6934.810529612714,-53.513564738847116,6881.296964873893,2024
2024-10-28 07:00:00,2024-10-28 09:45:00,ETHUSDT,TP,0.005610339739816569,4057.1517676540634,6881.296964873867,22.76199979253663,6904.05896466643,2024
2024-10-28 09:45:00,2024-10-28 15:45:00,ETHUSDT,SL,-0.015887884321308037,3420.586466109528,6904.058964666404,-54.34588208458003,6849.713082581849,2024
2024-10-28 22:00:00,2024-10-29 02:00:00,ETHUSDT,TP,0.009999712810436108,2389.4986324420543,6849.713082581824,23.89430008535037,6873.6073826672,2024
2024-10-29 02:00:00,2024-10-29 02:15:00,BTCUSDT,TP,0.006660098290589514,3478.5001054218965,6873.6073826671745,23.16715260593582,6896.774535273136,2024
2024-10-30 06:00:00,2024-10-30 14:00:00,ETHUSDT,TP,0.00710557502855728,3292.2993432377957,6896.77453527311,23.393679999846015,6920.168215272983,2024
2024-11-04 10:00:00,2024-11-04 10:15:00,DOGEUSDT,TP,0.01549262569050433,1597.6869320115356,6920.168215272956,24.752365608264963,6944.920580881248,2024
2024-11-05 14:30:00,2024-11-05 16:30:00,BTCUSDT,TP,0.0057000981524548775,4037.683080588862,6944.920580881221,23.01518986786289,6967.93577074911,2024
2024-11-06 02:15:00,2024-11-06 03:00:00,ETHUSDT,TP,0.014812799485759216,1678.9883570895474,6967.935770749084,24.87051787249176,6992.806288621601,2024
2024-11-07 01:00:00,2024-11-07 01:15:00,ETHUSDT,TP,0.012929682131518235,1916.9322306044376,6992.806288621577,24.78532440937759,7017.59161303098,2024
2024-11-07 03:00:00,2024-11-07 03:15:00,XRPUSDT,TP,0.01081380954511216,2275.7179151215983,7017.591613030954,24.609180112524683,7042.200793143504,2024
2024-11-09 01:00:00,2024-11-09 01:15:00,BNBUSDT,TP,0.008833264976192842,2755.6634445455034,7042.200793143479,24.341505390878723,7066.542298534383,2024
2024-11-09 05:30:00,2024-11-09 06:00:00,ETHUSDT,TP,0.00874786414561556,2790.051869897162,7066.5422985343575,24.406994717081034,7090.949293251464,2024
2024-11-09 22:45:00,2024-11-10 04:30:00,ETHUSDT,TP,0.009101580254834398,2699.1669520881183,7090.949293251439,24.56668463562676,7115.515977887091,2024
2024-11-10 01:00:00,2024-11-10 02:00:00,XRPUSDT,TP,0.009581766764391245,2573.7185571532527,7090.949293251439,24.660770931828026,7140.176748818919,2024
2024-11-10 04:45:00,2024-11-10 11:00:00,BTCUSDT,TP,0.007707203261558416,3166.018597398248,7140.176748818893,24.401148860022378,7164.577897678941,2024
2024-11-10 12:30:00,2024-11-10 20:00:00,XRPUSDT,SL,-0.033953980447152504,1618.3100191290432,7164.577897678916,-54.94806674693853,7109.629830932003,2024
2024-11-11 20:00:00,2024-11-11 20:30:00,XRPUSDT,TP,0.016328091393932483,1561.1294758304787,7109.629830931977,25.490264759121967,7135.120095691125,2024
2024-11-12 08:15:00,2024-11-12 08:30:00,XRPUSDT,TP,0.020528679281248685,1257.4417803467898,7135.120095691099,25.8136190235816,7160.933714714706,2024
2024-11-13 13:30:00,2024-11-13 17:00:00,SOLUSDT,TP,0.01960311187474962,1319.380623239976,7160.933714714681,25.86396596275013,7186.797680677457,2024
2024-11-14 07:30:00,2024-11-14 07:45:00,BNBUSDT,TP,0.017775340847539844,1454.7905770985822,7186.79768067743,25.85939836971649,7212.657079047172,2024
2024-11-16 11:45:00,2024-11-16 15:45:00,ETHUSDT,SL,-0.020534688988262783,2734.1813725222264,7212.657079047147,-56.14556412224538,7156.511514924927,2024
2024-11-17 04:00:00,2024-11-17 04:30:00,SOLUSDT,TP,0.020478900625029915,1264.1690050273446,7156.511514924901,25.888791427197933,7182.400306352125,2024
2024-11-21 04:00:00,2024-11-21 05:30:00,BTCUSDT,TP,0.008536267586581584,2900.4119144422752,7182.4003063520995,24.75869221298863,7207.1589985651135,2024
2024-11-21 12:00:00,2024-11-21 12:15:00,ETHUSDT,TP,0.01062690900299099,2375.587801353918,7207.158998565088,25.245155393603525,7232.404153958718,2024
2024-11-21 12:15:00,2024-11-21 13:00:00,ETHUSDT,TP,0.013148540719030988,1951.3930365515373,7232.4041539586915,25.657970799931412,7258.062124758649,2024
2024-11-21 13:00:00,2024-11-21 15:30:00,ETHUSDT,SL,-0.035767304688802515,1554.5304362930176,7258.062124758623,-55.601363762909465,7202.460760995739,2024
2024-11-21 14:45:00,2024-11-21 17:15:00,SOLUSDT,TP,0.020415076362773867,1285.9737664692161,7258.062124758623,26.253252642992976,7228.7140136387325,2024
2024-11-22 00:15:00,2024-11-22 00:30:00,BNBUSDT,TP,0.00855180840261106,2914.2373587845527,7228.714013638707,24.9219995320568,7253.63601317079,2024
2024-11-23 08:15:00,2024-11-23 13:45:00,ETHUSDT,TP,0.00865752088263062,2891.424360227837,7253.636013170763,25.03256677921938,7278.668579950008,2024
2024-11-27 15:30:00,2024-11-27 18:00:00,BTCUSDT,TP,0.007784955954066111,3198.0255459677055,7278.668579949983,24.896488015336814,7303.565067965345,2024
2024-11-30 07:00:00,2024-11-30 07:15:00,BNBUSDT,TP,0.007645876709679307,3262.121390288501,7303.56506796532,24.94177796215353,7328.506845927499,2024
2024-12-01 16:00:00,2024-12-01 20:00:00,DOGEUSDT,SL,-0.028031037803200282,2014.7254565956582,7328.5068459274735,-56.47484543690285,7272.032000490596,2024
2024-12-01 19:15:00,2024-12-01 19:45:00,XRPUSDT,TP,0.021606181830603484,1229.275234942302,7328.5068459274735,26.559944246021193,7298.591944736618,2024
2024-12-03 22:45:00,2024-12-04 00:15:00,BNBUSDT,TP,0.02296318243439447,1154.1985082974024,7298.591944736592,26.504070911539213,7325.096015648156,2024
2024-12-04 00:45:00,2024-12-04 09:30:00,ETHUSDT,TP,0.01009966322420145,2531.793797747339,7325.0960156481315,25.570264710370125,7350.666280358527,2024
2024-12-05 02:30:00,2024-12-05 11:15:00,SOLUSDT,TP,0.018322276397808257,1445.2914783948913,7350.666280358501,26.48102994254812,7377.147310301075,2024
2024-12-05 02:30:00,2024-12-05 03:00:00,BTCUSDT,TP,0.01134928382654212,2278.2338976853507,7350.666280358501,25.856323128080366,7403.003633429155,2024
2024-12-07 06:45:00,2024-12-07 07:15:00,DOGEUSDT,TP,0.011530707041922843,2260.559064766393,7403.00363342913,26.065844326784365,7429.06947775594,2024
2024-12-07 07:15:00,2024-12-07 16:15:00,DOGEUSDT,TP,0.014600548358464837,1814.854420247621,7429.069477755914,26.497869726399056,7455.567347482339,2024
2024-12-07 14:30:00,2024-12-08 05:45:00,SOLUSDT,SL,-0.01997755458071416,2897.8215013913496,7429.069477755914,-57.89138720921274,7397.675960273126,2024
2024-12-12 02:45:00,2024-12-12 03:15:00,ETHUSDT,TP,0.007917202074631886,3200.719749251088,7397.6759602731,25.340745039085963,7423.016705312212,2024
2024-12-12 02:45:00,2024-12-12 06:00:00,BTCUSDT,SL,-0.013867184454515857,4229.762102868606,7397.6759602731,-58.65489127919984,7364.361814033013,2024
2024-12-13 14:00:00,2024-12-14 05:30:00,XRPUSDT,TP,0.01700431530441285,1555.4729275174914,7364.361814032986,26.449752106985542,7390.811566139998,2024
2024-12-15 23:15:00,2024-12-16 00:30:00,SOLUSDT,TP,0.011747364579742691,2217.7110378895263,7390.811566139972,26.052260094607824,7416.863826234606,2024
2024-12-15 23:15:00,2024-12-16 00:45:00,DOGEUSDT,TP,0.010958637663674553,2367.102319598715,7390.811566139972,25.94021663332588,7442.8040428679315,2024
2024-12-15 23:15:00,2024-12-16 00:30:00,BTCUSDT,TP,0.006646917881274798,3746.904294177238,7390.811566139972,24.90536515239201,7467.709408020323,2024
2024-12-16 14:30:00,2024-12-16 15:00:00,BTCUSDT,TP,0.006358927800215253,3939.2593464274933,7467.709408020297,25.049465770255555,7492.758873790579,2024
2024-12-16 16:00:00,2024-12-16 16:15:00,XRPUSDT,TP,0.016015612208985636,1675.921250382686,7492.758873790553,26.84090483892742,7519.599778629507,2024
2024-12-16 16:15:00,2024-12-16 16:30:00,XRPUSDT,TP,0.018702377135688845,1449.6171328143469,7519.59977862948,27.11128632024986,7546.711064949756,2024
2024-12-17 16:00:00,2024-12-18 02:00:00,SOLUSDT,SL,-0.03994754366707685,1443.9765274032525,7546.71106494973,-57.68331538267542,7489.027749567081,2024
2024-12-21 05:45:00,2024-12-21 07:30:00,BTCUSDT,TP,0.00547852907513323,4508.906311924953,7489.027749567054,24.702174326932596,7513.729923894013,2024
2024-12-24 13:45:00,2024-12-24 14:15:00,BTCUSDT,TP,0.006017166058982682,4163.705599805845,7513.729923893987,25.05370801474786,7538.783631908761,2024
2024-12-24 13:45:00,2024-12-24 15:30:00,DOGEUSDT,TP,0.013727125963430365,1946.276304135015,7513.729923893987,26.716779986501056,7565.500411895262,2024
2024-12-27 09:00:00,2024-12-27 14:45:00,BTCUSDT,SL,-0.021588642053678803,2722.8863062695214,7565.500411895236,-58.78341781891633,7506.716994076345,2024
2024-12-27 09:00:00,2024-12-27 14:30:00,ETHUSDT,SL,-0.026761974476687496,2181.351251903891,7565.500411895236,-58.37726652814224,7448.339727548204,2024
2024-12-27 09:00:00,2024-12-27 14:30:00,DOGEUSDT,SL,-0.03361734317817055,1726.3717600058442,7565.500411895236,-58.03603190921875,7390.303695638984,2024
2024-12-27 09:00:00,2024-12-27 14:30:00,SOLUSDT,SL,-0.03360696468687299,1726.9170670498245,7565.500411895236,-58.03644088950173,7332.267254749483,2024
2024-12-27 09:00:00,2024-12-27 14:30:00,XRPUSDT,SL,-0.03372986242714383,1720.4818005096877,7565.500411895236,-58.031614439596474,7274.235640309887,2024
2024-12-27 09:00:00,2024-12-27 15:15:00,BNBUSDT,SL,-0.026095881040260206,2238.6774797484686,7565.500411895236,-58.42026119902556,7215.815379110862,2024
2024-12-28 14:00:00,2024-12-28 14:15:00,BNBUSDT,TP,0.007334490262301663,3347.0641677737426,7215.815379110834,24.549009545835336,7240.364388656697,2024
2024-12-30 17:30:00,2024-12-30 20:15:00,BTCUSDT,TP,0.0094629033812416,2658.535525493396,7240.36438865667,25.157464813342372,7265.521853470039,2024
2024-12-31 08:15:00,2024-12-31 12:15:00,XRPUSDT,TP,0.01185667416029621,2161.212910247231,7265.5218534700125,25.624797267826914,7291.146650737866,2024
2024-12-31 08:15:00,2024-12-31 08:30:00,BTCUSDT,TP,0.005637264719541238,4265.629834811295,7265.5218534700125,24.046484574404232,7315.19313531227,2024
2024-12-31 08:15:00,2024-12-31 13:15:00,ETHUSDT,TP,0.006852006488933845,3584.015218899586,7265.5218534700125,24.55769553633762,7339.750830848608,2024
2024-12-31 08:15:00,2024-12-31 13:15:00,DOGEUSDT,TP,0.011281024699739253,2264.6206479073135,7265.5218534700125,25.547241464581916,7365.29807231319,2024
2025-01-02 00:15:00,2025-01-02 00:30:00,DOGEUSDT,TP,0.011916252800452257,2180.5871244088953,7365.298072313163,25.984427427867633,7391.282499741057,2025
2025-01-02 04:30:00,2025-01-02 08:30:00,SOLUSDT,TP,0.012586568040653948,2078.294002590325,7391.282499741031,26.158588872086156,7417.441088613143,2025
2025-01-03 13:00:00,2025-01-03 15:00:00,DOGEUSDT,TP,0.016300681202675218,1631.3368217766615,7417.441088613117,26.591901465966757,7444.032990079109,2025
2025-01-04 12:15:00,2025-01-04 15:15:00,ETHUSDT,TP,0.0051042012749971145,4768.391519440912,7444.032990079084,24.338830073215732,7468.371820152326,2025
2025-01-06 14:45:00,2025-01-06 16:00:00,ETHUSDT,TP,0.008245269865727082,3113.457933294302,7468.3718201523,25.671300875600426,7494.043121027926,2025
2025-01-06 14:45:00,2025-01-06 16:00:00,XRPUSDT,TP,0.010873698622583755,2409.4219262668526,7468.3718201523,26.19932788087097,7520.242448908797,2025
2025-01-06 14:45:00,2025-01-06 15:15:00,BTCUSDT,TP,0.007893542777683024,3240.152220670618,7468.3718201523,25.57628016006817,7545.818729068866,2025
2025-01-12 15:15:00,2025-01-12 22:00:00,SOLUSDT,SL,-0.016459572894482306,3602.493896437755,7545.81872906884,-59.29551089034482,7486.52321817852,2025
2025-01-13 00:15:00,2025-01-13 00:30:00,BTCUSDT,TP,0.004998845820897797,4883.495390694833,7486.523218178495,24.41184052514852,7510.935058703669,2025
2025-01-14 08:00:00,2025-01-14 09:15:00,BTCUSDT,TP,0.004850977726018687,5028.7660204926415,7510.935058703643,24.394431954769438,7535.329490658438,2025
2025-01-15 01:15:00,2025-01-15 01:30:00,XRPUSDT,TP,0.0144178714272997,1862.9829324047498,7535.329490658412,26.86024839066545,7562.189739049104,2025
2025-01-15 13:30:00,2025-01-15 15:15:00,DOGEUSDT,TP,0.018080009285851625,1506.0115526730924,7562.189739049078,27.228702856929335,7589.418441906033,2025
2025-01-15 13:30:00,2025-01-15 14:00:00,ETHUSDT,TP,0.009400368791217119,2793.810954531212,7562.189739049078,26.262853305535714,7615.681295211569,2025
2025-01-15 13:30:00,2025-01-15 15:30:00,SOLUSDT,TP,0.013270515644380925,2022.622579705147,7562.189739049078,26.841244586655257,7642.522539798225,2025
2025-01-15 13:30:00,2025-01-15 14:00:00,BTCUSDT,TP,0.00620874193900889,4075.192293374929,7562.189739049078,25.30181730140274,7667.824357099627,2025
2025-01-15 15:00:00,2025-01-15 21:45:00,XRPUSDT,TP,0.027245674209823007,1019.8568115281176,7613.754409656016,27.786686427563957,7695.611043527191,2025
2025-01-16 11:00:00,2025-01-16 11:30:00,SOLUSDT,TP,0.012283421488389902,2214.195362202768,7695.611043527164,27.197894891574744,7722.808938418766,2025
2025-01-17 01:30:00,2025-01-17 10:30:00,BTCUSDT,TP,0.006966598008963299,3753.018297108533,7722.808938418739,26.145769796239136,7748.954708215006,2025
2025-01-18 00:00:00,2025-01-18 00:45:00,DOGEUSDT,TP,0.015797541995078608,1756.0662583269745,7748.9547082149775,27.74153046206094,7776.6962386770665,2025
2025-01-19 01:00:00,2025-01-19 04:15:00,ETHUSDT,SL,-0.02116407324874396,2857.108479987772,7776.696238677038,-60.468053150068734,7716.228185526998,2025
2025-01-19 14:00:00,2025-01-19 17:15:00,ETHUSDT,TP,0.01995087691961949,1397.8082091924289,7716.228185526969,27.887499538831882,7744.115685065829,2025
2025-01-20 06:30:00,2025-01-20 06:45:00,BTCUSDT,TP,0.01347549295558384,2041.4360268336286,7744.115685065801,27.509356798871625,7771.6250418647005,2025
2025-01-20 06:45:00,2025-01-20 17:00:00,BTCUSDT,SL,-0.03950223510825286,1504.0987352384193,7771.625041864672,-59.41526186541381,7712.209779999286,2025
2025-01-21 11:15:00,2025-01-21 11:30:00,DOGEUSDT,TP,0.03006331130271121,938.5809396101001,7712.209779999259,28.21685097028963,7740.426630969576,2025
2025-01-21 16:00:00,2025-01-22 08:00:00,BTCUSDT,TIMEOUT,-0.010401420276177345,1987.5760959381323,7740.426630969549,-20.673614304736297,7719.753016664839,2025
2025-01-23 14:30:00,2025-01-23 20:15:00,SOLUSDT,TP,0.017064617533660092,1625.01798075624,7719.753016664812,27.73031032692585,7747.483326991765,2025
2025-01-23 14:30:00,2025-01-23 15:00:00,BTCUSDT,SL,-0.021930451823876065,2733.5652754923412,7719.753016664812,-59.94832158160529,7687.53500541016,2025
2025-01-27 07:30:00,2025-01-27 12:45:00,BNBUSDT,TP,0.01204784483966812,2252.586793436672,7687.535005410133,27.138816175210565,7714.673821585371,2025
2025-01-27 07:30:00,2025-01-27 13:00:00,XRPUSDT,TP,0.033428142639757887,843.4705353693902,7687.535005410133,28.195653368760926,7742.869474954132,2025
2025-01-29 19:30:00,2025-01-29 20:15:00,BTCUSDT,TP,0.010111263034046665,2673.331862055066,7742.869474954104,27.030761634536525,7769.900236588668,2025
2025-01-29 19:30:00,2025-01-30 03:45:00,BNBUSDT,TP,0.008294405015932371,3210.356068744057,7742.869474954104,26.62799347951964,7796.528230068188,2025
2025-01-29 19:30:00,2025-01-30 11:30:00,XRPUSDT,TIMEOUT,0.0005419479344982408,1296.2150630636613,7742.869474954104,0.7024810760928583,7797.230711144281,2025
2025-01-29 19:30:00,2025-01-30 11:30:00,DOGEUSDT,TIMEOUT,0.00358188937020989,1349.1619470905575,7742.869474954104,4.832548836975346,7802.063259981256,2025
2025-01-29 19:30:00,2025-01-30 03:30:00,SOLUSDT,TP,0.023389814657082442,1202.8162164268747,7742.869474954104,28.13364836875776,7830.196908350014,2025
2025-01-29 19:30:00,2025-01-30 03:45:00,ETHUSDT,TP,0.016106978928840127,1722.4771208203476,7742.869474954104,27.743902690462548,7857.940811040477,2025
2025-02-05 05:45:00,2025-02-05 21:45:00,ETHUSDT,TIMEOUT,6.156589125024903e-05,1705.2483756149174,7857.940811040447,0.10498513604777182,7858.045796176524,2025
2025-02-08 13:30:00,2025-02-08 14:00:00,BNBUSDT,TP,0.007224318811278206,3695.321498055121,7858.045796176495,26.69618061212037,7884.741976788645,2025
2025-02-08 14:00:00,2025-02-08 16:45:00,BNBUSDT,TP,0.009579606760498044,2862.430593779116,7884.741976788616,27.42095946762285,7912.162936256267,2025
2025-02-09 03:30:00,2025-02-09 13:30:00,ETHUSDT,SL,-0.019268853138328643,3204.3680879515673,7912.162936256239,-61.74449808788571,7850.418438168382,2025
2025-02-09 07:00:00,2025-02-09 07:15:00,BNBUSDT,TP,0.009921305414980038,2780.410629922564,7912.162936256239,27.585303038518795,7878.0037412069005,2025
2025-02-11 04:30:00,2025-02-11 04:45:00,BNBUSDT,TP,0.009875164202795108,2780.4289388538905,7878.003741206872,27.457192325385527,7905.460933532286,2025
2025-02-12 22:15:00,2025-02-13 06:45:00,ETHUSDT,SL,-0.031923088982257056,1901.9917158430692,7905.4609335322575,-60.71745078837407,7844.743482743912,2025
2025-02-14 08:15:00,2025-02-14 09:15:00,XRPUSDT,TP,0.01837679405682854,1538.040717795409,7844.743482743884,28.264257521942973,7873.007740265855,2025
2025-02-14 17:30:00,2025-02-14 21:00:00,DOGEUSDT,SL,-0.04345062206539666,1382.8266473861072,7873.007740265827,-60.08467803753328,7812.923062228321,2025
2025-02-16 14:30:00,2025-02-16 15:15:00,BNBUSDT,TP,0.009842420721852214,2765.9835511360884,7812.923062228294,27.22397382000421,7840.147036048325,2025
2025-02-17 14:00:00,2025-02-17 15:00:00,ETHUSDT,TP,0.010522703569968511,2608.1189133285625,7840.147036048298,27.44446220018486,7867.59149824851,2025
2025-02-17 14:00:00,2025-02-17 15:45:00,XRPUSDT,SL,-0.02535245560138231,2390.0501528415916,7840.147036048298,-60.593640384993456,7806.997857863517,2025
2025-02-21 09:15:00,2025-02-21 13:00:00,ETHUSDT,TP,0.007730187071863094,3452.3108651842476,7806.997857863489,26.687008818099763,7833.684866681617,2025
2025-02-23 23:00:00,2025-02-24 01:15:00,ETHUSDT,SL,-0.01735343123099155,3538.584024153131,7833.684866681589,-61.406574518226705,7772.278292163391,2025
2025-02-28 14:00:00,2025-02-28 15:30:00,SOLUSDT,TP,0.027845435782499258,1019.25509431999,7772.278292163362,28.381602274872506,7800.659894438263,2025
2025-03-02 09:30:00,2025-03-02 13:15:00,ETHUSDT,SL,-0.018403554050023432,3314.060672570878,7800.659894438234,-60.99049471271516,7739.669399725548,2025
2025-03-02 15:15:00,2025-03-02 15:30:00,SOLUSDT,TP,0.024028466061254004,1171.3299837537152,7739.669399725519,28.145262761155347,7767.814662486703,2025
2025-03-02 15:15:00,2025-03-02 15:30:00,DOGEUSDT,TP,0.016471708377773103,1685.300877956431,7739.669399725519,27.75978459050331,7795.574447077206,2025
2025-03-02 15:15:00,2025-03-02 15:30:00,BNBUSDT,TP,0.006759447274610857,3864.9662468633123,7739.669399725519,26.125035563823168,7821.69948264103,2025
2025-03-02 15:15:00,2025-03-02 15:30:00,BTCUSDT,TP,0.008279446213878957,3214.345549161021,7739.669399725519,26.613001087099896,7848.312483728129,2025
2025-03-02 15:15:00,2025-03-02 15:30:00,XRPUSDT,TP,0.026483112119686177,1065.7526073926083,7739.669399725519,28.22444579342633,7876.536929521555,2025
2025-03-02 15:30:00,2025-03-02 16:00:00,SOLUSDT,TP,0.03149668491709792,915.9705427594047,7876.536929521527,28.850035578636138,7905.386965100191,2025
2025-03-02 15:30:00,2025-03-02 16:15:00,DOGEUSDT,TP,0.022252874722444433,1284.0574859491705,7876.536929521527,28.573970371243846,7933.960935471436,2025
2025-03-02 15:30:00,2025-03-02 16:15:00,BTCUSDT,TP,0.01124429191493594,2462.5891795183566,7876.536929521527,27.690071601066986,7961.651007072503,2025
2025-03-02 16:15:00,2025-03-02 22:45:00,DOGEUSDT,TP,0.03460019006824541,844.5836138047015,7961.651007072474,29.22275356616825,7990.87376063867,2025
2025-03-02 16:30:00,2025-03-03 08:30:00,ETHUSDT,TIMEOUT,-0.04808677839663806,1006.159208157871,7961.651007072474,-48.38295487442437,7942.490805764246,2025
2025-03-02 16:30:00,2025-03-02 17:30:00,BTCUSDT,TP,0.01730235806332784,1653.8665570329363,7961.651007072474,28.615791358747078,7971.106597122993,2025
2025-03-05 10:15:00,2025-03-05 10:30:00,BTCUSDT,TP,0.008545864059725641,3215.5859366228256,7971.1065971229655,27.47996028674422,7998.586557409737,2025
2025-03-10 09:15:00,2025-03-10 14:00:00,XRPUSDT,SL,-0.0458957516274992,1328.793895725772,7998.58655740971,-60.9859946023671,7937.600562807371,2025
2025-03-10 09:15:00,2025-03-10 14:00:00,ETHUSDT,SL,-0.03215875538519913,1909.9578587199248,7998.58655740971,-61.421867574612776,7876.1786952327575,2025
2025-03-10 09:15:00,2025-03-10 13:45:00,SOLUSDT,SL,-0.037672715168796,1624.728812773521,7998.58655740971,-61.20794579015294,7814.970749442605,2025
2025-03-10 09:15:00,2025-03-10 14:00:00,DOGEUSDT,SL,-0.04465629025416019,1366.3053478969039,7998.58655740971,-61.01412819149545,7753.956621251109,2025
2025-03-13 12:15:00,2025-03-13 17:00:00,XRPUSDT,SL,-0.031174474897660037,1911.443824585314,7753.956621251082,-59.588257527822165,7694.368363723288,2025
2025-03-13 13:00:00,2025-03-13 14:30:00,BNBUSDT,SL,-0.03326307249489824,1788.6551530467805,7753.956621251082,-59.49616602416836,7634.872197699119,2025
2025-03-14 13:45:00,2025-03-14 14:30:00,SOLUSDT,TP,0.011072737611840425,2421.6701479273424,7634.872197699091,26.81451813042625,7661.686715829545,2025
2025-03-19 10:30:00,2025-03-19 11:00:00,ETHUSDT,TP,0.0072286930332977,3601.0064636470534,7661.686715829517,26.03057033662544,7687.717286166171,2025
2025-03-19 11:00:00,2025-03-19 11:30:00,ETHUSDT,TP,0.010357970625544813,2595.338140058238,7687.717286166143,26.882436218079338,7714.59972238425,2025
2025-03-19 13:00:00,2025-03-19 13:15:00,XRPUSDT,TP,0.016884712653187948,1640.5001616916688,7714.599722384222,27.699373837672194,7742.299096221923,2025
2025-03-20 09:00:00,2025-03-20 15:30:00,BNBUSDT,SL,-0.01995120289336033,3024.146119602932,7742.299096221895,-60.335352811366434,7681.963743410555,2025
2025-03-21 18:30:00,2025-03-22 09:15:00,SOLUSDT,TP,0.012932777339098289,2105.374027791352,7681.963743410528,27.22833351694609,7709.192076927502,2025
2025-03-24 00:15:00,2025-03-24 03:00:00,SOLUSDT,TP,0.008819125057817304,3021.11949773937,7709.192076927474,26.643630665173706,7735.835707592675,2025
2025-03-24 14:00:00,2025-03-24 14:15:00,DOGEUSDT,TP,0.010355128496866253,2612.2510794592313,7735.835707592648,27.050195593877916,7762.885903186553,2025
2025-03-26 07:15:00,2025-03-26 07:45:00,DOGEUSDT,TP,0.013202916715481353,2086.3610620315467,7762.885903186526,27.546051340425738,7790.431954526979,2025
2025-04-01 08:15:00,2025-04-01 14:00:00,ETHUSDT,SL,-0.0171154750657966,3570.213478316044,7790.431954526952,-61.1058997676892,7729.32605475929,2025
2025-04-01 08:15:00,2025-04-01 12:30:00,SOLUSDT,SL,-0.019933387730781103,3045.7727529116264,7790.431954526952,-60.712569223635995,7668.613485535654,2025
2025-04-02 13:30:00,2025-04-02 13:45:00,BTCUSDT,TP,0.006623616772152742,3900.0264672506314,7668.613485535627,25.832280720320888,7694.445766255974,2025
2025-04-02 15:30:00,2025-04-02 20:15:00,XRPUSDT,SL,-0.034739390607010694,1697.8340069155795,7694.445766255948,-58.98171875210641,7635.464047503869,2025
2025-04-04 13:45:00,2025-04-05 05:45:00,XRPUSDT,TIMEOUT,0.005244807646920064,1223.9341402118866,7635.464047503841,6.419299137909837,7641.883346641778,2025
2025-04-07 13:45:00,2025-04-07 14:15:00,DOGEUSDT,TP,0.03843848418647833,731.262337515836,7641.883346641751,28.108615796769637,7669.991962438548,2025
2025-04-07 13:45:00,2025-04-07 14:15:00,SOLUSDT,TP,0.03454291092326256,811.9778675161049,7641.883346641751,28.048079149269498,7698.0400415878175,2025
2025-04-07 13:45:00,2025-04-07 14:00:00,BTCUSDT,TP,0.019850782155352777,1391.066724253504,7641.883346641751,27.613762506716498,7725.653804094534,2025
2025-04-07 13:45:00,2025-04-07 14:00:00,XRPUSDT,TP,0.04418342999105904,637.7670824508348,7641.883346641751,28.178737238068436,7753.832541332603,2025
2025-04-09 17:15:00,2025-04-09 17:30:00,XRPUSDT,TP,0.03165630063432377,897.2598371564762,7753.832541332575,28.403927152129803,7782.2364684847325,2025
2025-04-09 17:15:00,2025-04-09 17:45:00,DOGEUSDT,TP,0.02695306173600773,1049.590558151331,7753.832541332575,28.289679111383634,7810.526147596116,2025
2025-04-09 17:15:00,2025-04-09 17:30:00,SOLUSDT,TP,0.027658879575125986,1023.513509327415,7753.832541332575,28.309236898001558,7838.8353844941175,2025
2025-04-09 17:15:00,2025-04-09 18:00:00,BTCUSDT,TP,0.018359034831484156,1521.6295478246777,7753.832541332575,27.935649869128746,7866.771034363246,2025
2025-04-09 17:15:00,2025-04-09 17:45:00,ETHUSDT,TP,0.028108877852861612,1007.553799501389,7753.832541332575,28.321206680371162,7895.092241043618,2025
2025-04-12 08:00:00,2025-04-12 13:00:00,ETHUSDT,TP,0.008301906468119959,3270.758045079819,7895.092241043589,27.153527370103543,7922.245768413721,2025
2025-04-12 13:30:00,2025-04-12 13:45:00,XRPUSDT,TP,0.011250755309186008,2475.5459857439973,7922.2457684136925,27.851762142243388,7950.097530555964,2025
2025-04-13 09:45:00,2025-04-13 12:15:00,XRPUSDT,SL,-0.028084149720384755,2181.3640478709603,7950.097530555936,-61.26175451507259,7888.835776040892,2025
2025-04-19 02:00:00,2025-04-19 03:15:00,SOLUSDT,TP,0.008844226109983259,3083.430994957559,7888.8357760408635,27.270560913935302,7916.1063369548265,2025
2025-04-19 04:15:00,2025-04-19 17:30:00,ETHUSDT,TP,0.004755419904736018,5392.031720967138,7916.106336954799,25.641374972855136,7941.747711927682,2025
2025-04-21 00:15:00,2025-04-21 00:45:00,DOGEUSDT,TP,0.010578589204428685,2628.884619462268,7941.747711927655,27.80989045513216,7969.557602382814,2025
2025-04-21 00:15:00,2025-04-21 01:45:00,ETHUSDT,TP,0.006575066312855336,4065.7043428347442,7941.747711927655,26.73227566260237,7996.289878045416,2025
2025-04-21 00:15:00,2025-04-21 00:30:00,BTCUSDT,TP,0.004675250361406313,5489.434023466594,7941.747711927655,25.664478402128303,8021.954356447544,2025
2025-04-21 00:15:00,2025-04-21 00:30:00,SOLUSDT,TP,0.010191414797979694,2721.910691588794,7941.747711927655,27.74012090103718,8049.694477348582,2025
2025-04-22 07:30:00,2025-04-22 08:00:00,ETHUSDT,TP,0.009579141377663277,2922.4456502585094,8049.694477348555,27.99452005236335,8077.6889974009455,2025
2025-04-22 13:00:00,2025-04-22 13:45:00,BTCUSDT,TP,0.0051953278667983905,5094.981205227539,8077.688997400918,26.470097836332684,8104.159095237278,2025
2025-04-22 15:00:00,2025-04-22 21:45:00,ETHUSDT,TP,0.016835589128819613,1728.153454770248,8104.159095237251,29.094481516062043,8133.25357675334,2025
2025-04-22 15:00:00,2025-04-22 21:45:00,XRPUSDT,TP,0.011813859723725543,2418.8901560043914,8104.159095237251,28.576428990136474,8161.830005743476,2025
2025-04-22 21:45:00,2025-04-23 07:45:00,BTCUSDT,TP,0.009687210350067959,2932.475392846565,8161.830005743449,28.407505976902847,8190.237511720379,2025
2025-04-22 21:45:00,2025-04-23 08:15:00,XRPUSDT,TP,0.01321689212129357,2191.3867634787243,8161.830005743449,28.963322448928967,8219.200834169309,2025
2025-04-26 08:15:00,2025-04-26 09:30:00,ETHUSDT,SL,-0.018930608445085723,3390.645942486706,8219.200834169282,-64.18699071313448,8155.013843456174,2025
2025-04-27 12:30:00,2025-04-27 12:45:00,XRPUSDT,TP,0.0076787744730036295,3628.20265400492,8155.013843456148,27.860149922457,8182.873993378631,2025
2025-04-28 10:30:00,2025-04-28 13:45:00,ETHUSDT,SL,-0.02033878711772706,3132.994124725597,8182.873993378605,-63.721300543883544,8119.1526928347475,2025
2025-05-01 10:15:00,2025-05-01 14:45:00,DOGEUSDT,TP,0.007658248842930379,3621.0658327185265,8119.152692834721,27.731023223591382,8146.883716058339,2025
2025-05-01 10:15:00,2025-05-01 11:00:00,ETHUSDT,TP,0.006524974579178072,4185.1448780691435,8119.152692834721,27.307963939578475,8174.191679997917,2025
2025-05-01 10:15:00,2025-05-01 15:15:00,XRPUSDT,TP,0.0062573162139211635,4345.004801930135,8119.152692834721,27.188068996682745,8201.3797489946,2025
2025-05-08 00:45:00,2025-05-08 01:00:00,BTCUSDT,TP,0.005128580441735523,5231.734831827785,8201.379748994574,26.83137293485846,8228.211121929458,2025
2025-05-08 15:15:00,2025-05-08 15:30:00,BTCUSDT,TP,0.0057823931636050195,4723.504990352841,8228.211121929433,27.31316296447046,8255.524284893929,2025
2025-05-09 07:00:00,2025-05-09 07:15:00,DOGEUSDT,TP,0.014505513860259465,2029.3132274618492,8255.524284893903,29.436231147755723,8284.960516041685,2025
2025-05-09 07:15:00,2025-05-09 08:15:00,DOGEUSDT,TP,0.017344836519164977,1716.987158311724,8284.96051604166,29.780861566422487,8314.741377608107,2025
2025-05-09 08:15:00,2025-05-09 16:00:00,XRPUSDT,SL,-0.0328679565515112,1941.6104580640424,8314.741377608081,-63.81676817560871,8250.924609432499,2025
2025-05-09 23:15:00,2025-05-09 23:30:00,BNBUSDT,TP,0.009134637827254767,3130.2074821657975,8250.924609432472,28.593311673747596,8279.517921106246,2025
2025-05-10 05:45:00,2025-05-10 06:00:00,DOGEUSDT,TP,0.01660009323076397,1789.5115485083304,8279.517921106219,29.706058542767085,8309.223979649014,2025
2025-05-12 07:00:00,2025-05-12 07:30:00,ETHUSDT,TP,0.012656219810848532,2324.263689788889,8309.223979648985,29.41639215634205,8338.640371805355,2025
2025-05-12 07:00:00,2025-05-12 07:45:00,BTCUSDT,SL,-0.013143011539516561,5028.5743419713035,8309.223979648985,-66.09061060384575,8272.54976120151,2025
2025-05-12 08:30:00,2025-05-12 11:00:00,BNBUSDT,TP,0.01087150582373245,2669.366782156142,8272.54976120148,29.02003651788845,8301.569797719398,2025
2025-05-20 17:00:00,2025-05-20 19:45:00,BTCUSDT,TP,0.005810764502796409,4745.009019631605,8301.569797719369,27.57212997672412,8329.141927696122,2025
2025-05-21 04:00:00,2025-05-21 07:45:00,BNBUSDT,SL,-0.01575182564244584,4164.064157696483,8329.141927696093,-65.5916125759931,8263.550315120128,2025
2025-05-21 14:45:00,2025-05-21 17:15:00,BTCUSDT,SL,-0.016313466717489317,3982.186519778089,8263.550315120101,-64.96326725323446,8198.587047866895,2025
2025-05-25 22:00:00,2025-05-25 22:45:00,BTCUSDT,TP,0.004924825902336647,5417.734739111768,8198.587047866866,26.681400375166714,8225.268448242061,2025
2025-05-27 06:00:00,2025-05-27 08:00:00,ETHUSDT,TP,0.008450831327443425,3352.3880161683155,8225.268448242032,28.330465668781116,8253.598913910842,2025
2025-05-27 13:00:00,2025-05-27 14:30:00,XRPUSDT,SL,-0.014726761919992004,4428.922250280862,8253.598913910813,-65.22368354204148,8188.375230368801,2025
2025-05-27 14:00:00,2025-05-27 15:00:00,BNBUSDT,SL,-0.013742176639674548,4764.55897815453,8253.598913910813,-65.47541108794682,8122.899819280854,2025
2025-06-08 06:00:00,2025-06-08 06:15:00,XRPUSDT,TP,0.004902876278916636,5388.562002659043,8122.899819280825,26.419452820308546,8149.319272101162,2025
2025-06-09 09:30:00,2025-06-09 10:45:00,DOGEUSDT,TP,0.008096812216768823,3454.345646950001,8149.319272101134,27.969188035166972,8177.288460136329,2025
2025-06-09 17:00:00,2025-06-09 22:00:00,XRPUSDT,TP,0.008396129224081455,3352.7660690351336,8177.2884601363,28.150257173734587,8205.438717310064,2025
2025-06-09 21:00:00,2025-06-09 21:15:00,DOGEUSDT,TP,0.011232538230821659,2559.1265502190854,8177.2884601363,28.74548681284662,8234.18420412291,2025
2025-06-09 21:15:00,2025-06-10 07:45:00,BTCUSDT,SL,-0.013112134038788826,4978.529953566841,8206.033946949146,-65.27915206729352,8168.905052055617,2025
2025-06-09 21:15:00,2025-06-09 23:30:00,SOLUSDT,TP,0.009128023790293791,3115.261509219759,8206.033946949146,28.4361811691445,8197.34123322476,2025
2025-06-09 21:15:00,2025-06-10 06:00:00,DOGEUSDT,SL,-0.03041845493598529,2074.4340996156634,8206.033946949146,-63.10108017683028,8134.240153047931,2025
2025-06-10 11:15:00,2025-06-10 11:30:00,ETHUSDT,TP,0.009732944374135239,2909.8123089531387,8134.240153047901,28.32104134221492,8162.561194390146,2025
2025-06-10 18:45:00,2025-06-11 03:15:00,SOLUSDT,TP,0.015039196548927956,1938.6423105260085,8162.561194390116,29.155622746068467,8191.716817136215,2025
2025-06-11 07:00:00,2025-06-11 07:15:00,DOGEUSDT,TP,0.013651847335547153,2132.9859530199983,8191.7168171361845,29.11919859949557,8220.83601573571,2025
2025-06-11 12:30:00,2025-06-11 14:15:00,ETHUSDT,TP,0.008887672465594887,3198.7116359329107,8220.83601573568,28.429101332058906,8249.26511706777,2025
2025-06-11 12:30:00,2025-06-11 18:15:00,SOLUSDT,SL,-0.02485874366881031,2557.4236038596573,8220.83601573568,-63.5743378209123,8185.690779246856,2025
2025-06-15 14:45:00,2025-06-15 20:45:00,SOLUSDT,SL,-0.02480148777471338,2552.552316904752,8185.6907792468255,-63.30709508202952,8122.383684164827,2025
2025-06-16 11:30:00,2025-06-16 11:45:00,XRPUSDT,TP,0.0064504912474687036,4230.119552790974,8122.383684164796,27.286349151024403,8149.6700333158515,2025
2025-06-23 13:30:00,2025-06-23 16:00:00,ETHUSDT,SL,-0.025360556510699697,2483.5897239176625,8149.670033315821,-62.985217542806936,8086.684815773045,2025
2025-06-23 13:30:00,2025-06-23 13:45:00,BNBUSDT,TP,0.0048065828665973635,5500.01023266452,8149.670033315821,26.436254950435462,8113.12107072348,2025
2025-06-23 13:30:00,2025-06-23 16:15:00,BTCUSDT,SL,-0.013843722486725347,4668.078562978218,8149.670033315821,-64.6235841721021,8048.497486551378,2025
2025-06-23 22:00:00,2025-06-24 14:00:00,BTCUSDT,TIMEOUT,-0.0017357218447146005,2970.0760536110492,8048.497486551348,-5.155225886716432,8043.342260664662,2025
2025-06-23 22:00:00,2025-06-24 05:30:00,DOGEUSDT,TP,0.016842338396478154,1715.6255691744675,8048.497486551348,28.895146397686823,8072.237407062348,2025
2025-06-23 22:00:00,2025-06-24 14:00:00,SOLUSDT,TIMEOUT,-0.007486321143799765,1514.615971996001,8048.497486551348,-11.338901575890496,8060.898505486458,2025
2025-06-23 22:00:00,2025-06-23 22:15:00,XRPUSDT,TP,0.015630046290669757,1842.599528656974,8048.497486551348,28.79991592807478,8089.698421414533,2025
2025-06-23 22:00:00,2025-06-24 14:00:00,ETHUSDT,TIMEOUT,0.009695091514143148,1513.5991298932174,8048.497486551348,14.674482080042184,8104.372903494575,2025
2025-06-23 22:00:00,2025-06-24 14:00:00,BNBUSDT,TIMEOUT,0.0004386329157478079,3986.496004766967,8048.497486551348,1.7486083661879217,8106.121511860763,2025
2025-06-27 21:15:00,2025-06-28 01:45:00,XRPUSDT,TP,0.010061611732885138,2811.6026010273476,8106.1215118607315,28.289253718707133,8134.4107655794705,2025
2025-06-29 22:00:00,2025-06-29 22:15:00,DOGEUSDT,TP,0.006067405477539391,4474.435395022608,8134.410765579439,27.1482138246563,8161.558979404126,2025
2025-06-29 22:15:00,2025-06-29 22:45:00,ETHUSDT,TP,0.006935440153546598,3982.3153340985946,8161.558979404095,27.61910967219173,8189.178089076318,2025
2025-06-29 22:15:00,2025-06-30 01:15:00,SOLUSDT,SL,-0.018075174855339583,3533.1067568801736,8161.558979404095,-63.8615224131909,8125.316566663128,2025
2025-06-29 22:15:00,2025-06-30 06:30:00,DOGEUSDT,SL,-0.01905737353502333,3343.5540181899028,8161.558979404095,-63.719357859173165,8061.597208803954,2025
2025-06-30 15:15:00,2025-06-30 15:45:00,SOLUSDT,TP,0.012880322194861843,2217.921858399699,8061.5972088039225,28.567548139214868,8090.16475694317,2025
2025-06-30 19:15:00,2025-06-30 19:45:00,XRPUSDT,TP,0.011423645901069028,2492.114366154901,8090.164756943137,28.46903206392067,8118.63378900709,2025
2025-07-02 16:00:00,2025-07-02 16:15:00,DOGEUSDT,TP,0.010905316107514816,2612.1021882149603,8118.633789007058,28.485800067615305,8147.119589074706,2025
2025-07-02 16:00:00,2025-07-02 16:45:00,ETHUSDT,TP,0.009449446153422492,2984.9539132632444,8118.633789007058,28.20616127382878,8175.325750348534,2025
2025-07-02 16:30:00,2025-07-03 08:30:00,XRPUSDT,TIMEOUT,0.004001429828420457,2664.906632370321,8147.119589074673,10.663436888722112,8185.989187237256,2025
2025-07-03 13:30:00,2025-07-04 05:30:00,BTCUSDT,TIMEOUT,-0.009352888633027506,5728.978026821799,8185.989187237224,-53.58249346592596,8132.4066937713305,2025
2025-07-06 13:30:00,2025-07-06 16:45:00,SOLUSDT,TP,0.006513565726634448,4198.5611818471325,8132.406693771298,27.347604215257302,8159.7542979865875,2025
2025-07-06 13:30:00,2025-07-06 13:45:00,DOGEUSDT,TP,0.009323424401710302,3027.4238318068433,8132.406693771298,28.22595722778723,8187.980255214375,2025
2025-07-06 21:30:00,2025-07-07 00:30:00,ETHUSDT,SL,-0.0162347385493155,3965.8307254288075,8187.980255214342,-64.38422495817892,8123.596030256195,2025
2025-07-07 13:45:00,2025-07-07 18:15:00,XRPUSDT,SL,-0.022346907949268874,2821.0969074850273,8123.596030256163,-63.042792907534995,8060.55323734866,2025
2025-07-08 17:00:00,2025-07-09 05:30:00,ETHUSDT,TP,0.008829623554615655,3155.3509871996266,8060.5532373486285,27.860561399657584,8088.413798748318,2025
2025-07-09 05:30:00,2025-07-09 19:15:00,DOGEUSDT,TP,0.008049555965380685,3446.94117119507,8088.413798748286,27.74634586690956,8116.160144615227,2025
2025-07-09 05:30:00,2025-07-09 12:15:00,SOLUSDT,TP,0.006703718458687286,4069.3181414646947,8088.413798748286,27.279563139207916,8143.439707754435,2025
2025-07-09 05:30:00,2025-07-09 12:15:00,ETHUSDT,TP,0.006513211582919267,4176.0523425527135,8088.413798748286,27.199512488391473,8170.639220242827,2025
2025-07-09 18:00:00,2025-07-09 19:15:00,ETHUSDT,TP,0.009194451124807313,3070.6418982476685,8142.892874375886,28.232866855223737,8198.87208709805,2025
2025-07-09 19:30:00,2025-07-10 11:30:00,BTCUSDT,TIMEOUT,-0.0034902595059148472,5508.479055162331,8198.87208709802,-19.226021385413162,8179.646065712638,2025
2025-07-09 20:30:00,2025-07-10 12:30:00,DOGEUSDT,TIMEOUT,-0.012943782269581455,1577.0227569772155,8198.87208709802,-20.412639200488147,8159.23342651215,2025
2025-07-10 16:15:00,2025-07-10 17:00:00,BTCUSDT,TP,0.00485139834288507,5462.408398125269,8159.233426512118,26.50031905082642,8185.733745562976,2025
2025-07-10 21:15:00,2025-07-10 21:30:00,BTCUSDT,TP,0.00816645357179783,3442.6805790759713,8185.733745562944,28.11449111155399,8213.84823667453,2025
2025-07-10 21:15:00,2025-07-10 22:15:00,DOGEUSDT,TP,0.013254760887682475,2191.861881259202,8185.733745562944,29.052605134916604,8242.900841809447,2025
2025-07-10 21:15:00,2025-07-10 21:30:00,ETHUSDT,TP,0.012719571917891432,2278.951531123822,8185.733745562944,28.987287897518247,8271.888129706964,2025
2025-07-14 03:30:00,2025-07-14 05:15:00,BTCUSDT,TP,0.006056732025711401,4557.191376012624,8271.888129706933,27.601686954391464,8299.489816661357,2025
2025-07-16 14:45:00,2025-07-16 18:00:00,BNBUSDT,TP,0.00537417551336023,5082.004384848679,8299.489816661324,27.311583523843094,8326.801400185199,2025
2025-07-16 21:15:00,2025-07-17 01:45:00,DOGEUSDT,SL,-0.04278548243220287,1485.6736948865343,8326.801400185166,-63.565265772553744,8263.236134412646,2025
2025-07-18 13:00:00,2025-07-18 14:15:00,BNBUSDT,SL,-0.023918628853227555,2674.9218264360547,8263.236134412613,-63.98046237792157,8199.255672034724,2025
2025-07-20 16:00:00,2025-07-20 16:30:00,DOGEUSDT,TP,0.019026606422705823,1554.726231231906,8199.255672034691,29.581164096706203,8228.83683613143,2025
2025-07-21 10:45:00,2025-07-21 16:15:00,BNBUSDT,SL,-0.01708935583866772,3777.1547960863763,8228.836836131397,-64.5491423680505,8164.28769376338,2025
2025-07-27 10:30:00,2025-07-27 16:30:00,ETHUSDT,TP,0.0059777962590359226,4550.68460351976,8164.287693763346,27.20306539897279,8191.490759162352,2025
2025-07-27 15:45:00,2025-07-27 16:15:00,BNBUSDT,TP,0.00739216331584655,3760.1897264854133,8164.287693763346,27.795936556748543,8219.286695719102,2025
2025-08-03 11:00:00,2025-08-03 14:15:00,ETHUSDT,SL,-0.013892448551556141,4690.499641377247,8219.286695719069,-65.16252494892593,8154.124170770176,2025
2025-08-04 13:30:00,2025-08-04 14:00:00,ETHUSDT,TP,0.007112059509820045,3889.307324905759,8154.124170770143,27.66098514670876,8181.785155916884,2025
2025-08-04 13:30:00,2025-08-04 14:00:00,XRPUSDT,TP,0.009297694164820534,3043.2818852557207,8154.124170770143,28.29550422644615,8210.08066014333,2025
2025-08-04 13:30:00,2025-08-04 14:15:00,BNBUSDT,TP,0.004458506693264159,5870.7739936156095,8154.124170770143,26.17488514517635,8236.255545288506,2025
2025-08-06 05:00:00,2025-08-06 05:30:00,ETHUSDT,TP,0.007940468329989781,3554.003895077528,8236.255545288474,28.220455373523436,8264.47600066203,2025
2025-08-06 14:45:00,2025-08-07 06:45:00,BTCUSDT,TIMEOUT,-0.005420192961139442,5391.202703518166,8264.476000661996,-29.221358945685097,8235.254641716345,2025
2025-08-07 10:00:00,2025-08-07 10:30:00,DOGEUSDT,TP,0.007894904613763304,3572.301405994616,8235.25464171631,28.202978851940028,8263.457620568284,2025
2025-08-07 10:00:00,2025-08-07 10:30:00,SOLUSDT,TP,0.006921238682722434,4025.7129498513204,8235.25464171631,27.862920194047597,8291.320540762332,2025
2025-08-07 10:00:00,2025-08-07 11:00:00,XRPUSDT,TP,0.007287002580781751,3842.502798279808,8235.25464171631,28.00032780772606,8319.32086857006,2025
2025-08-07 10:00:00,2025-08-07 11:30:00,ETHUSDT,TP,0.007757553208373681,3629.974935218735,8235.25464171631,28.15972370502214,8347.48059227508,2025
2025-08-07 21:15:00,2025-08-07 21:30:00,XRPUSDT,TP,0.010307115947884173,2831.0322844196426,8347.480592275046,29.17977800771666,8376.660370282798,2025
2025-08-07 21:30:00,2025-08-07 21:45:00,XRPUSDT,TP,0.012291047132213408,2408.7388129260557,8376.660370282762,29.605922278865926,8406.266292561662,2025
2025-08-08 13:45:00,2025-08-08 18:00:00,ETHUSDT,TP,0.008767015410336918,3312.330309233996,8406.266292561628,29.039250865180495,8435.305543426843,2025
2025-08-09 05:00:00,2025-08-09 09:45:00,ETHUSDT,TP,0.009920005149992526,2964.60923337723,8435.305543426808,29.408938862817514,8464.71448228966,2025
2025-08-11 02:00:00,2025-08-11 03:00:00,BTCUSDT,TP,0.0048846949434401335,5633.433509216141,8464.714482289626,27.51760417667429,8492.232086466334,2025
2025-08-11 02:30:00,2025-08-11 07:45:00,BNBUSDT,SL,-0.015473993899253195,4311.694167463096,8464.714482289626,-66.71912924276953,8425.512957223566,2025
2025-08-11 08:15:00,2025-08-11 11:15:00,XRPUSDT,SL,-0.02345668425802789,2782.940321057026,8425.512957223531,-65.27855241996942,8360.234404803596,2025
2025-08-11 13:30:00,2025-08-11 14:30:00,ETHUSDT,TP,0.010785101155840327,2717.8677147655576,8360.234404803561,29.312478231939124,8389.546883035535,2025
2025-08-12 12:30:00,2025-08-12 15:00:00,SOLUSDT,TP,0.00933397018288025,3119.8823718057783,8389.5468830355,29.120889032528847,8418.667772068064,2025
2025-08-12 12:30:00,2025-08-12 15:45:00,ETHUSDT,TP,0.011160176166266347,2641.50591663711,8389.5468830355,29.479671373905017,8448.147443441969,2025
2025-08-12 12:30:00,2025-08-12 16:45:00,DOGEUSDT,TP,0.014549116713902513,2056.380208067451,8389.5468830355,29.918515655332477,8478.065959097301,2025
2025-08-13 07:00:00,2025-08-13 23:00:00,BNBUSDT,TIMEOUT,-0.006674448615673339,3262.435398126788,8478.065959097266,-21.77495742675104,8456.29100167055,2025
2025-08-13 13:15:00,2025-08-13 13:30:00,XRPUSDT,SL,-0.020748735905711545,3179.4756925146266,8478.065959097266,-65.97010146261532,8390.320900207935,2025
2025-08-13 13:45:00,2025-08-13 19:15:00,BTCUSDT,TP,0.00540005028879819,5129.284800091303,8412.095857634651,27.698395866061208,8418.019296073997,2025
2025-08-17 08:45:00,2025-08-17 10:45:00,ETHUSDT,TP,0.006759530031069252,4203.668169602137,8418.01929607396,28.414821233075557,8446.434117307072,2025
2025-08-22 14:00:00,2025-08-22 15:00:00,DOGEUSDT,TP,0.022184792473221696,1381.0514299130273,8446.434117307035,30.63833936746659,8477.07245667454,2025
2025-08-22 14:00:00,2025-08-22 16:00:00,XRPUSDT,TP,0.017734793424979377,1713.523500733241,8446.434117307035,30.388985314351526,8507.46144198889,2025
2025-08-22 14:00:00,2025-08-22 15:00:00,BNBUSDT,TP,0.009983418634642093,2950.9822562657782,8446.434117307035,29.46089124770194,8536.922333236593,2025
2025-08-22 14:00:00,2025-08-22 15:00:00,BTCUSDT,TP,0.007517237618497094,3831.283120377911,8446.434117307035,28.800665599617762,8565.72299883621,2025
2025-08-22 14:00:00,2025-08-22 16:00:00,ETHUSDT,TP,0.019435542175329144,1569.1492289275004,8446.434117307035,30.49726601820564,8596.220264854415,2025
2025-08-22 14:00:00,2025-08-22 15:15:00,SOLUSDT,TP,0.017506166909377653,1734.9823814127903,8446.434117307035,30.372891153841827,8626.593156008257,2025
2025-08-22 16:00:00,2025-08-22 21:00:00,ETHUSDT,TP,0.02225874383766111,1405.9752485087934,8626.593156008219,31.295242898649153,8657.888398906907,2025
2025-08-23 04:30:00,2025-08-23 05:15:00,SOLUSDT,TP,0.013531793626743319,2273.319608477225,8657.888398906869,30.76209178954273,8688.65049069645,2025
2025-08-24 17:30:00,2025-08-24 19:30:00,ETHUSDT,SL,-0.02191696722892229,3078.6119700314184,8688.650490696411,-67.47383765774649,8621.176653038703,2025
2025-08-26 12:30:00,2025-08-26 16:45:00,SOLUSDT,TP,0.01207458294336791,2520.893863890824,8621.176653038665,30.43874205097697,8651.61539508968,2025
2025-08-26 12:30:00,2025-08-26 15:00:00,ETHUSDT,TP,0.012328364948855742,2471.976625160905,8621.176653038665,30.47542998002441,8682.090825069705,2025
2025-08-26 12:30:00,2025-08-26 18:15:00,DOGEUSDT,TP,0.011506265942128757,2637.7864678807537,8621.176653038665,30.351072597984427,8712.441897667688,2025
2025-08-26 12:30:00,2025-08-26 16:45:00,BNBUSDT,TP,0.006194425990492533,4655.4477638838,8621.176653038665,28.837826625982157,8741.27972429367,2025
2025-08-26 12:30:00,2025-08-26 19:15:00,BTCUSDT,TP,0.004819462699746603,5804.763258467688,8621.176653038665,27.975840005044567,8769.255564298715,2025
2025-08-31 00:30:00,2025-08-31 00:45:00,ETHUSDT,TP,0.005082179786572921,5638.493594081019,8769.255564298679,28.65583817055946,8797.911402469275,2025
2025-08-31 00:45:00,2025-08-31 16:45:00,ETHUSDT,TIMEOUT,0.00017224284086607802,4678.406733737124,8797.911402469239,0.8058220665458713,8798.717224535822,2025
2025-09-01 07:45:00,2025-09-01 16:30:00,DOGEUSDT,SL,-0.030609602468826175,2210.0220273499344,8798.717224535785,-67.64789570453078,8731.06932883129,2025
2025-09-02 13:30:00,2025-09-02 14:00:00,BTCUSDT,TP,0.006777974876827941,4349.311802819621,8731.069328831254,29.479526131002633,8760.548854962293,2025
2025-09-03 14:30:00,2025-09-04 04:45:00,BTCUSDT,SL,-0.013834855245499813,5021.386570922464,8760.548854962257,-69.47015634040896,8691.078698621885,2025
2025-09-07 14:00:00,2025-09-07 14:30:00,DOGEUSDT,TP,0.006598075978829119,4435.384883571293,8691.078698621848,29.265006457153536,8720.343705079038,2025
2025-09-07 14:00:00,2025-09-07 17:45:00,XRPUSDT,SL,-0.014326355922127347,4801.22137439144,8691.078698621848,-68.78400627045721,8651.55969880858,2025
2025-09-08 13:00:00,2025-09-08 21:15:00,DOGEUSDT,TP,0.010849409738614538,2796.9827432276925,8651.559698808545,30.345611813111333,8681.90531062169,2025
2025-09-08 13:00:00,2025-09-08 17:45:00,ETHUSDT,SL,-0.013510742532254993,5084.868500171675,8651.559698808545,-68.7003491161931,8613.204961505498,2025
2025-09-09 12:00:00,2025-09-09 12:15:00,DOGEUSDT,TP,0.011833546922501562,2566.805591823113,8613.204961505464,30.374414411778197,8643.579375917276,2025
2025-09-10 12:30:00,2025-09-10 13:00:00,XRPUSDT,TP,0.004951462841927492,5685.106359253538,8643.579375917243,28.149592890249583,8671.728968807525,2025
2025-09-10 12:30:00,2025-09-11 04:30:00,SOLUSDT,TIMEOUT,-0.0007946827524576378,3204.005004740113,8643.579375917243,-2.5461675160549198,8669.18280129147,2025
2025-09-10 12:30:00,2025-09-10 13:45:00,ETHUSDT,TP,0.004892081843500681,5744.940176120936,8643.579375917243,28.104717527598833,8697.28751881907,2025
2025-09-10 13:00:00,2025-09-10 13:15:00,BNBUSDT,TP,0.004502386664035472,6191.277549250955,8671.728968807492,27.875525471089723,8725.163044290159,2025
2025-09-11 03:15:00,2025-09-11 12:30:00,DOGEUSDT,SL,-0.025465185850974046,2648.4858128617543,8727.709211806181,-67.44418344819265,8657.718860841967,2025
2025-09-11 12:00:00,2025-09-11 12:30:00,SOLUSDT,SL,-0.018434981246300584,3700.242704292631,8725.163044290126,-68.2139048603952,8589.50495598157,2025
2025-09-12 00:30:00,2025-09-12 03:45:00,SOLUSDT,TP,0.008827713110908568,3363.0829418188036,8589.504955981538,29.688331378566808,8619.193287360138,2025
2025-09-12 00:30:00,2025-09-12 16:00:00,DOGEUSDT,TP,0.013263726355703375,2298.506676050629,8589.504955981538,30.486763577892884,8649.680050938032,2025
2025-09-12 00:30:00,2025-09-12 05:45:00,ETHUSDT,TP,0.0061108971598327795,4694.815099912643,8589.504955981538,28.689532259996216,8678.369583198028,2025
2025-09-16 17:00:00,2025-09-16 19:15:00,BNBUSDT,TP,0.006991473953210106,4203.835875918392,8678.369583197995,29.39100903005363,8707.760592228082,2025
2025-09-20 15:00:00,2025-09-20 21:30:00,BNBUSDT,TP,0.0069606806925893916,4234.918228716038,8707.760592228049,29.477913549318593,8737.238505777399,2025
2025-09-20 21:30:00,2025-09-21 00:30:00,BNBUSDT,TP,0.008341238872846778,3603.9801456020555,8737.238505777368,30.061659287463858,8767.300165064864,2025
2025-09-21 00:30:00,2025-09-21 01:45:00,BNBUSDT,TP,0.010924518275495355,2816.1655019207356,8767.300165064831,30.765251492552625,8798.065416557416,2025
2025-09-23 03:15:00,2025-09-23 05:15:00,XRPUSDT,TP,0.008473517199765189,3577.0243170284302,8798.065416557383,30.30997707431873,8828.375393631735,2025
2025-09-23 03:15:00,2025-09-23 06:30:00,DOGEUSDT,TP,0.012314030136532544,2525.464574658985,8798.065416557383,31.098646881096084,8859.47404051283,2025
2025-09-28 22:00:00,2025-09-28 22:15:00,ETHUSDT,TP,0.006022458446903772,4905.608194187209,8859.474040512798,29.543821506283116,8889.017862019115,2025
2025-09-29 13:30:00,2025-09-29 14:00:00,XRPUSDT,TP,0.0071173417151751085,4236.986035356143,8889.01786201908,30.15607745605467,8919.17393947517,2025
2025-09-29 13:30:00,2025-09-29 14:15:00,DOGEUSDT,TP,0.009956186996585263,3113.5096924052914,8889.01786201908,30.998684713267743,8950.172624188437,2025
2025-10-01 08:30:00,2025-10-01 09:15:00,XRPUSDT,TP,0.0073050284382093445,4166.732321080117,8950.172624188403,30.438098099896283,8980.610722288333,2025
2025-10-01 08:30:00,2025-10-01 09:00:00,BNBUSDT,TP,0.005711271672744266,5194.511087080102,8950.172624188403,29.66726402539661,9010.27798631373,2025
2025-10-01 08:30:00,2025-10-01 09:00:00,DOGEUSDT,TP,0.009339485143710536,3326.547079721772,8950.172624188403,31.06823703091516,9041.346223344644,2025
2025-10-01 08:30:00,2025-10-01 09:30:00,SOLUSDT,TP,0.0106364642226247,2947.6356035104436,8950.172624188403,31.3524206380736,9072.698643982718,2025
2025-10-01 08:30:00,2025-10-01 08:45:00,ETHUSDT,TP,0.008150022884412075,3771.1304540003193,8950.172624188403,30.7347995002059,9103.433443482923,2025
2025-10-03 13:15:00,2025-10-03 13:30:00,BNBUSDT,TP,0.010895221231870712,2931.492217565762,9103.433443482889,31.93925624988625,9135.37269973281,2025
2025-10-05 02:30:00,2025-10-05 02:45:00,ETHUSDT,TP,0.004546543854126509,6467.924852035066,9135.372699732776,29.40670398497214,9164.779403717783,2025
2025-10-07 12:45:00,2025-10-07 13:30:00,ETHUSDT,SL,-0.014192295514443152,5113.400866245584,9164.779403717748,-72.57089617756694,9092.208507540216,2025
2025-10-08 08:30:00,2025-10-08 17:00:00,BTCUSDT,TP,0.004819711956048015,6121.641868077551,9092.208507540181,29.50455050221748,9121.713058042433,2025
2025-10-10 21:30:00,2025-10-11 13:30:00,SOLUSDT,TIMEOUT,-0.0728463316736104,514.0700309409499,9121.713058042398,-37.4481159773876,9084.264942065045,2025
2025-10-10 21:30:00,2025-10-11 13:30:00,BNBUSDT,TIMEOUT,0.030673865300146548,415.74544369362434,9121.713058042398,12.752519739007894,9097.017461804053,2025
2025-10-11 15:00:00,2025-10-11 17:15:00,BNBUSDT,TP,0.016552082040897784,1971.6595610359705,9097.017461804018,32.6350708109879,9129.652532615042,2025
2025-10-12 09:45:00,2025-10-12 12:00:00,BNBUSDT,TP,0.018848930794402006,1746.8400371659575,9129.652532615006,32.92606696943176,9162.578599584473,2025
2025-10-12 14:45:00,2025-10-12 15:00:00,ETHUSDT,TP,0.015153400018458985,2160.523517522077,9162.578599584438,32.73927711030011,9195.317876694773,2025
2025-10-12 14:45:00,2025-10-12 15:15:00,SOLUSDT,TP,0.01888931458258814,1749.5350768964415,9162.578599584438,33.047518440769416,9228.365395135543,2025
2025-10-12 14:45:00,2025-10-12 15:00:00,XRPUSDT,TP,0.017182694637529014,1916.0349541967253,9162.578599584438,32.92264353279422,9261.288038668337,2025
2025-10-12 14:45:00,2025-10-12 15:00:00,DOGEUSDT,TP,0.021051739566603143,1576.0058798736964,9162.578599584438,33.17766533853629,9294.465704006874,2025
2025-10-12 15:00:00,2025-10-12 16:00:00,DOGEUSDT,TP,0.02442870216688868,1379.3529930841673,9261.41818556607,33.69580345105958,9328.161507457933,2025
2025-10-19 09:30:00,2025-10-19 10:15:00,BNBUSDT,TP,0.0106371307269125,3071.9420450924754,9328.161507457899,32.6766491191476,9360.83815657708,2025
2025-10-19 09:30:00,2025-10-19 09:45:00,BTCUSDT,TP,0.004535067097920203,6618.762828334427,9328.161507457899,30.01653353171672,9390.854690108798,2025
2025-10-19 10:15:00,2025-10-20 02:15:00,DOGEUSDT,TIMEOUT,-0.006424266434924854,1897.9432529820185,9390.854690108763,-12.192893135524471,9378.661796973272,2025
2025-10-20 19:30:00,2025-10-20 19:45:00,XRPUSDT,TP,0.011086452814957185,2971.3278368505053,9378.661796973238,32.94148586101193,9411.603282834285,2025
2025-10-21 14:00:00,2025-10-21 14:45:00,ETHUSDT,TP,0.010506935773083691,3135.268160187803,9411.60328283425,32.942061190487514,9444.545344024773,2025
2025-10-21 14:00:00,2025-10-21 14:45:00,BNBUSDT,TP,0.009260001301475203,3525.824947238268,9411.60328283425,32.6491436002001,9477.194487624973,2025
2025-10-21 14:00:00,2025-10-21 14:45:00,BTCUSDT,TP,0.008450562929597623,3836.016619927861,9411.60328283425,32.41649984568276,9509.610987470654,2025
2025-10-21 14:00:00,2025-10-21 14:45:00,SOLUSDT,TP,0.012123084808056659,2741.6515028736467,9411.60328283425,33.23727368347321,9542.848261154128,2025
2025-10-21 14:45:00,2025-10-21 15:30:00,SOLUSDT,TP,0.014709965552370636,2314.7322584972017,9542.848261154095,34.04963178545492,9576.897892939583,2025
2025-10-21 14:45:00,2025-10-21 21:15:00,DOGEUSDT,SL,-0.03399183437767784,2153.050916068471,9542.848261154095,-73.18615014570702,9503.711742793876,2025
2025-10-21 14:45:00,2025-10-21 15:45:00,ETHUSDT,TP,0.013823553977755658,2455.521901792058,9542.848261154095,33.944039552983746,9537.65578234686,2025
2025-10-21 14:45:00,2025-10-21 15:45:00,BTCUSDT,TP,0.011423772882301956,2939.5719244403144,9542.848261154095,33.581002035997436,9571.236784382858,2025
2025-10-23 15:00:00,2025-10-23 15:30:00,BNBUSDT,TP,0.016440380809671747,2087.919886058705,9571.236784382821,34.326198026891554,9605.562982409749,2025
2025-10-24 04:30:00,2025-10-24 12:30:00,ETHUSDT,TP,0.0071730994379212544,4546.309366210241,9605.562982409712,32.61112915937881,9638.174111569127,2025
2025-10-26 09:15:00,2025-10-26 11:30:00,SOLUSDT,TP,0.0046874679048210036,6647.05586332546,9638.174111569091,31.157861020890362,9669.331972590018,2025
2025-10-26 09:15:00,2025-10-26 11:30:00,DOGEUSDT,TP,0.005609296828638928,5683.5140570281255,9638.174111569091,31.880517375612634,9701.21248996563,2025
2025-10-26 11:30:00,2025-10-26 13:30:00,DOGEUSDT,TP,0.007988661165161934,4163.057263554739,9701.212489965594,33.25725388970505,9734.469743855336,2025
2025-10-26 11:30:00,2025-10-26 12:45:00,ETHUSDT,TP,0.006120841395006172,5294.773193835096,9701.212489965594,32.408466941994895,9766.878210797331,2025
2025-10-26 22:00:00,2025-10-26 23:00:00,ETHUSDT,TP,0.008434506242471568,3987.7803252092913,9766.878210797295,33.634958046583066,9800.513168843914,2025
2025-10-26 22:00:00,2025-10-27 01:30:00,BTCUSDT,TP,0.005331719958584002,6022.275530591473,9766.878210797295,32.109086642546615,9832.62225548646,2025
2025-10-29 09:30:00,2025-10-29 18:30:00,XRPUSDT,SL,-0.016387560770781885,4715.867646950197,9832.622255486425,-77.28156765136053,9755.3406878351,2025
2025-10-29 10:15:00,2025-10-29 11:15:00,SOLUSDT,TP,0.007552545258320667,4441.0879207338285,9832.622255486425,33.54151751752347,9788.882205352624,2025
2025-10-30 10:15:00,2025-10-30 12:15:00,BNBUSDT,SL,-0.019049730113258403,4011.8961364874554,9788.88220535259,-76.42553864251012,9712.456666710113,2025
2025-11-02 11:30:00,2025-11-02 14:45:00,XRPUSDT,SL,-0.015408180311658061,4969.472571052428,9712.456666710079,-76.57052942861479,9635.886137281499,2025
2025-11-09 14:15:00,2025-11-09 20:00:00,ETHUSDT,TP,0.009891324611562419,3395.6837455689547,9635.886137281464,33.58781020562866,9669.473947487128,2025
2025-11-09 14:15:00,2025-11-09 23:00:00,DOGEUSDT,TP,0.010206800211975824,3297.9129230914045,9635.886137281464,33.66113832248716,9703.135085809614,2025
2025-11-09 14:15:00,2025-11-09 19:15:00,SOLUSDT,TP,0.010287889134104429,3273.685083786369,9635.886137281464,33.67930920196553,9736.81439501158,2025
2025-11-09 14:15:00,2025-11-09 19:30:00,XRPUSDT,TP,0.008991326395440565,3709.4099456228214,9635.886137281464,33.35251555558823,9770.166910567168,2025
2025-11-09 14:15:00,2025-11-09 18:45:00,BTCUSDT,TP,0.004728696778314521,6595.468681134352,9635.886137281464,31.18797150395433,9801.354882071122,2025
2025-11-17 14:30:00,2025-11-17 16:00:00,XRPUSDT,SL,-0.03729493898981181,2011.5004607348426,9801.354882071088,-75.0187869610843,9726.336095110039,2025
2025-11-17 14:30:00,2025-11-17 16:00:00,DOGEUSDT,SL,-0.034556395182575424,2174.4454331357438,9801.354882071088,-75.14099569038514,9651.195099419652,2025
2025-11-20 02:00:00,2025-11-20 15:45:00,SOLUSDT,SL,-0.03533108237626637,2093.166502368516,9651.19509941962,-73.95383812242339,9577.24126129723,2025
2025-11-21 12:30:00,2025-11-21 14:30:00,BTCUSDT,TP,0.018450807938375568,1870.4762239761772,9577.241261297197,34.5117975618824,9611.75305885911,2025
2025-11-21 12:30:00,2025-11-21 17:00:00,SOLUSDT,TP,0.025217307893935482,1383.0719332384947,9577.241261297197,34.8773507799357,9646.630409639047,2025
2025-11-21 12:30:00,2025-11-21 14:45:00,XRPUSDT,TP,0.02764896869982101,1264.6464422523509,9577.241261297197,34.966169898175245,9681.596579537223,2025
2025-11-21 12:30:00,2025-11-21 17:15:00,ETHUSDT,TP,0.023361678883267248,1489.512816744923,9577.241261297197,34.79752011730579,9716.394099654528,2025
2025-11-21 12:30:00,2025-11-21 17:00:00,DOGEUSDT,TP,0.02668600083169868,1309.0338839897474,9577.241261297197,34.93287931687215,9751.326978971401,2025
2025-11-24 02:00:00,2025-11-24 17:15:00,ETHUSDT,TP,0.013356698666904365,2592.2065136993033,9751.326978971367,34.62332128586829,9785.95030025727,2025
2025-11-24 17:15:00,2025-11-24 20:00:00,BNBUSDT,TP,0.011424796953088885,3014.2033388617647,9785.950300257235,34.43666112181823,9820.386961379087,2025
2025-11-24 17:15:00,2025-11-24 18:45:00,ETHUSDT,TP,0.014286430568315994,2440.560175450917,9785.950300257235,34.866893494376626,9855.253854873463,2025
2025-11-28 08:45:00,2025-11-28 11:15:00,DOGEUSDT,SL,-0.018401688750037507,4187.384275705256,9855.253854873428,-77.05494211832936,9778.198912755135,2025
2025-11-28 08:45:00,2025-11-28 14:15:00,ETHUSDT,TP,0.007932693492631504,4256.421349796436,9855.253854873428,33.76488594342799,9811.963798698562,2025
2025-11-30 13:15:00,2025-11-30 13:30:00,BNBUSDT,TP,0.004625535332221085,6844.874411776296,9811.963798698527,31.661208436287275,9843.62500713485,2025
2025-11-30 13:15:00,2025-11-30 13:30:00,SOLUSDT,TP,0.006210501704955139,5286.23737264884,9811.963798698527,32.8301862156332,9876.455193350483,2025
2025-12-02 15:00:00,2025-12-02 15:30:00,XRPUSDT,TP,0.012084364532053249,2885.745288172738,9876.455193350448,34.87239800893442,9911.327591359417,2025
2025-12-02 15:00:00,2025-12-02 17:15:00,BTCUSDT,TP,0.009221805899876492,3714.142387741708,9876.455193350448,34.251100184257844,9945.578691543675,2025
2025-12-02 15:00:00,2025-12-02 15:30:00,DOGEUSDT,TP,0.011804863866581274,2949.988734935544,9876.455193350448,34.824215423862405,9980.402906967538,2025
2025-12-02 15:00:00,2025-12-02 15:30:00,ETHUSDT,TP,0.012213550206626568,2856.9879689386466,9876.455193350448,34.89396599836023,10015.296872965897,2025
2025-12-02 15:00:00,2025-12-02 17:15:00,BNBUSDT,TP,0.009289612933590576,3689.0572594832224,9876.455193350448,34.269914030451545,10049.566786996349,2025
2025-12-02 15:00:00,2025-12-02 15:30:00,SOLUSDT,TP,0.012843514471356931,2724.5865705373667,9876.455193350448,34.993267047161424,10084.56005404351,2025
2025-12-02 15:30:00,2025-12-03 04:15:00,SOLUSDT,TP,0.01692257035806617,2125.335796567615,10016.039039828767,35.96614455193207,10120.526198595442,2025
2025-12-02 15:30:00,2025-12-03 04:45:00,DOGEUSDT,TP,0.015426073903965158,2321.956898957467,10016.039039828767,35.81867872513964,10156.344877320582,2025
2025-12-03 14:30:00,2025-12-03 22:00:00,ETHUSDT,TP,0.012727107262386033,2825.9991219517096,10156.34487732055,35.96679394848815,10192.31167126907,2025
2025-12-07 15:45:00,2025-12-07 17:15:00,SOLUSDT,TP,0.013169154189782773,2745.9404677990365,10192.311671269037,36.161713416409754,10228.47338468548,2025
2025-12-07 15:45:00,2025-12-07 17:15:00,XRPUSDT,TP,0.011842097778814729,3035.32973128301,10192.311671269037,35.94467146879684,10264.418056154278,2025
2025-12-07 17:15:00,2025-12-08 09:00:00,ETHUSDT,TP,0.01589112130520629,2313.0393081466336,10264.418056154243,36.75678822946858,10301.174844383746,2025
2025-12-09 15:30:00,2025-12-09 15:45:00,ETHUSDT,TP,0.012570339678034384,2900.031575781814,10301.174844383711,36.45438198460271,10337.629226368348,2025
2025-12-09 15:30:00,2025-12-09 15:45:00,SOLUSDT,TP,0.011944632156898742,3042.9716425809556,10301.174844383711,36.347176934503466,10373.976403302851,2025
2025-12-09 16:00:00,2025-12-09 16:30:00,SOLUSDT,TP,0.014932800748374123,2480.5780636101285,10373.976403302817,37.04197796467776,10411.01838126753,2025
2025-12-10 09:45:00,2025-12-10 10:00:00,ETHUSDT,TP,0.005165740971040969,6599.565315802396,10411.018381267495,34.09164494290137,10445.110026210432,2025
2025-12-13 15:00:00,2025-12-13 16:00:00,BNBUSDT,TP,0.0047797478140734345,7083.354235179065,10445.110026210396,33.85664692190494,10478.966673132336,2025
2025-12-16 10:30:00,2025-12-16 13:30:00,DOGEUSDT,TP,0.008598412728180644,4203.507714821851,10478.966673132301,36.14349423812973,10515.110167370465,2025
2025-12-16 10:30:00,2025-12-16 13:30:00,BTCUSDT,TP,0.00550197458014797,6285.394241528723,10478.966673132301,34.582079343099466,10549.692246713565,2025
2025-12-16 10:30:00,2025-12-16 11:30:00,XRPUSDT,TP,0.008092439354692654,4444.036701636145,10478.966673132301,35.963097498018875,10585.655344211584,2025
2025-12-17 14:45:00,2025-12-17 15:30:00,SOLUSDT,SL,-0.030572632833162937,2662.1531212798222,10585.65534421155,-81.38902992254668,10504.266314289038,2025
2025-12-17 14:45:00,2025-12-17 15:45:00,BNBUSDT,SL,-0.017185740401035553,4830.473902872326,10585.65534421155,-83.01527050874083,10421.251043780296,2025
2025-12-17 14:45:00,2025-12-17 15:45:00,BTCUSDT,SL,-0.021192269183786777,3883.737875076739,10585.65534421155,-82.30521848789431,10338.945825292401,2025
2025-12-17 14:45:00,2025-12-17 15:15:00,XRPUSDT,TP,0.01087649371297275,3414.2888235083665,10585.65534421155,37.135490923161875,10376.081316215565,2025
2025-12-17 14:45:00,2025-12-17 15:00:00,DOGEUSDT,TP,0.01211107439920015,3086.5389864521817,10585.65534421155,37.381303300954194,10413.462619516518,2025
2025-12-17 14:45:00,2025-12-17 15:45:00,ETHUSDT,SL,-0.025876852409895255,3159.664162723419,10585.65534421155,-81.76216320362917,10331.700456312888,2025
2025-12-18 13:00:00,2025-12-18 13:30:00,ETHUSDT,TP,0.006346647492106888,5459.461915540449,10331.700456312854,34.64928027451786,10366.349736587406,2025
2025-12-18 13:00:00,2025-12-18 13:30:00,BTCUSDT,TP,0.004658700350756202,7163.250725427273,10331.700456312854,33.37143866710265,10399.72117525451,2025
2025-12-18 13:00:00,2025-12-18 13:30:00,DOGEUSDT,TP,0.008499449194102945,4188.776639356532,10331.700456312854,35.60229423165612,10435.323469486166,2025
2025-12-18 13:30:00,2025-12-18 17:00:00,XRPUSDT,SL,-0.020752439164604158,3912.7691066618495,10435.32346948613,-81.19950285114258,10354.123966635023,2025
2025-12-18 13:30:00,2025-12-18 15:30:00,DOGEUSDT,TP,0.010019418794270487,3633.6652662623223,10435.32346948613,36.40721406087658,10390.5311806959,2025
2025-12-18 13:30:00,2025-12-18 14:00:00,BTCUSDT,TP,0.006402714554539753,5470.994642968995,10435.32346948613,35.02921702834661,10425.560397724246,2025
2025-12-18 13:30:00,2025-12-18 17:00:00,BNBUSDT,SL,-0.014774200338843177,5580.705076236918,10435.32346948613,-82.45045482832332,10343.109942895922,2025
2025-12-18 13:30:00,2025-12-18 13:45:00,ETHUSDT,TP,0.008802339926271677,4096.636354297597,10435.32346948613,36.05998574484978,10379.169928640773,2025
2025-12-19 14:30:00,2025-12-19 15:15:00,DOGEUSDT,TP,0.009806550855688443,3686.9890331111183,10379.169928640737,36.15664545756974,10415.326574098342,2025
2025-12-21 08:30:00,2025-12-21 09:00:00,DOGEUSDT,TP,0.004383267238322084,7608.696925281445,10415.326574098306,33.350951958908134,10448.67752605725,2025
2025-12-22 00:00:00,2025-12-22 02:00:00,DOGEUSDT,SL,-0.018315043606777357,4461.422538979202,10448.677526057214,-81.71114834966343,10366.966377707588,2025
2025-12-22 00:00:00,2025-12-22 01:00:00,BTCUSDT,SL,-0.010807378832525473,7791.799707494046,10448.677526057214,-84.20893122604933,10282.757446481537,2025
2025-12-22 00:00:00,2025-12-22 02:00:00,BNBUSDT,SL,-0.010932765770591032,7695.854270924755,10448.677526057214,-84.13697214862297,10198.620474332914,2025
2025-12-22 00:00:00,2025-12-22 02:00:00,XRPUSDT,SL,-0.015138644142723475,5446.314514982242,10448.677526057214,-82.44981733166577,10116.170657001248,2025
2025-12-22 00:00:00,2025-12-22 02:00:00,SOLUSDT,SL,-0.017340410734341147,4723.516656716535,10448.677526057214,-81.90771893796662,10034.262938063282,2025
2025-12-22 08:15:00,2025-12-22 12:15:00,BTCUSDT,TP,0.004709864469818749,6891.835177547193,10034.262938063248,32.459609634576516,10066.722547697858,2025
2025-12-25 15:30:00,2025-12-25 22:45:00,SOLUSDT,SL,-0.013597279842469275,5876.763021706095,10066.722547697824,-79.90799137401311,9986.814556323847,2025
2025-12-26 02:00:00,2025-12-26 02:15:00,BTCUSDT,TP,0.0048378345658620795,6702.158796005202,9986.81455632381,32.42393548921054,10019.238491813056,2025
2025-12-26 02:00:00,2025-12-26 02:15:00,XRPUSDT,TP,0.007600141086237833,4485.020576231716,9986.81455632381,34.08678915404075,10053.325280967098,2025
2025-12-26 02:00:00,2025-12-26 02:15:00,ETHUSDT,TP,0.007139467476671072,4746.90525019012,9986.81455632381,33.89037564857151,10087.215656615668,2025
2025-12-26 02:15:00,2025-12-26 14:45:00,BTCUSDT,SL,-0.014568152057439561,5474.980815823788,10087.215656615632,-79.76035303648545,10007.455303579183,2025
2025-12-29 00:15:00,2025-12-29 00:30:00,SOLUSDT,TP,0.006668238288382659,5058.877314199018,10007.455303579147,33.73379940277232,10041.189102981956,2025
2025-12-29 01:30:00,2025-12-29 09:45:00,SOLUSDT,SL,-0.02606428518030158,2974.9573308499544,10041.18910298192,-77.540136270502,9963.648966711453,2025
2025-12-29 02:00:00,2025-12-29 03:30:00,BTCUSDT,TP,0.00476531559009139,6827.253766553505,10041.18910298192,32.53401881126758,9996.18298552272,2025
2025-12-29 02:00:00,2025-12-29 03:30:00,ETHUSDT,TP,0.007053825543158785,4825.128256383461,10041.18910298192,34.03561294389487,10030.218598466616,2025
2025-12-30 08:00:00,2025-12-30 19:00:00,ETHUSDT,SL,-0.014885550216990489,5321.804834882139,10030.218598466581,-79.21799311466086,9951.000605351956,2025
2025-12-30 14:45:00,2025-12-30 16:15:00,BTCUSDT,TP,0.004988921264691449,6554.074887847671,10030.218598466581,32.697763578363464,9983.698368930318,2025
2026-01-01 05:00:00,2026-01-01 05:30:00,XRPUSDT,TP,0.004419125909357958,7242.785248413258,9983.698368930285,32.00677994717864,10015.705148877498,2026
2026-01-01 08:45:00,2026-01-01 09:00:00,DOGEUSDT,TP,0.00515309695177687,6362.574529118089,10015.705148877463,32.78696341145158,10048.492112288948,2026
2026-01-01 15:30:00,2026-01-01 15:45:00,DOGEUSDT,TP,0.007572537416274419,4527.687114677041,10048.492112288915,34.28608008507546,10082.778192374024,2026
2026-01-02 09:30:00,2026-01-02 09:45:00,DOGEUSDT,TP,0.008648624310905366,4022.9736789809176,10082.778192373991,34.79318796216676,10117.57138033619,2026
2026-01-04 00:00:00,2026-01-04 00:30:00,DOGEUSDT,TP,0.007774885006426345,4450.604629582651,10117.571380336158,34.60293920407383,10152.174319540265,2026
2026-01-06 14:00:00,2026-01-06 14:15:00,SOLUSDT,TP,0.008022855499928299,4339.596577030975,10152.174319540232,34.815956265502976,10186.990275805769,2026
2026-01-06 14:00:00,2026-01-06 14:15:00,ETHUSDT,TP,0.005528281222239281,6063.865626697238,10152.174319540232,33.52275447825257,10220.51303028402,2026
2026-01-06 14:15:00,2026-01-06 14:45:00,DOGEUSDT,SL,-0.02474735867728193,3194.261866815252,10220.513030283988,-79.04954412724119,10141.46348615678,2026
2026-01-06 14:15:00,2026-01-06 16:15:00,ETHUSDT,SL,-0.015211693639914434,5300.475147362011,10220.513030283988,-80.62920408765122,10060.834282069129,2026
2026-01-07 08:45:00,2026-01-07 09:30:00,DOGEUSDT,SL,-0.026481422246461182,2932.455749735939,10060.834282069096,-77.65559892782031,9983.178683141308,2026
2026-01-09 15:15:00,2026-01-09 18:15:00,XRPUSDT,SL,-0.028204157500775175,2727.2313900525064,9983.178683141276,-76.9192636660989,9906.25941947521,2026
2026-01-09 15:15:00,2026-01-10 03:30:00,BNBUSDT,TP,0.005386098296437102,6101.095232375519,9983.178683141276,32.86109863749831,9939.120518112708,2026
2026-01-09 15:15:00,2026-01-10 07:15:00,ETHUSDT,TIMEOUT,-0.013098242811501628,3463.8001351467865,9983.178683141276,-45.36969522066476,9893.750822892041,2026
2026-01-09 15:15:00,2026-01-09 18:15:00,SOLUSDT,SL,-0.02745460569852344,2803.7800283903675,9983.178683141276,-76.9766751448524,9816.77414774719,2026
2026-01-09 15:15:00,2026-01-10 07:15:00,DOGEUSDT,TIMEOUT,-0.018345513494567207,2694.834306455009,9983.178683141276,-49.43811913469303,9767.336028612497,2026
2026-01-09 15:15:00,2026-01-09 19:30:00,BTCUSDT,SL,-0.01673612736289672,4683.675941262614,9983.178683141276,-78.38659707950629,9688.94943153299,2026
2026-01-11 14:45:00,2026-01-11 16:15:00,SOLUSDT,TP,0.004714930249570017,6648.494803955981,9688.949431532958,31.347189265281138,9720.296620798272,2026
2026-01-11 16:15:00,2026-01-11 16:30:00,SOLUSDT,TP,0.00784251878589682,4242.191752646711,9720.296620798239,33.269468513508386,9753.56608931178,2026
2026-01-13 18:00:00,2026-01-13 22:00:00,BNBUSDT,TP,0.007491925828160154,4437.782333584035,9753.566089311747,33.247536084731074,9786.813625396511,2026
2026-01-13 22:00:00,2026-01-14 14:00:00,ETHUSDT,TIMEOUT,-0.003679611051227552,2749.9235321924716,9786.813625396479,-10.118649019086122,9776.694976377425,2026
2026-01-13 22:00:00,2026-01-14 14:00:00,BTCUSDT,TIMEOUT,-0.002084043205260111,4122.789591792585,9786.813625396479,-8.592071635492443,9768.102904741932,2026
2026-01-13 22:00:00,2026-01-14 14:00:00,SOLUSDT,TIMEOUT,-0.013601023322227419,2729.7797512371117,9786.813625396479,-37.12779806112012,9730.975106680813,2026
2026-01-13 22:00:00,2026-01-14 02:15:00,XRPUSDT,TP,0.01269736047211372,2729.2011076332806,9786.813625396479,34.653650264511796,9765.628756945325,2026
2026-01-13 22:00:00,2026-01-13 23:00:00,DOGEUSDT,TP,0.013529126143252199,2570.2238867453557,9786.813625396479,34.77288318017787,9800.401640125503,2026
2026-01-19 16:15:00,2026-01-19 16:45:00,XRPUSDT,TP,0.007020591064403714,4729.5637932648,9800.40164012547,33.204333305522184,9833.605973431024,2026
2026-01-21 14:00:00,2026-01-21 15:00:00,BTCUSDT,TP,0.00648853932136427,5094.4010612096745,9833.605973430993,33.055221604458836,9866.661195035484,2026
2026-01-21 14:00:00,2026-01-21 15:15:00,ETHUSDT,TP,0.010329374998631843,3328.3486121663154,9833.605973430993,34.37976094124173,9901.040955976725,2026
2026-01-21 14:00:00,2026-01-21 15:00:00,XRPUSDT,TP,0.009768491900097466,3505.827902954831,9833.605973430993,34.24665147314995,9935.287607449874,2026
2026-01-21 14:00:00,2026-01-21 15:00:00,SOLUSDT,TP,0.009489167822275619,3601.466744215448,9833.605973430993,34.174922342204965,9969.46252979208,2026
2026-01-21 14:00:00,2026-01-21 16:30:00,DOGEUSDT,SL,-0.024284452667711943,3133.7905258326464,9833.605973430993,-76.10238769510703,9893.360142096974,2026
2026-01-27 16:00:00,2026-01-27 17:15:00,DOGEUSDT,SL,-0.022273550239648707,3447.39600296247,9893.360142096939,-76.78574806794872,9816.574394029025,2026
2026-02-03 19:00:00,2026-02-03 20:30:00,XRPUSDT,TP,0.01976491723716291,1794.4090903239548,9816.57439402899,35.466347159865755,9852.04074118889,2026
2026-02-11 14:00:00,2026-02-11 15:00:00,BNBUSDT,SL,-0.026468044382496402,2873.0919217639293,9852.040741188855,-76.04512450023957,9775.995616688651,2026
2026-02-11 14:00:00,2026-02-11 14:45:00,ETHUSDT,SL,-0.029414617427620943,2577.753069458954,9852.040741188855,-75.82362036101073,9700.17199632764,2026
2026-02-11 14:00:00,2026-02-11 14:45:00,XRPUSDT,SL,-0.030838457653262364,2455.7691328157807,9852.040741188855,-75.73213240852829,9624.439863919111,2026
2026-02-11 14:00:00,2026-02-11 14:45:00,DOGEUSDT,SL,-0.028786030332683767,2635.5480673302254,9852.040741188855,-75.86696660941395,9548.572897309698,2026
2026-02-14 08:00:00,2026-02-14 08:30:00,XRPUSDT,TP,0.005861060227573175,5416.24900277996,9548.572897309665,31.744961612826497,9580.317858922524,2026
2026-02-14 14:45:00,2026-02-14 16:45:00,DOGEUSDT,TP,0.012403779952113184,2731.2447145801425,9580.317858922492,33.87775843502427,9614.195617357549,2026
2026-02-15 03:45:00,2026-02-15 04:00:00,BTCUSDT,TP,0.006030333876631513,5317.324223420406,9614.195617357516,32.06524039752543,9646.260857755075,2026
2026-02-18 15:30:00,2026-02-18 18:15:00,BTCUSDT,SL,-0.018920233959848678,3981.619421798856,9646.260857755042,-75.33317099951176,9570.927686755562,2026
2026-02-20 05:30:00,2026-02-20 10:00:00,BTCUSDT,TP,0.004740737476632215,6536.640838881807,9570.92768675553,30.988498196171623,9601.916184951733,2026
2026-02-23 06:00:00,2026-02-23 09:30:00,DOGEUSDT,TP,0.011135612869373842,3029.4765687977474,9601.916184951702,33.7350782669707,9635.651263218704,2026
2026-02-23 09:30:00,2026-02-23 10:00:00,ETHUSDT,TP,0.008206096740740033,4034.5357227667087,9635.651263218673,33.107790444995125,9668.7590536637,2026
2026-02-25 01:00:00,2026-02-25 02:00:00,ETHUSDT,TP,0.011012672733768962,3082.4496499972893,9668.759053663669,33.94600921374083,9702.70506287744,2026
2026-02-25 01:00:00,2026-02-25 01:15:00,BTCUSDT,TP,0.009160194773507446,3658.641154880766,9668.759053663669,33.51386558507804,9736.218928462518,2026
2026-02-25 01:00:00,2026-02-25 01:15:00,SOLUSDT,TP,0.013549503988210906,2535.601688081722,9668.759053663669,34.356145185177596,9770.575073647697,2026
2026-02-25 01:00:00,2026-02-25 05:30:00,DOGEUSDT,SL,-0.023996495352802686,3119.4247477710574,9668.759053663669,-74.85526146330587,9695.71981218439,2026
2026-02-25 01:00:00,2026-02-25 02:00:00,BNBUSDT,TP,0.008732807449537828,3823.5350284378196,9668.759053663669,33.39019517991062,9729.110007364301,2026
2026-02-25 01:00:00,2026-02-25 12:45:00,XRPUSDT,TP,0.011447272960117728,2972.6190903322026,9668.759053663669,34.02838213348958,9763.13838949779,2026
2026-02-25 14:45:00,2026-02-25 15:15:00,DOGEUSDT,TP,0.013548650920471531,2560.5051248715527,9763.13838949776,34.691390116963035,9797.829779614753,2026
2026-02-28 13:45:00,2026-02-28 20:00:00,XRPUSDT,TP,0.015512525984504782,2259.296108646568,9797.829779614724,35.047389592070424,9832.877169206824,2026
2026-02-28 13:45:00,2026-02-28 18:30:00,ETHUSDT,TP,0.011810255456129876,2925.2479618656107,9797.829779614724,34.54792570215613,9867.42509490898,2026
2026-02-28 13:45:00,2026-02-28 19:30:00,DOGEUSDT,TP,0.01498538653251576,2334.983103060821,9797.829779614724,34.99062434625949,9902.41571925524,2026
2026-02-28 13:45:00,2026-02-28 18:30:00,BTCUSDT,TP,0.009253977803482789,3672.725229434599,9797.829779614724,33.98731775147901,9936.403037006718,2026
2026-02-28 13:45:00,2026-02-28 18:30:00,SOLUSDT,TP,0.014199022156109018,2457.8103697933316,9797.829779614724,34.898503896210016,9971.301540902929,2026
2026-03-01 01:45:00,2026-03-01 02:00:00,ETHUSDT,TP,0.015125266005674334,2355.386093374476,9971.301540902896,35.625841208355034,10006.927382111284,2026
2026-03-01 13:45:00,2026-03-01 19:30:00,XRPUSDT,SL,-0.024852082318935084,3113.9199664450584,10006.927382111251,-77.38739534066816,9929.539986770615,2026
2026-03-01 13:45:00,2026-03-01 14:00:00,DOGEUSDT,TP,0.011463893596783811,3072.4009002992107,10006.927382111251,35.22167700769294,9964.761663778309,2026
2026-03-02 14:30:00,2026-03-02 15:00:00,XRPUSDT,TP,0.010482323243537523,3326.814535957,9964.761663778276,34.87274533720056,9999.634409115508,2026
2026-03-02 14:30:00,2026-03-02 15:00:00,ETHUSDT,TP,0.012690815257587112,2780.1778034315953,9964.761663778276,35.28272288659471,10034.917132002103,2026
2026-03-02 14:30:00,2026-03-02 15:00:00,DOGEUSDT,TP,0.011342954369968303,3090.0518678849967,9964.761663778276,35.05031733825484,10069.967449340358,2026
2026-03-02 14:30:00,2026-03-02 15:00:00,BTCUSDT,TP,0.009437692779651891,3667.9410193644426,9964.761663778276,34.616900474644794,10104.584349815002,2026
2026-03-02 14:30:00,2026-03-02 14:45:00,SOLUSDT,TP,0.013155258620484247,2687.3183202878995,9964.761663778276,35.35236749895264,10139.936717313956,2026
2026-03-02 15:00:00,2026-03-02 16:45:00,XRPUSDT,TP,0.01365284307809147,2640.087271919794,10139.936717313924,36.044697235987556,10175.981414549944,2026
2026-03-02 15:00:00,2026-03-02 16:15:00,DOGEUSDT,TP,0.014687318768443609,2463.1714393082334,10139.936717313924,36.17738411044607,10212.15879866039,2026
2026-03-02 15:00:00,2026-03-03 05:45:00,BNBUSDT,SL,-0.02473160713356399,3171.160504644303,10139.936717313924,-78.42789575833741,10133.730902902053,2026
2026-03-02 15:00:00,2026-03-02 16:00:00,SOLUSDT,TP,0.01721415921293941,2116.7014965297326,10139.936717313924,36.43723656752993,10170.168139469582,2026
2026-03-02 15:00:00,2026-03-02 15:30:00,BTCUSDT,TP,0.012323003296213657,2908.6478315920417,10139.936717313924,35.843276816233434,10206.011416285815,2026
2026-03-02 15:00:00,2026-03-02 15:45:00,ETHUSDT,TP,0.01634247758236266,2224.6489724324256,10139.936717313924,36.35627596060304,10242.367692246418,2026
2026-03-04 08:45:00,2026-03-04 09:15:00,XRPUSDT,TP,0.010577743247227043,3390.6911560099325,10242.367692246386,35.86586047891652,10278.233552725334,2026
2026-03-04 08:45:00,2026-03-04 09:45:00,BTCUSDT,TP,0.011647950340722309,3098.0023141217307,10242.367692246386,36.085377110332715,10314.318929835666,2026
2026-03-04 15:15:00,2026-03-04 19:00:00,ETHUSDT,TP,0.01632196759166097,2265.6261370702805,10314.318929835634,36.97947638408115,10351.298406219748,2026
2026-03-04 15:15:00,2026-03-04 16:00:00,XRPUSDT,TP,0.013550321209718481,2704.7431606359655,10314.318929835634,36.65013861640652,10387.948544836156,2026
2026-03-09 03:00:00,2026-03-09 13:30:00,ETHUSDT,TP,0.01405176687488847,2631.7673675311735,10387.948544836123,36.980981517486974,10424.929526353642,2026
2026-03-09 19:15:00,2026-03-10 08:30:00,DOGEUSDT,TP,0.013010234900799311,2841.047845887794,10424.92952635361,36.962699839410085,10461.892226193053,2026
2026-03-09 19:15:00,2026-03-10 11:15:00,SOLUSDT,TIMEOUT,-0.00075,2635.2580853051536,10424.92952635361,-1.9764435639788653,10459.915782629074,2026
2026-03-09 19:15:00,2026-03-10 08:00:00,XRPUSDT,TP,0.010234302683189622,3559.0320889149198,10424.92952635361,36.42421165713993,10496.339994286212,2026
2026-03-09 19:15:00,2026-03-10 08:30:00,BNBUSDT,TP,0.008189033398672689,4373.3459738085885,10424.92952635361,35.81347624346927,10532.153470529682,2026
2026-03-09 19:15:00,2026-03-09 23:00:00,ETHUSDT,SL,-0.026520875992505792,3033.927580513333,10424.92952635361,-80.46241713303723,10451.691053396646,2026
2026-03-09 19:15:00,2026-03-10 02:30:00,BTCUSDT,TP,0.009984020194157832,3642.017158222133,10424.92952635361,36.361972855159095,10488.053026251804,2026
2026-03-10 02:30:00,2026-03-10 08:30:00,BTCUSDT,TP,0.008770160994456088,4089.0179357736592,10380.82908207573,35.861345605953495,10523.914371857758,2026
2026-03-12 09:30:00,2026-03-12 13:30:00,ETHUSDT,TP,0.006910778958538934,5151.522985854775,10523.914371857725,35.60103665507484,10559.515408512832,2026
2026-03-12 09:30:00,2026-03-12 11:30:00,BTCUSDT,TP,0.005918878044098945,5917.738881038235,10523.914371857725,35.02637473368787,10594.541783246521,2026
2026-03-13 00:15:00,2026-03-13 13:15:00,ETHUSDT,TP,0.011423757314208827,3263.538993076771,10594.541783246488,37.28187744236647,10631.823660688888,2026
2026-03-13 00:15:00,2026-03-13 00:30:00,SOLUSDT,TP,0.012583219208521963,2979.7403812112602,10594.541783246488,37.494726401266085,10669.318387090154,2026
2026-03-13 00:15:00,2026-03-13 09:30:00,DOGEUSDT,TP,0.011226276911432609,3317.352461118242,10594.541783246488,37.24151734133586,10706.55990443149,2026
2026-03-14 23:00:00,2026-03-15 02:45:00,SOLUSDT,TP,0.0042645478795009404,8006.624047951813,10706.559904431457,34.14463160565414,10740.704536037143,2026
2026-03-15 02:00:00,2026-03-15 12:30:00,XRPUSDT,TP,0.004554112224211879,7569.523031271065,10706.559904431457,34.47245736816491,10775.176993405308,2026
2026-03-15 22:30:00,2026-03-16 03:30:00,XRPUSDT,TP,0.009149675872508967,4081.6400704065586,10775.176993405275,37.345683672464695,10812.522677077774,2026
2026-03-15 22:30:00,2026-03-15 22:45:00,BNBUSDT,TP,0.006235789570758635,5784.1584427917505,10775.176993405275,36.0687948931763,10848.591471970949,2026
2026-03-15 22:30:00,2026-03-15 23:00:00,SOLUSDT,TP,0.012131367304858386,3136.8497434297956,10775.176993405275,38.054276417697636,10886.645748388646,2026
2026-03-15 22:30:00,2026-03-15 23:00:00,ETHUSDT,TP,0.01013940649183331,3710.6626293704167,10775.176993405275,37.623916753241666,10924.269665141888,2026
2026-03-16 03:30:00,2026-03-16 13:30:00,BTCUSDT,TP,0.008980462952812922,4210.078332649038,10924.269665141856,37.808452494795084,10962.078117636684,2026
2026-03-16 14:45:00,2026-03-16 18:15:00,XRPUSDT,TP,0.012072108665610988,3206.0087785240034,10962.07811763665,38.70328635724452,11000.781403993928,2026
2026-03-23 11:00:00,2026-03-23 14:00:00,XRPUSDT,TP,0.014781320017642733,2656.1123084268506,11000.781403993895,39.26084603365706,11040.042250027585,2026
2026-03-23 11:00:00,2026-03-24 03:00:00,SOLUSDT,TIMEOUT,-0.00868388429752065,2268.770288840107,11000.781403993895,-19.701738685939993,11020.340511341645,2026
2026-03-23 11:00:00,2026-03-24 03:00:00,ETHUSDT,TIMEOUT,-0.01704703371863636,2234.68171032113,11000.781403993895,-38.09469446626427,10982.245816875382,2026
2026-03-23 11:00:00,2026-03-23 15:00:00,DOGEUSDT,TP,0.015527085020791021,2534.417569993884,11000.781403993895,39.352117087481616,11021.597933962863,2026
2026-03-23 11:00:00,2026-03-24 03:00:00,BTCUSDT,TIMEOUT,-0.007231822164683702,3101.8720548395067,11000.781403993895,-22.432187078201324,10999.16574688466,2026
2026-03-23 11:00:00,2026-03-23 17:15:00,BNBUSDT,SL,-0.023347713529965813,3651.071176760731,11000.781403993895,-85.24416391252473,10913.921582972136,2026
2026-03-24 20:15:00,2026-03-24 23:15:00,XRPUSDT,TP,0.0075442240012041405,4934.422548776558,10913.921582972103,37.22638902456302,10951.1479719967,2026
2026-03-28 13:30:00,2026-03-28 23:00:00,ETHUSDT,SL,-0.014570907795569691,5942.707310174153,10951.147971996666,-86.59064027260555,10864.557331724094,2026
2026-03-28 13:30:00,2026-03-28 23:00:00,XRPUSDT,SL,-0.011724544227600116,7484.011006435723,10951.147971996666,-87.74661804480169,10776.810713679293,2026
2026-03-28 13:30:00,2026-03-28 14:15:00,DOGEUSDT,TP,0.007314935211094545,5092.019194214243,10951.147971996666,37.24779049932704,10814.05850417862,2026
2026-04-02 14:30:00,2026-04-03 06:30:00,ETHUSDT,TIMEOUT,-0.004569724458308917,3742.9789873546633,10814.058504178587,-17.104382625450945,10796.954121553168,2026
2026-04-02 14:30:00,2026-04-03 06:30:00,BTCUSDT,TIMEOUT,-0.005428889683103289,4737.12841495482,10814.058504178587,-25.71734757948366,10771.236773973686,2026
2026-04-02 14:30:00,2026-04-03 06:30:00,DOGEUSDT,TIMEOUT,0.002877569528416081,3991.6293368670877,10814.058504178587,11.486190948500418,10782.722964922184,2026
2026-04-02 14:30:00,2026-04-02 20:15:00,XRPUSDT,TP,0.00829530439236318,4483.289630905952,10814.058504178587,37.19025216749045,10819.913217089676,2026
2026-04-04 15:00:00,2026-04-05 06:00:00,SOLUSDT,SL,-0.014168773451752645,6047.449077215987,10819.913217089643,-85.6849359360839,10734.228281153592,2026
2026-04-04 19:00:00,2026-04-04 23:00:00,DOGEUSDT,SL,-0.012737603647917916,6769.438789567129,10819.913217089643,-86.2264282203473,10648.001852933245,2026
2026-04-05 15:15:00,2026-04-05 22:45:00,DOGEUSDT,TP,0.005316041320200606,6582.547800247883,10648.001852933212,34.99309609831335,10682.994949031558,2026
2026-04-05 15:15:00,2026-04-05 20:30:00,ETHUSDT,TP,0.005440877565281418,6449.813702087693,10648.001852933212,35.092646671933615,10718.087595703491,2026
2026-04-05 15:15:00,2026-04-05 22:45:00,SOLUSDT,TP,0.006609654145129911,5425.527635007479,10648.001852933212,35.86086122224407,10753.948456925735,2026
2026-04-05 22:30:00,2026-04-05 22:45:00,BTCUSDT,TP,0.004871572984170413,7126.404742289546,10683.094499605146,34.716800816801666,10788.665257742538,2026
2026-04-07 22:45:00,2026-04-07 23:15:00,ETHUSDT,TP,0.013603102397562693,2818.7282160966615,10788.665257742503,38.34344855446211,10827.008706297,2026
2026-04-07 23:15:00,2026-04-08 14:30:00,XRPUSDT,SL,-0.029636528847955708,2811.087677742004,10827.008706296965,-83.31088105553371,10743.697825241465,2026
2026-04-07 23:15:00,2026-04-08 14:45:00,BTCUSDT,SL,-0.0276215297218371,3021.8810070659224,10827.008706296965,-83.4689760525264,10660.22884918894,2026
2026-04-09 15:30:00,2026-04-09 22:15:00,ETHUSDT,TP,0.009474313739462538,3909.8817977547506,10660.228849188905,37.04344683614232,10697.272296025081,2026
2026-04-09 15:30:00,2026-04-09 19:00:00,DOGEUSDT,TP,0.00745770982193589,4870.525280708549,10660.228849188905,36.3229642239272,10733.595260249009,2026
2026-04-09 15:30:00,2026-04-09 21:00:00,BTCUSDT,TP,0.007310452328161331,4959.505565809494,10660.228849188905,36.256229010101094,10769.85148925911,2026
2026-04-09 15:30:00,2026-04-09 16:00:00,SOLUSDT,TP,0.009493557940708747,3902.53644445073,10660.228849188905,37.0489558511205,10806.90044511023,2026
2026-04-10 19:00:00,2026-04-10 23:30:00,DOGEUSDT,SL,-0.01777248021941719,4761.453812463394,10806.900445110196,-84.62284369767423,10722.277601412556,2026
2026-04-11 16:30:00,2026-04-11 18:30:00,ETHUSDT,TP,0.004756329943669367,7302.239679902329,10722.277601412521,34.73186124537006,10757.009462657927,2026
2026-04-11 18:30:00,2026-04-11 19:00:00,ETHUSDT,TP,0.007043873246115216,5175.704583734893,10757.009462657892,36.4570070471661,10793.466469705092,2026
2026-04-12 20:30:00,2026-04-12 23:15:00,DOGEUSDT,SL,-0.01127267840228142,7693.003190636057,10793.466469705058,-86.72075091576514,10706.745718789327,2026
2026-04-13 13:45:00,2026-04-13 20:30:00,SOLUSDT,TP,0.007735463058962743,4731.656500826032,10706.745718789292,36.60155406984069,10743.347272859168,2026
2026-04-13 13:45:00,2026-04-13 14:45:00,BTCUSDT,TP,0.005094267031266486,6870.031131475991,10706.745718789292,34.997773096852534,10778.34504595602,2026
2026-04-13 13:45:00,2026-04-13 14:45:00,ETHUSDT,TP,0.0075164389093050074,4857.0245163567315,10706.745718789292,36.50752805819207,10814.852574014212,2026
2026-04-13 22:00:00,2026-04-13 22:15:00,ETHUSDT,TP,0.010648888651393526,3557.864138588229,10814.852574014178,37.88729904861219,10852.739873062825,2026
2026-04-14 13:30:00,2026-04-14 14:00:00,BTCUSDT,TP,0.00462412470665433,7572.912194164768,10852.73987306279,35.01809037836116,10887.757963441185,2026
2026-04-14 13:30:00,2026-04-14 15:00:00,SOLUSDT,SL,-0.016578446200791595,5142.358764431385,10852.73987306279,-85.25231812129485,10802.50564531989,2026
2026-04-14 13:45:00,2026-04-14 17:30:00,DOGEUSDT,SL,-0.026641724727463182,3143.6897273063914,10852.73987306279,-83.75331634345068,10718.75232897644,2026
2026-04-17 13:00:00,2026-04-17 13:45:00,ETHUSDT,TP,0.009985208136100973,3744.2516925676146,10718.752328976405,37.38713246423598,10756.139461440676,2026
2026-04-20 07:15:00,2026-04-20 18:30:00,ETHUSDT,TP,0.00834543874851229,4434.697884915067,10756.139461440642,37.009499566715704,10793.148961007391,2026
2026-04-20 15:15:00,2026-04-21 07:15:00,XRPUSDT,TIMEOUT,0.002804997908824677,3638.250108028959,10756.139461440642,10.205283944802385,10803.354244952194,2026
2026-04-22 05:15:00,2026-04-22 19:30:00,XRPUSDT,SL,-0.014081983742520834,6077.501923342488,10803.35424495216,-85.58328327964801,10717.770961672546,2026
2026-04-22 05:15:00,2026-04-22 13:45:00,BTCUSDT,TP,0.006451146528949894,5625.851141301262,10803.35424495216,36.293190062594434,10754.06415173514,2026
2026-04-22 13:30:00,2026-04-22 16:45:00,BNBUSDT,SL,-0.012107099963816379,7134.31748380186,10803.35424495216,-86.37589494999206,10667.688256785148,2026
2026-04-29 04:30:00,2026-04-29 13:30:00,ETHUSDT,SL,-0.01432137303978792,5895.325527588498,10667.688256785113,-84.4291560715794,10583.259100713569,2026
2026-05-01 03:15:00,2026-05-01 12:15:00,ETHUSDT,TP,0.004288729815152135,7876.43376081244,10583.259100713534,33.77989630706717,10617.038997020636,2026
2026-05-01 12:15:00,2026-05-01 13:30:00,ETHUSDT,TP,0.004261808249871598,7944.018257252169,10617.038997020602,33.85588254588789,10650.894879566524,2026
2026-05-03 22:00:00,2026-05-04 01:15:00,DOGEUSDT,TP,0.007413128675128759,4892.8367281609935,10650.89487956649,36.27122825225344,10687.166107818777,2026
2026-05-03 22:00:00,2026-05-04 00:00:00,ETHUSDT,SL,-0.01411433709941279,5977.2296225795335,10650.89487956649,-84.36463381368341,10602.801474005095,2026
2026-05-03 22:00:00,2026-05-04 00:00:00,SOLUSDT,SL,-0.011327416332151816,7552.10054027424,10650.89487956649,-85.54578700195499,10517.255687003139,2026
2026-05-04 01:45:00,2026-05-04 02:45:00,BTCUSDT,TP,0.006313077071303134,5583.927292327391,10517.255687003104,35.25176335701585,10552.507450360155,2026
2026-05-04 04:00:00,2026-05-04 10:00:00,BNBUSDT,SL,-0.01568726275809694,5298.414251620516,10552.507450360119,-83.11761656641659,10469.389833793739,2026
2026-05-05 13:00:00,2026-05-05 16:30:00,SOLUSDT,SL,-0.011060846894762062,7615.322441975312,10469.389833793703,-84.23191558493448,10385.157918208804,2026
2026-05-06 09:30:00,2026-05-06 13:15:00,ETHUSDT,SL,-0.014947999308751216,5485.891546603886,10385.157918208768,-82.00310304651903,10303.154815162285,2026
2026-05-08 17:30:00,2026-05-08 18:30:00,SOLUSDT,TP,0.009547184459972009,3752.1742673495305,10303.154815162248,35.8226998563463,10338.97751501863,2026
2026-05-10 16:15:00,2026-05-10 17:00:00,XRPUSDT,TP,0.007027589074769956,4984.98510381462,10338.977515018594,35.032426853458595,10374.00994187209,2026
2026-05-10 22:15:00,2026-05-11 03:00:00,BNBUSDT,SL,-0.01855695250111948,4369.364974672062,10374.009941872053,-81.08209829504457,10292.927843577045,2026
2026-05-11 22:45:00,2026-05-12 01:30:00,BNBUSDT,SL,-0.011677356598650941,7064.559313124059,10292.927843577008,-82.4953783116702,10210.432465265376,2026
2026-05-13 01:00:00,2026-05-13 01:30:00,BNBUSDT,TP,0.005681935230167148,5952.970665059145,10210.432465265338,33.82439374595111,10244.256859011326,2026
2026-05-13 09:30:00,2026-05-13 12:15:00,DOGEUSDT,SL,-0.01936235602606436,4128.006488538623,10244.25685901129,-79.92793130898858,10164.328927702338,2026
2026-05-18 11:30:00,2026-05-18 15:15:00,DOGEUSDT,SL,-0.023161612212814764,3401.471801041526,10164.328927702301,-78.78357080854843,10085.545356893788,2026
2026-05-18 11:30:00,2026-05-18 14:30:00,SOLUSDT,SL,-0.0172347416837117,4624.4259340194285,10164.328927702301,-79.70078640828206,10005.844570485508,2026
2026-05-18 11:30:00,2026-05-18 12:15:00,ETHUSDT,TP,0.0054128552257611635,6184.833503723278,10164.328927702301,33.47760835109127,10039.322178836599,2026
2026-05-21 17:15:00,2026-05-22 09:15:00,BNBUSDT,TIMEOUT,-0.0031761907289187116,5800.274710468579,10039.322178836563,-18.422778760571962,10020.899400076027,2026
2026-05-23 20:30:00,2026-05-24 12:30:00,ETHUSDT,TIMEOUT,-0.005021117390018898,4111.223948114821,10020.89940007599,-20.64293806014148,10000.256462015885,2026
2026-05-23 20:30:00,2026-05-23 21:00:00,SOLUSDT,TP,0.008803051567299536,3933.6511988396865,10020.89940007599,34.6281343511554,10034.884596367041,2026
2026-05-23 20:30:00,2026-05-24 12:30:00,DOGEUSDT,TIMEOUT,-0.011787527593818969,3805.899233099636,10020.89940007599,-44.86214222945641,9990.022454137585,2026
2026-05-23 20:30:00,2026-05-23 21:00:00,XRPUSDT,TP,0.005828769462208119,5712.067122302196,10020.89940007599,33.29432240855805,10023.316776546142,2026
2026-05-23 20:30:00,2026-05-23 20:45:00,BNBUSDT,TP,0.004349020439754832,7369.723889965699,10020.89940007599,32.05107983281031,10055.367856378953,2026
2026-05-24 22:00:00,2026-05-25 07:00:00,ETHUSDT,TP,0.007544872762179481,4545.896066465239,10055.367856378914,34.29820741157242,10089.666063790524,2026
2026-05-24 22:00:00,2026-05-25 05:15:00,XRPUSDT,TP,0.0058222935336855975,5737.362348190055,10055.367856378914,33.40460770027817,10123.070671490803,2026
2026-05-24 22:00:00,2026-05-25 00:15:00,BNBUSDT,TP,0.004367783340083876,7367.961274578386,10055.367856378914,32.18165850548664,10155.252329996289,2026
2026-05-24 22:00:00,2026-05-25 00:30:00,DOGEUSDT,TP,0.0076826558201224015,4471.619649344811,10055.367856378914,34.353914724412604,10189.606244720702,2026
2026-05-24 22:00:00,2026-05-25 02:00:00,BTCUSDT,TP,0.0046360185358729315,7001.021108686131,10055.367856378914,32.456863629906564,10222.063108350609,2026
2026-05-26 10:15:00,2026-05-26 14:15:00,XRPUSDT,TP,0.004620698555727917,7137.3837608950935,10222.063108350569,32.979698835643845,10255.042807186252,2026
2026-05-26 10:15:00,2026-05-26 15:45:00,SOLUSDT,SL,-0.014538958182792416,5559.91774696236,10222.063108350569,-80.83541162285118,10174.2073955634,2026
2026-05-26 10:15:00,2026-05-26 13:00:00,DOGEUSDT,TP,0.005892398845182753,5770.917638303939,10222.063108350569,34.00454842758691,10208.211943990987,2026
2026-05-26 10:15:00,2026-05-26 10:30:00,ETHUSDT,TP,0.004987694682152687,6680.860307110782,10222.063108350569,33.32209142598141,10241.53403541697,2026
2026-05-30 01:45:00,2026-05-30 02:00:00,BNBUSDT,TP,0.0042994197044351505,7605.9735337666425,10241.534035416931,32.701272482488555,10274.235307899458,2026
2026-06-01 09:30:00,2026-06-01 09:45:00,BNBUSDT,TP,0.01315145809348228,2771.535341511184,10274.23530789942,36.449730898489435,10310.685038797948,2026
2026-06-07 01:00:00,2026-06-07 03:15:00,BTCUSDT,TP,0.00599072370258692,5736.041202913212,10310.68503879791,34.363037993307366,10345.048076791256,2026
2026-06-07 01:00:00,2026-06-07 03:15:00,SOLUSDT,TP,0.01202954150978921,3025.544294047982,10310.68503879791,36.39591067495609,10381.443987466211,2026
2026-06-07 01:00:00,2026-06-07 05:00:00,ETHUSDT,TP,0.008760425287573561,4065.5457275935373,10310.68503879791,35.61590959979708,10417.059897066008,2026
2026-06-07 01:00:00,2026-06-07 04:45:00,DOGEUSDT,TP,0.010655432938292806,3390.057098637384,10310.68503879791,36.12252607151412,10453.182423137523,2026
2026-06-07 22:00:00,2026-06-08 14:00:00,BTCUSDT,TIMEOUT,0.00376381713677858,3344.636456298789,10453.182423137485,12.588600010511763,10465.771023148034,2026
2026-06-07 22:00:00,2026-06-08 05:30:00,SOLUSDT,SL,-0.03516936137799342,2277.7548750121987,10453.182423137485,-80.10718432979024,10385.663838818244,2026
2026-06-07 22:00:00,2026-06-08 14:00:00,XRPUSDT,TIMEOUT,0.0011426359256710079,2720.554758680297,10453.182423137485,3.1086036050233266,10388.772442423267,2026
2026-06-07 22:00:00,2026-06-08 05:00:00,BNBUSDT,SL,-0.022177908826171423,3658.726981224454,10453.182423137485,-81.14291340944935,10307.629529013819,2026
2026-06-07 22:00:00,2026-06-08 14:00:00,DOGEUSDT,TIMEOUT,-0.0024827018597666324,2866.9256395531615,10453.182423137485,-7.117721617131276,10300.511807396686,2026
2026-06-07 22:00:00,2026-06-08 05:00:00,ETHUSDT,SL,-0.031224809017389932,2572.579474699719,10453.182423137485,-80.32830277955604,10220.18350461713,2026
2026-06-09 04:30:00,2026-06-09 14:15:00,SOLUSDT,SL,-0.0261061947041238,3022.9842126966337,10220.183504617093,-78.91861444415072,10141.264890172979,2026
2026-06-10 13:30:00,2026-06-10 17:30:00,ETHUSDT,SL,-0.02449942937312304,3202.581648651013,10141.264890172943,-78.46142291278544,10062.803467260195,2026
2026-06-10 13:30:00,2026-06-10 16:45:00,XRPUSDT,SL,-0.022846606240539774,3442.134319104327,10141.264890172943,-78.64108741562504,9984.162379844569,2026
2026-06-10 13:30:00,2026-06-10 21:00:00,BNBUSDT,SL,-0.018485234054709036,4288.609129243598,10141.264890172943,-79.27594352322981,9904.88643632134,2026
2026-06-10 13:30:00,2026-06-10 21:45:00,BTCUSDT,SL,-0.019704054586500173,4012.8346327792838,10141.264890172943,-79.06911265088138,9825.817323670459,2026
2026-06-12 14:15:00,2026-06-12 14:30:00,DOGEUSDT,TP,0.01046632259850559,3285.1065614565373,9825.817323670422,34.38298504267155,9860.200308713129,2026
2026-06-13 21:30:00,2026-06-14 05:15:00,SOLUSDT,SL,-0.016568323046629304,4675.053233984042,9860.200308713094,-77.45779224083667,9782.742516472294,2026
2026-06-13 21:30:00,2026-06-14 12:30:00,XRPUSDT,SL,-0.01185833716327735,6657.2972379539815,9860.200308713094,-78.94447524381336,9703.79804122848,2026
2026-06-14 21:15:00,2026-06-14 21:30:00,DOGEUSDT,TP,0.006361027478049624,5117.297432323706,9703.798041228443,32.55126958036388,9736.349310808844,2026
2026-06-14 21:15:00,2026-06-14 21:30:00,BNBUSDT,TP,0.004523996358491699,6899.747398576889,9703.798041228443,31.21443210567442,9767.563742914517,2026
2026-06-14 21:15:00,2026-06-14 21:30:00,ETHUSDT,TP,0.00645422641880094,5051.096472987194,9703.798041228443,32.600920299866196,9800.164663214384,2026
2026-06-14 21:15:00,2026-06-14 21:30:00,SOLUSDT,TP,0.008046052273828371,4136.997089350914,9703.798041228443,33.28649483759328,9833.451158051977,2026
2026-06-14 21:15:00,2026-06-14 21:30:00,XRPUSDT,TP,0.006711294484499282,4877.06827953315,9703.798041228443,32.731441444957234,9866.182599496935,2026
2026-06-14 21:30:00,2026-06-14 23:45:00,SOLUSDT,TP,0.009564001986437708,3587.1803007953617,9866.1825994969,34.30779952251706,9900.490399019453,2026
2026-06-15 10:45:00,2026-06-15 11:00:00,XRPUSDT,TP,0.007468652446235056,4517.387642219914,9900.490399019418,33.73879826465777,9934.229197284109,2026
2026-06-15 11:15:00,2026-06-15 13:00:00,BNBUSDT,TP,0.004913689081801175,6577.578491997214,9934.229197284076,32.32017562081695,9966.549372904927,2026
2026-06-15 11:15:00,2026-06-15 12:45:00,ETHUSDT,TP,0.007996888859059442,4259.041139093777,9934.229197284076,34.05907863549486,10000.608451540422,2026
2026-06-15 13:15:00,2026-06-15 15:45:00,ETHUSDT,TP,0.010579390709930747,3310.1763946055808,10000.608451540387,35.01964939732233,10035.628100937744,2026
2026-06-20 05:00:00,2026-06-20 14:00:00,SOLUSDT,SL,-0.021148624220107562,3689.817996786254,10035.628100937709,-78.03457425462254,9957.59352668312,2026
2026-06-20 05:00:00,2026-06-20 14:00:00,ETHUSDT,SL,-0.012057292273228581,6656.51943350196,10035.628100937709,-80.25960033215907,9877.333926350962,2026
2026-06-20 14:45:00,2026-06-20 15:15:00,BTCUSDT,TP,0.004602075979486735,6920.679445841591,9877.333926350926,31.849492639435155,9909.183418990397,2026
2026-06-20 22:00:00,2026-06-20 22:30:00,SOLUSDT,TP,0.008012027500641151,4240.963386441596,9909.183418990362,33.9787152813823,9943.162134271779,2026
2026-06-22 01:15:00,2026-06-22 16:30:00,SOLUSDT,SL,-0.027821297967752446,2754.7152004263376,9943.162134271744,-76.63975240735803,9866.52238186442,2026
2026-06-22 01:15:00,2026-06-22 12:00:00,BNBUSDT,TP,0.006484142609372551,5154.288492351575,9943.162134271744,33.42114163425545,9899.943523498678,2026
2026-06-22 01:15:00,2026-06-22 13:30:00,DOGEUSDT,TP,0.00814193746814809,4193.3333581218685,9943.162134271744,34.1418579849277,9934.085381483605,2026
2026-06-22 01:15:00,2026-06-22 11:45:00,ETHUSDT,TP,0.009805323960165322,3532.5166848725653,9943.162134271744,34.63747048986473,9968.722851973469,2026
2026-06-22 01:15:00,2026-06-22 12:30:00,BTCUSDT,TP,0.007272991649026775,4647.5005377877815,9943.162134271744,33.80123260017798,10002.524084573648,2026
2026-06-25 04:45:00,2026-06-25 05:15:00,DOGEUSDT,TP,0.006988304971049501,4847.2456768608745,10002.52408457361,33.87403105950505,10036.398115633152,2026
2026-06-25 14:00:00,2026-06-26 00:00:00,BNBUSDT,TP,0.015789865490143627,2275.5017539926284,10036.398115633116,35.929866618129495,10072.327982251281,2026
2026-06-27 15:00:00,2026-06-27 17:00:00,ETHUSDT,SL,-0.011816681599006751,6826.116681053188,10072.327982251245,-80.66204737767424,9991.665934873608,2026
2026-06-28 08:30:00,2026-06-28 19:00:00,SOLUSDT,SL,-0.017437296007239183,4490.691270715319,9991.66593487357,-78.30551296458808,9913.36042190902,2026
2026-06-29 12:00:00,2026-06-29 17:00:00,SOLUSDT,TP,0.014201640944110848,2486.35596060118,9913.360421908983,35.31033461170777,9948.670756520727,2026
2026-06-29 12:00:00,2026-06-29 14:00:00,ETHUSDT,SL,-0.020360481101222863,3791.35028766231,9913.360421908983,-77.19371588006433,9871.477040640662,2026
2026-06-29 12:00:00,2026-06-29 13:30:00,BTCUSDT,SL,-0.01821195148827218,4257.840437493624,9913.360421908983,-77.54358349243748,9793.933457148225,2026
2026-06-29 12:00:00,2026-06-29 14:00:00,BNBUSDT,SL,-0.01662979350434914,4682.063601390948,9913.360421908983,-77.86175086536072,9716.071706282864,2026
2026-06-29 17:00:00,2026-06-30 09:00:00,ETHUSDT,TIMEOUT,-0.020268321238779256,2551.8543927696037,9716.071706282828,-51.7218045872443,9664.349901695621,2026
