entry,exit,sym,reason,net,notional,eq_at_entry,pnl,equity,year
2020-01-24 11:30:00,2020-01-24 11:45:00,BNBUSDT,TP,0.011169959629622457,3145.9838091068996,10000.0,35.14051214316995,10035.14051214317,2020
2020-02-22 16:45:00,2020-02-23 04:00:00,XRPUSDT,TP,0.010551516949278632,3329.7987420121262,10035.14051214317,35.134427864027614,10070.274940007197,2020
2020-02-23 03:30:00,2020-02-23 04:00:00,DOGEUSDT,TP,0.005146641210457533,6381.900403537834,10035.14051214317,32.845351617883374,10103.12029162508,2020
2020-02-23 04:00:00,2020-02-23 20:00:00,DOGEUSDT,TIMEOUT,-0.0085586871644705,5318.8137166913875,10103.120291625082,-45.522062687256216,10057.598228937824,2020
2020-02-27 16:30:00,2020-02-27 17:45:00,DOGEUSDT,SL,-0.02744058538066326,2826.164568562918,10057.598228937826,-77.5516101434561,9980.04661879437,2020
2020-02-28 22:30:00,2020-02-28 22:45:00,DOGEUSDT,TP,0.013223163561846819,2678.3608919219027,9980.04661879437,35.41640415153725,10015.463022945905,2020
2020-02-29 11:30:00,2020-03-01 03:30:00,BNBUSDT,TIMEOUT,-0.010868957988254739,1662.4574921451651,10015.463022945907,-18.06918063938513,9997.393842306521,2020
2020-03-10 10:30:00,2020-03-10 12:45:00,BNBUSDT,TP,0.013703636592779518,2593.8265894534893,9997.393842306523,35.54485696655933,10032.93869927308,2020
2020-03-10 10:30:00,2020-03-10 11:15:00,BTCUSDT,TP,0.007567272598551915,4507.5145084431415,9997.393842306523,34.10959102731699,10067.048290300398,2020
2020-03-11 18:30:00,2020-03-11 23:00:00,DOGEUSDT,TP,0.014373459811284945,2496.2165774035875,10067.048290300398,35.87926865557372,10102.927558955971,2020
2020-03-13 02:30:00,2020-03-13 13:30:00,BTCUSDT,TP,0.12448569390517467,302.51741468188146,10102.927558955971,37.65909028507349,10140.586649241044,2020
2020-03-13 02:30:00,2020-03-13 03:15:00,ETHUSDT,TP,0.1367288066576172,275.5768635702349,10102.927558955971,37.679295698407195,10178.265944939452,2020
2020-03-15 06:00:00,2020-03-15 09:00:00,BNBUSDT,SL,-0.04269906706814836,1819.7542859065882,10178.26594493945,-77.70181030147583,10100.564134637976,2020
2020-03-15 10:15:00,2020-03-15 10:30:00,XRPUSDT,TP,0.016866977553876734,2150.034839350586,10100.564134637974,36.2645893753793,10136.828724013354,2020
2020-03-15 10:15:00,2020-03-15 12:15:00,BTCUSDT,TP,0.01715758520813106,2115.143670386886,10100.564134637974,36.290757752102074,10173.119481765458,2020
2020-03-15 21:00:00,2020-03-15 21:30:00,DOGEUSDT,TP,0.021367874770172303,1724.813005455103,10173.119481765456,36.855588302529156,10209.975070067987,2020
2020-03-15 21:00:00,2020-03-15 21:45:00,BNBUSDT,TP,0.023691716800636062,1560.8231765302016,10173.119481765456,36.97858067422273,10246.953650742209,2020
2020-03-15 21:00:00,2020-03-15 21:30:00,BTCUSDT,TP,0.026251103667118976,1412.8755078659008,10173.119481765456,37.08954142572113,10284.04319216793,2020
2020-03-15 21:00:00,2020-03-15 21:30:00,XRPUSDT,TP,0.020391426168339853,1804.4760912937022,10173.119481765456,36.79584098815001,10320.83903315608,2020
2020-03-15 21:00:00,2020-03-15 21:30:00,ETHUSDT,TP,0.02229568864404651,1655.3724493052084,10173.119481765456,36.90766871964159,10357.746701875722,2020
2020-03-15 21:45:00,2020-03-15 22:15:00,DOGEUSDT,SL,-0.05810848697455038,1354.34360914254,10357.74670187572,-78.69885797092483,10279.047843904797,2020
2020-03-19 09:15:00,2020-03-19 09:45:00,ETHUSDT,TP,0.017511359031147762,2110.819317932235,10279.047843904795,36.9633149261938,10316.01115883099,2020
2020-03-19 09:15:00,2020-03-19 12:00:00,BNBUSDT,TP,0.01737241126430727,2127.0033469862615,10279.047843904795,36.9511769044034,10352.962335735394,2020
2020-03-19 09:15:00,2020-03-19 12:00:00,DOGEUSDT,TP,0.014085234277359998,2598.3027092108987,10279.047843904795,36.597702382734695,10389.560038118128,2020
2020-03-23 12:00:00,2020-03-23 12:15:00,ETHUSDT,TP,0.020157303698306504,1863.504290421664,10389.560038118127,37.56322192512665,10427.123260043256,2020
2020-03-23 12:00:00,2020-03-23 12:15:00,XRPUSDT,TP,0.015414596274470827,2410.2581642867876,10389.560038118127,37.153156519728014,10464.276416562983,2020
2020-03-23 12:00:00,2020-03-23 12:15:00,BNBUSDT,TP,0.02307272326889668,1635.4490501852395,10389.560038118127,37.734263355303945,10502.010679918287,2020
2020-03-28 18:00:00,2020-03-29 10:00:00,DOGEUSDT,TIMEOUT,-0.021732944344703735,2006.7584287748898,10502.010679918285,-43.612769245829796,10458.397910672458,2020
2020-03-30 05:00:00,2020-03-30 07:00:00,BNBUSDT,TP,0.012380537336363519,2986.853558262939,10458.397910672455,36.97885199632454,10495.376762668782,2020
2020-03-30 05:00:00,2020-03-30 07:15:00,DOGEUSDT,TP,0.010678031489852783,3431.8239497191867,10458.397910672455,36.645124202732426,10532.021886871515,2020
2020-03-30 05:00:00,2020-03-30 07:00:00,BTCUSDT,TP,0.012690993214571853,2917.864144332963,10458.397910672455,37.03059405677214,10569.052480928287,2020
2020-03-30 05:00:00,2020-03-30 07:00:00,ETHUSDT,TP,0.010560561475096163,3467.466425196932,10458.397910672455,36.61839234612413,10605.67087327441,2020
2020-04-10 13:45:00,2020-04-10 15:30:00,DOGEUSDT,SL,-0.024694953430982564,3321.8912610887533,10605.670873274408,-82.0339499953747,10523.636923279037,2020
2020-04-11 21:30:00,2020-04-12 00:00:00,BTCUSDT,TP,0.0073308397762469795,4883.6061046893365,10523.636923279033,35.80093388377916,10559.437857162815,2020
2020-04-13 11:30:00,2020-04-13 12:00:00,BTCUSDT,SL,-0.019955503499529407,4123.598422226304,10559.437857162811,-82.28848274539095,10477.149374417424,2020
2020-04-16 07:00:00,2020-04-16 07:15:00,XRPUSDT,TP,0.012903636181176592,2877.571192956708,10477.14937441742,37.13113175934767,10514.280506176772,2020
2020-04-22 13:15:00,2020-04-22 13:45:00,XRPUSDT,TP,0.006059906953964566,5789.881148847251,10514.280506176769,35.086141036527806,10549.366647213299,2020
2020-05-13 12:30:00,2020-05-13 13:00:00,ETHUSDT,TP,0.007379850218865351,4866.033673689402,10549.366647213297,35.910599671782904,10585.277246885082,2020
2020-05-21 19:00:00,2020-05-21 21:30:00,ETHUSDT,TP,0.016998317571069458,2236.538168582424,10585.27724688508,38.017386049382125,10623.294632934465,2020
2020-05-22 06:00:00,2020-05-22 10:00:00,XRPUSDT,TP,0.010944094599178071,3406.6215674623036,10623.294632934461,37.282388697907734,10660.577021632373,2020
2020-05-24 06:00:00,2020-05-24 11:00:00,BTCUSDT,SL,-0.012482455950399884,6814.798879301826,10660.577021632369,-85.06542682171954,10575.511594810652,2020
2020-05-27 08:15:00,2020-05-27 10:15:00,BTCUSDT,TP,0.005768419778236579,6084.015732302088,10575.511594810649,35.09515668131387,10610.606751491967,2020
2020-06-11 17:00:00,2020-06-12 06:00:00,DOGEUSDT,TP,0.01626918099607879,2337.9371385298864,10610.606751491963,38.036322464197255,10648.643073956164,2020
2020-06-11 17:00:00,2020-06-12 07:30:00,XRPUSDT,TP,0.018758827324953025,2039.5780153941466,10610.606751491963,38.26009180654918,10686.903165762713,2020
2020-06-21 00:00:00,2020-06-21 02:00:00,BNBUSDT,TP,0.0051318790649721386,6813.449652555884,10686.90316576271,34.96579963219323,10721.868965394906,2020
2020-06-26 09:30:00,2020-06-27 01:30:00,DOGEUSDT,TIMEOUT,-0.005764960596738177,5986.8464974667695,10721.868965394902,-34.51393415661589,10687.35503123829,2020
2020-06-26 11:45:00,2020-06-26 14:15:00,XRPUSDT,SL,-0.021313601520653792,3910.5026013898846,10721.868965394902,-83.34689419150405,10604.008137046787,2020
2020-06-28 14:00:00,2020-06-28 16:00:00,BTCUSDT,TP,0.0052935878116091165,6579.70592195937,10604.008137046783,34.83025107245645,10638.838388119242,2020
2020-07-01 08:15:00,2020-07-01 10:00:00,BNBUSDT,TP,0.005080069266619222,6843.082325603712,10638.83838811924,34.76333221124461,10673.601720330487,2020
2020-07-05 21:30:00,2020-07-05 22:45:00,ETHUSDT,TP,0.0053753835827943025,6534.448971272437,10673.601720330485,35.125169722784975,10708.726890053273,2020
2020-07-17 11:45:00,2020-07-17 12:00:00,XRPUSDT,TP,0.005597852899113089,6326.190363250322,10708.72689005327,35.4130830652621,10744.139973118534,2020
2020-07-19 05:15:00,2020-07-19 05:30:00,BNBUSDT,TP,0.006965648971068262,5221.923010011644,10744.139973118534,36.374082641685284,10780.51405576022,2020
2020-07-25 21:15:00,2020-07-25 22:45:00,DOGEUSDT,TP,0.009084385598294865,4110.773093553551,10780.514055760219,37.34384788893591,10817.857903649156,2020
2020-08-12 07:15:00,2020-08-12 08:15:00,BNBUSDT,TP,0.014711994911973399,2623.656738321029,10817.857903649156,38.5992245849437,10856.4571282341,2020
2020-08-14 09:00:00,2020-08-14 09:30:00,BNBUSDT,TP,0.011517185748871684,3318.7493092800573,10856.457128234098,38.222652248918024,10894.679780483018,2020
2020-08-18 09:15:00,2020-08-18 13:45:00,SOLUSDT,SL,-0.0752492002321079,1096.7916178837968,10894.679780483017,-82.5326920670354,10812.147088415983,2020
2020-08-18 14:30:00,2020-08-18 15:00:00,SOLUSDT,TP,0.05717219549779178,700.0002543602776,10812.14708841598,40.02055139078976,10852.167639806772,2020
2020-08-23 18:15:00,2020-08-24 07:00:00,XRPUSDT,TP,0.0070439712627878345,5221.4240054458305,10852.16763980677,36.779560645190976,10888.947200451963,2020
2020-09-04 00:15:00,2020-09-04 14:30:00,SOLUSDT,SL,-0.09365992611840057,878.9922392072139,10888.947200451961,-82.32634818279513,10806.620852269169,2020
2020-09-05 00:00:00,2020-09-05 06:15:00,XRPUSDT,SL,-0.033838638907396065,2449.4708476480187,10806.620852269167,-82.88675952775466,10723.734092741413,2020
2020-09-06 08:15:00,2020-09-06 08:30:00,BNBUSDT,TP,0.03491352321933869,1127.5947864280042,10723.734092741412,39.368306757959374,10763.102399499372,2020
2020-09-07 22:30:00,2020-09-08 08:30:00,BTCUSDT,SL,-0.020545562236754564,4077.846692647395,10763.10239949937,-83.78165301573081,10679.320746483641,2020
2020-09-09 09:30:00,2020-09-09 14:30:00,SOLUSDT,TP,0.029672175539005675,1316.3901690057305,10679.32074648364,39.060160172559385,10718.3809066562,2020
2020-10-07 18:15:00,2020-10-07 21:45:00,SOLUSDT,SL,-0.056910338831778984,1431.3990704492164,10718.380906656199,-81.46140610275839,10636.919500553442,2020
2020-10-15 07:15:00,2020-10-15 09:00:00,SOLUSDT,SL,-0.0320659301246428,2547.48608572777,10636.91950055344,-81.68751081844647,10555.231989734997,2020
2020-10-16 23:30:00,2020-10-17 00:45:00,DOGEUSDT,SL,-0.016306442060072857,5088.839698519209,10555.231989734993,-82.98086969690212,10472.251120038094,2020
2020-10-18 06:30:00,2020-10-18 10:30:00,SOLUSDT,SL,-0.015122652557403986,5464.675576522229,10472.25112003809,-82.64039008267699,10389.610729955417,2020
2020-10-18 14:00:00,2020-10-18 21:45:00,SOLUSDT,SL,-0.019989421008022874,4050.1260636779207,10389.610729955413,-80.95967502242442,10308.651054932992,2020
2020-10-21 13:15:00,2020-10-21 15:00:00,SOLUSDT,TP,0.014201300489085624,2585.5571215506334,10308.651054932989,36.71827361483583,10345.36932854783,2020
2020-10-21 15:00:00,2020-10-21 16:15:00,SOLUSDT,SL,-0.05336218473311071,1474.7585632055764,10345.369328547824,-78.69633888651289,10266.672989661316,2020
2020-10-23 05:00:00,2020-10-23 06:45:00,SOLUSDT,SL,-0.02942745325294301,2685.037849885007,10266.67298966131,-79.01382580987365,10187.659163851442,2020
2020-10-27 06:45:00,2020-10-27 11:30:00,XRPUSDT,TP,0.004851442931595696,6820.335818999399,10187.659163851436,33.088470000193574,10220.747633851635,2020
2020-10-28 08:15:00,2020-10-28 21:00:00,SOLUSDT,SL,-0.07413156072982001,1044.6167469253169,10220.74763385163,-77.43906981408115,10143.308564037554,2020
2020-11-03 10:30:00,2020-11-03 10:45:00,XRPUSDT,TP,0.008134498350264956,4281.322998276712,10143.308564037548,34.826414866433325,10178.134978903989,2020
2020-11-03 13:15:00,2020-11-03 22:30:00,ETHUSDT,TP,0.009112162356578711,3870.1457946927253,10178.134978903981,35.26539682487045,10213.40037572886,2020
2020-11-03 22:30:00,2020-11-04 01:00:00,ETHUSDT,SL,-0.016873846320256333,4750.75867733452,10213.400375728852,-80.16357182596694,10133.236803902892,2020
2020-11-03 23:15:00,2020-11-04 01:00:00,DOGEUSDT,SL,-0.013644407658385151,5940.598812086823,10213.400375728852,-81.05595192703119,10052.18085197586,2020
2020-11-04 16:00:00,2020-11-04 22:30:00,XRPUSDT,TP,0.008214242790055913,4205.115711136866,10052.180851975852,34.541841411556845,10086.722693387417,2020
2020-11-05 14:00:00,2020-11-05 14:15:00,SOLUSDT,TP,0.02084394419430329,1751.6582315787102,10086.72269338741,36.51146642651862,10123.234159813936,2020
2020-11-28 14:15:00,2020-11-29 06:15:00,BNBUSDT,TIMEOUT,-0.016695353485310156,2985.7838769821224,10123.234159813928,-49.84871725695635,10073.385442556979,2020
2020-12-10 13:45:00,2020-12-11 00:45:00,SOLUSDT,SL,-0.04533937180009124,1694.358717541357,10073.385442556972,-76.82115985733336,9996.564282699646,2020
2020-12-12 00:00:00,2020-12-12 00:15:00,DOGEUSDT,TP,0.008559600438489858,4026.7158948236,9996.564282699639,34.46707913900617,10031.031361838652,2020
2020-12-13 12:15:00,2020-12-13 12:30:00,SOLUSDT,TP,0.016027868097991307,2242.023085841195,10031.031361838644,35.93485029251411,10066.966212131167,2020
2020-12-16 13:45:00,2020-12-16 14:00:00,XRPUSDT,TP,0.026874989516054385,1366.5570180054808,10066.96621213116,36.72620553198784,10103.692417663155,2020
2020-12-24 22:45:00,2020-12-24 23:15:00,XRPUSDT,TP,0.057849065566555335,646.5776578502534,10103.692417663147,37.40391332284909,10141.096330986004,2020
2020-12-24 23:15:00,2020-12-24 23:30:00,XRPUSDT,TP,0.06664140550586287,564.3020939500814,10141.096330985996,37.605884670734895,10178.702215656738,2020
2020-12-25 03:00:00,2020-12-25 14:45:00,SOLUSDT,SL,-0.04832942456690358,1604.4806618054004,10178.702215656731,-77.54362711377964,10101.158588542958,2020
2020-12-25 18:30:00,2020-12-25 21:00:00,SOLUSDT,TP,0.023057752412767734,1591.0508497526998,10101.15858854295,36.686056569721465,10137.84464511268,2020
2020-12-26 16:15:00,2020-12-26 22:00:00,SOLUSDT,SL,-0.044784777059149794,1726.6769566293594,10137.844645112671,-77.32884255581712,10060.515802556863,2020
2020-12-26 16:15:00,2020-12-27 08:15:00,XRPUSDT,TIMEOUT,-0.07557050636100265,769.5103327812441,10137.844645112671,-58.15228549830228,10002.36351705856,2020
2020-12-28 07:00:00,2020-12-28 08:30:00,SOLUSDT,TP,0.018008079054559416,1999.6111051601863,10002.363517058551,36.00915486009956,10038.37267191866,2020
2020-12-28 09:15:00,2020-12-28 10:15:00,XRPUSDT,TP,0.0244673411943119,1492.7782128032577,10038.37267191865,36.52431386009244,10074.896985778752,2020
2020-12-29 17:30:00,2020-12-29 17:45:00,XRPUSDT,TP,0.08175652469438482,457.91364787955433,10074.896985778743,37.43742846076062,10112.334414239513,2020
2021-01-01 04:15:00,2021-01-01 06:30:00,XRPUSDT,SL,-0.06518750053504238,1176.9933265110378,10112.334414239504,-76.72525310167958,10035.609161137834,2021
2021-01-06 00:30:00,2021-01-06 00:45:00,XRPUSDT,TP,0.0223772243546038,1627.2395587659578,10035.609161137823,36.41310468519233,10072.022265823027,2021
2021-01-18 08:30:00,2021-01-18 10:00:00,XRPUSDT,TP,0.012548086535479471,2840.2645294919257,10072.022265823016,35.63988509971757,10107.662150922744,2021
2021-01-20 13:30:00,2021-01-20 19:30:00,SOLUSDT,TP,0.026574826494616653,1387.1536594542606,10107.662150922733,36.86336782136953,10144.525518744113,2021
2021-01-23 00:45:00,2021-01-23 10:00:00,XRPUSDT,SL,-0.042341179166650374,1829.3287883404873,10144.525518744103,-77.45593798183602,10067.069580762278,2021
2021-02-14 23:15:00,2021-02-15 01:30:00,DOGEUSDT,SL,-0.10230567738529395,743.4643123817162,10067.069580762267,-76.06062009000327,9991.008960672274,2021
2021-02-28 19:45:00,2021-02-28 20:45:00,SOLUSDT,TP,0.036149178123610286,1015.3690544816724,9991.008960672263,36.704756811659735,10027.713717483934,2021
2021-03-17 16:15:00,2021-03-17 18:30:00,SOLUSDT,TP,0.01701588161154505,2116.637229875949,10027.713717483923,36.016448518157816,10063.730166002091,2021
2021-04-22 12:45:00,2021-04-22 13:00:00,DOGEUSDT,TP,0.05198342170588626,715.6559711408848,10063.73016600208,37.202246144152184,10100.932412146243,2021
2021-05-13 22:45:00,2021-05-13 23:00:00,DOGEUSDT,TP,0.06696107461642052,559.4136078939518,10100.932412146232,37.45893633962792,10138.391348485871,2021
2021-05-15 14:15:00,2021-05-15 14:30:00,XRPUSDT,TP,0.022802759831618037,1614.2043577323748,10138.39134848586,36.80831428852259,10175.199662774394,2021
2021-05-16 06:00:00,2021-05-16 15:30:00,BTCUSDT,SL,-0.0341585879465254,2284.2628845301037,10175.199662774383,-78.02719463420533,10097.172468140188,2021
2021-05-20 10:30:00,2021-05-21 02:30:00,DOGEUSDT,TIMEOUT,-0.023087611443127175,510.2164252991153,10097.172468140177,-11.779678579207296,10085.392789560981,2021
2021-05-20 22:45:00,2021-05-21 14:15:00,BTCUSDT,SL,-0.06745419146465373,1135.2928781271528,10097.172468140177,-76.58026316964676,10008.812526391335,2021
2021-05-24 19:45:00,2021-05-25 00:15:00,DOGEUSDT,TP,0.04371488425060426,844.1053565422795,10008.812526391324,36.89996795656079,10045.712494347896,2021
2021-05-24 23:30:00,2021-05-25 00:00:00,XRPUSDT,TP,0.04268954656479222,864.0294372775048,10008.812526391324,36.88502489600926,10082.597519243905,2021
2021-06-20 19:30:00,2021-06-20 20:45:00,ETHUSDT,TP,0.016359055310596782,2209.9256803352887,10082.597519243895,36.15229643691321,10118.749815680818,2021
2021-06-27 22:00:00,2021-06-27 22:15:00,XRPUSDT,TP,0.01583585760111811,2287.81126194193,10118.749815680807,36.229453362346725,10154.979269043164,2021
2021-06-27 22:00:00,2021-06-27 22:15:00,ETHUSDT,TP,0.014831180353380491,2435.3297342181486,10118.749815680807,36.118814508139536,10191.098083551304,2021
2021-06-27 22:15:00,2021-06-27 23:30:00,ETHUSDT,TP,0.018006090298921217,2037.5577854578462,10191.098083551293,36.68844947422392,10227.786533025528,2021
2021-07-05 17:45:00,2021-07-05 18:15:00,BTCUSDT,TP,0.0106830169720312,3354.6875328421106,10227.786533025517,35.83818384921374,10263.624716874741,2021
2021-07-06 04:00:00,2021-07-06 09:30:00,DOGEUSDT,SL,-0.029524888888928284,2675.1514375500874,10263.62471687473,-78.9835489547231,10184.64116792002,2021
2021-07-06 22:00:00,2021-07-07 05:00:00,DOGEUSDT,TP,0.012212541838317938,2946.36691291527,10184.641167920008,35.9826291950134,10220.623797115031,2021
2021-07-09 07:15:00,2021-07-09 08:30:00,DOGEUSDT,TP,0.02566052019608764,1451.2148550886584,10220.623797115022,37.238928097864914,10257.862725212897,2021
2021-07-10 16:15:00,2021-07-10 17:00:00,ETHUSDT,SL,-0.02573626551925254,3079.050383892598,10257.862725212886,-79.24325822701637,10178.619466985881,2021
2021-07-10 16:15:00,2021-07-10 17:15:00,XRPUSDT,SL,-0.01874374453714993,4275.595348164407,10257.862725212886,-80.14066695022025,10098.47880003566,2021
2021-07-11 21:30:00,2021-07-12 00:00:00,ETHUSDT,SL,-0.018894619991282793,4174.162425923173,10098.478800035651,-78.86921281970946,10019.609587215951,2021
2021-07-13 06:30:00,2021-07-13 12:30:00,XRPUSDT,SL,-0.024748382256902495,3131.3390669283654,10019.609587215942,-77.49557620431557,9942.114011011636,2021
2021-07-14 09:00:00,2021-07-14 09:15:00,ETHUSDT,TP,0.016486621808806844,2163.00664682706,9942.114011011627,35.660672556173175,9977.774683567808,2021
2021-07-14 13:00:00,2021-07-14 14:00:00,ETHUSDT,TP,0.014592994524964861,2438.6800765976864,9977.774683567799,35.58764500593092,10013.36232857374,2021
2021-07-14 13:00:00,2021-07-15 01:00:00,BTCUSDT,TP,0.010473545160833268,3333.764379008517,9977.774683567799,34.91633177912298,10048.278660352862,2021
2021-07-14 13:00:00,2021-07-14 14:00:00,SOLUSDT,TP,0.02280251294016251,1588.6481055520499,9977.774683567799,36.22516898421527,10084.503829337078,2021
2021-07-17 08:30:00,2021-07-17 10:00:00,BTCUSDT,SL,-0.017776078906731406,4442.23118748296,10084.503829337069,-78.96545211064026,10005.538377226438,2021
2021-07-17 08:30:00,2021-07-18 00:30:00,BNBUSDT,TIMEOUT,-0.00045403498964111994,2459.3047078817826,10084.503829337069,-1.1166103875674627,10004.42176683887,2021
2021-07-18 00:30:00,2021-07-18 00:45:00,ETHUSDT,TP,0.011516368940216367,3058.4912135362497,10004.421766838861,35.22271321549353,10039.644480054363,2021
2021-07-20 16:15:00,2021-07-20 22:45:00,DOGEUSDT,SL,-0.060229382099963605,1265.9400777543342,10039.644480054354,-76.24678865872343,9963.39769139564,2021
2021-07-21 04:15:00,2021-07-21 11:30:00,XRPUSDT,TP,0.013083269660618879,2700.9334929036804,9963.39769139563,35.3370412230561,9998.734732618695,2021
2021-07-21 04:15:00,2021-07-21 09:45:00,BNBUSDT,TP,0.016368089759013122,2182.6466544294867,9963.39769139563,35.725756351911535,10034.460488970608,2021
2021-07-21 04:15:00,2021-07-21 09:45:00,BTCUSDT,TP,0.009405572777760446,3679.038313284884,9963.39769139563,34.60346260777001,10069.063951578377,2021
2021-08-26 12:15:00,2021-08-27 04:15:00,ETHUSDT,TIMEOUT,-0.015682525686244373,2456.1967526528697,10069.06395157837,-38.51936866394865,10030.544582914428,2021
2021-08-26 12:15:00,2021-08-27 04:15:00,BTCUSDT,TIMEOUT,-0.016061392926505377,2842.571160567126,10069.06395157837,-45.65565233142102,9984.888930583009,2021
2021-08-30 01:15:00,2021-08-30 02:15:00,DOGEUSDT,TP,0.011808781993348784,2981.4462508798024,9984.888930583,35.20724880152665,10020.096179384534,2021
2021-09-09 12:45:00,2021-09-09 16:45:00,BTCUSDT,TP,0.01184081040039699,2984.348066388744,10020.096179384527,35.33709962290049,10055.433279007435,2021
2021-09-10 01:15:00,2021-09-10 01:30:00,XRPUSDT,TP,0.02340357245611694,1561.171742390767,10055.433279007428,36.536995989484645,10091.97027499692,2021
2021-09-12 08:15:00,2021-09-12 12:30:00,ETHUSDT,TP,0.011958066952793585,2978.0208643706387,10091.970274996913,35.611372882960325,10127.58164787988,2021
2021-09-12 22:15:00,2021-09-13 02:15:00,DOGEUSDT,SL,-0.036077729367793764,2150.063525688816,10127.581647879873,-77.56941000336559,10050.012237876515,2021
2021-09-13 13:30:00,2021-09-13 14:00:00,ETHUSDT,SL,-0.04382266348639894,1749.9519575304416,10050.012237876508,-76.68755575222163,9973.324682124294,2021
2021-09-13 13:30:00,2021-09-13 14:00:00,BTCUSDT,SL,-0.03142832143403424,2456.949671974341,10050.012237876508,-77.21780403805458,9896.106878086239,2021
2021-09-13 13:30:00,2021-09-13 14:00:00,BNBUSDT,SL,-0.037855777728636957,2031.3572817502723,10050.012237876508,-76.89860974538647,9819.208268340852,2021
2021-09-13 13:30:00,2021-09-13 14:00:00,DOGEUSDT,SL,-0.03956364881012874,1941.973869882701,10050.012237876508,-76.83157218648583,9742.376696154366,2021
2021-09-13 13:30:00,2021-09-13 14:00:00,XRPUSDT,SL,-0.04086383550458467,1879.0297870035201,10050.012237876508,-76.78436412432661,9665.592332030039,2021
2021-09-18 06:15:00,2021-09-18 07:00:00,SOLUSDT,TP,0.024256565799067372,1449.4581757589663,9665.592332030032,35.15887761329353,9700.751209643333,2021
2021-09-22 15:00:00,2021-09-22 18:00:00,XRPUSDT,TP,0.021245497748279395,1653.8756000194678,9700.751209643326,35.13741033614784,9735.888619979482,2021
2021-09-22 16:15:00,2021-09-22 20:45:00,DOGEUSDT,TP,0.023488803078645402,1500.8091331131604,9700.751209643326,35.25221018632754,9771.140830165808,2021
2021-09-22 18:00:00,2021-09-23 10:00:00,BNBUSDT,TIMEOUT,-0.009475542041248048,2189.108566698595,9735.888619979474,-20.742990256608795,9750.3978399092,2021
2021-09-25 08:45:00,2021-09-26 00:45:00,BTCUSDT,TIMEOUT,-0.0023265809603519837,2494.1391812115776,9750.397839909192,-5.802816731474742,9744.595023177724,2021
2021-09-25 08:45:00,2021-09-25 10:00:00,ETHUSDT,TP,0.019820464781293335,1777.4995503704158,9750.397839909192,35.230867236881565,9779.825890414606,2021
2021-10-10 08:45:00,2021-10-10 12:15:00,SOLUSDT,SL,-0.023320321392116476,3249.785100699962,9779.825890414599,-75.78603300363473,9704.039857410971,2021
2021-10-12 13:00:00,2021-10-12 13:30:00,BNBUSDT,TP,0.01943909948231696,1802.4652113465636,9704.039857410964,35.03830055678131,9739.078157967753,2021
2021-10-28 08:00:00,2021-10-28 08:30:00,BNBUSDT,TP,0.015061629057058889,2309.7900260994525,9739.078157967746,34.789200572804326,9773.867358540558,2021
2021-11-18 01:30:00,2021-11-18 07:30:00,XRPUSDT,SL,-0.03705725597950164,2018.9905078599177,9773.86735854055,-74.81824806994898,9699.049110470609,2021
2021-11-18 17:15:00,2021-11-19 08:45:00,SOLUSDT,TP,0.03866816881783785,922.7073518393787,9699.049110470602,35.6794036503852,9734.728514120994,2021
2021-11-19 05:30:00,2021-11-19 08:45:00,BNBUSDT,TP,0.017830810765765325,1957.4729339194598,9699.049110470602,34.903329463825344,9769.631843584819,2021
2021-11-19 08:15:00,2021-11-19 14:45:00,BTCUSDT,TP,0.011743430522176038,2911.2447617733956,9699.049110470602,34.1880005929348,9803.819844177753,2021
2021-11-20 18:15:00,2021-11-21 10:15:00,BTCUSDT,TIMEOUT,-0.010731692707951811,3389.7152583481384,9803.819844177746,-36.3773825200477,9767.442461657705,2021
2021-11-20 18:15:00,2021-11-20 22:45:00,DOGEUSDT,TP,0.012253615970479487,2827.2385541935455,9803.819844177746,34.643895500021365,9802.086357157727,2021
2021-11-20 18:15:00,2021-11-21 10:15:00,SOLUSDT,TIMEOUT,-0.01655459770114941,2113.5659514691197,9803.819844177746,-34.98923404141836,9767.09712311631,2021
2021-11-20 18:15:00,2021-11-21 10:15:00,XRPUSDT,TIMEOUT,-0.016399309050974756,2766.1194621078967,9803.819844177746,-45.36244793102345,9721.734675185286,2021
2021-11-22 13:30:00,2021-11-22 18:30:00,BNBUSDT,SL,-0.0307645929297024,2429.252005338208,9721.734675185277,-74.73494906789321,9646.999726117392,2021
2021-11-22 13:30:00,2021-11-22 18:30:00,BTCUSDT,SL,-0.034024992595780006,2191.225433154161,9721.734675185277,-74.55642913875515,9572.443296978638,2021
2021-11-22 13:30:00,2021-11-22 19:00:00,ETHUSDT,SL,-0.03623085186177475,2054.996039777797,9721.734675185277,-74.45425709372313,9497.989039884915,2021
2021-11-27 08:00:00,2021-11-27 21:00:00,BTCUSDT,SL,-0.017942666142111263,4143.3316514334,9497.989039884906,-74.34241653771201,9423.646623347202,2021
2021-11-28 21:15:00,2021-11-28 22:00:00,BTCUSDT,TP,0.010599380011721213,3113.7097181569106,9423.646623347193,33.00339254893445,9456.650015896137,2021
2021-12-08 14:15:00,2021-12-08 14:45:00,BTCUSDT,TP,0.01369118503477479,2455.6459510916825,9456.650015896128,33.62070309629175,9490.270718992428,2021
2021-12-11 00:15:00,2021-12-11 16:00:00,BTCUSDT,TP,0.01793584410511211,1904.5709145398066,9490.27071899242,34.16008701031677,9524.430806002745,2021
2021-12-12 16:15:00,2021-12-12 18:00:00,DOGEUSDT,TP,0.011468393310623442,2923.1843021010095,9524.430806002738,33.52422729593467,9557.95503329868,2021
2021-12-15 19:00:00,2021-12-16 11:00:00,BNBUSDT,TIMEOUT,0.002979256013425322,1811.2458189298811,9557.955033298673,5.39616499783832,9563.351198296517,2021
2021-12-15 19:00:00,2021-12-15 20:00:00,ETHUSDT,TP,0.0229389693540654,1513.0388679707937,9557.955033298673,34.70755222389184,9598.05875052041,2021
2021-12-19 13:45:00,2021-12-19 14:00:00,BTCUSDT,TP,0.00959923437282486,3477.8147849237635,9598.058750520404,33.384359225758686,9631.44310974617,2021
2021-12-20 14:30:00,2021-12-20 19:00:00,SOLUSDT,TP,0.014495714745609867,2369.0533546122215,9631.443109746162,34.3411216455889,9665.784231391757,2021
2021-12-31 08:15:00,2021-12-31 18:30:00,XRPUSDT,SL,-0.024953514808930426,2995.159269540889,9665.784231391752,-74.73975118759381,9591.044480204164,2021
2021-12-31 08:15:00,2021-12-31 19:15:00,ETHUSDT,SL,-0.02360685434982856,3171.625483800744,9665.784231391752,-74.8721008482887,9516.172379355876,2021
2021-12-31 08:15:00,2021-12-31 08:30:00,BTCUSDT,TP,0.009309416916446739,3603.2596291398404,9665.784231391752,33.54424614586403,9549.716625501738,2021
2021-12-31 08:15:00,2021-12-31 08:45:00,BNBUSDT,TP,0.009887919563981412,3407.3101088718413,9665.784231391752,33.69120828606552,9583.407833787805,2021
2021-12-31 08:15:00,2021-12-31 17:00:00,DOGEUSDT,SL,-0.023632692648379004,3168.0442004526803,9665.784231391752,-74.8694148857778,9508.538418902026,2021
2022-01-01 05:15:00,2022-01-01 17:30:00,BTCUSDT,TP,0.007855583612430423,4143.47482713173,9508.538418902022,32.549412950534006,9541.087831852561,2022
2022-01-02 15:30:00,2022-01-02 15:45:00,XRPUSDT,TP,0.00634732124791385,5041.208946257592,9541.087831852556,31.998172659754207,9573.086004512315,2022
2022-01-11 07:45:00,2022-01-11 08:00:00,BNBUSDT,TP,0.008269622197752562,3980.1082273563593,9573.08600451231,32.91399134640375,9605.99999585872,2022
2022-01-11 08:00:00,2022-01-11 16:15:00,BNBUSDT,TP,0.011660591922407568,2902.5609906188906,9605.999995858714,33.845579241505945,9639.845575100224,2022
2022-01-11 11:15:00,2022-01-11 11:30:00,DOGEUSDT,TP,0.017331620299522406,1992.2163715284787,9605.999995858714,34.52833770582385,9674.373912806048,2022
2022-01-12 09:15:00,2022-01-12 11:30:00,SOLUSDT,SL,-0.026066409883505257,2866.038458056413,9674.373912806044,-74.70733318958786,9599.66657961646,2022
2022-01-19 02:45:00,2022-01-19 07:00:00,DOGEUSDT,SL,-0.024398793683723267,3044.447015353568,9599.666579616456,-74.28083460863878,9525.385745007821,2022
2022-01-19 11:00:00,2022-01-19 14:30:00,BTCUSDT,TP,0.008998176812437543,3664.2951016444968,9525.385745007818,32.97197521754598,9558.357720225367,2022
2022-01-20 13:30:00,2022-01-20 14:30:00,ETHUSDT,TP,0.007294951241283755,4455.445455891355,9558.357720225364,32.502257358926705,9590.859977584294,2022
2022-01-23 23:00:00,2022-01-24 05:00:00,ETHUSDT,SL,-0.0432708189895329,1691.6760199183602,9590.85997758429,-73.20020684682082,9517.659770737473,2022
2022-01-23 23:00:00,2022-01-24 02:45:00,BTCUSDT,SL,-0.03306661122295774,2225.835169894985,9590.85997758429,-73.60082620930356,9444.05894452817,2022
2022-01-23 23:00:00,2022-01-24 05:00:00,BNBUSDT,SL,-0.04548553871663552,1607.926313070945,9590.85997758429,-73.13739456668547,9370.921549961484,2022
2022-01-23 23:00:00,2022-01-24 05:00:00,XRPUSDT,SL,-0.044573897088946,1641.3750170572093,9590.85997758429,-73.16248109467503,9297.75906886681,2022
2022-01-23 23:00:00,2022-01-24 00:15:00,SOLUSDT,SL,-0.0674979735261269,1077.6574333560313,9590.85997758429,-72.73969290689926,9225.01937595991,2022
2022-01-27 22:00:00,2022-01-27 22:15:00,BNBUSDT,TP,0.019467606314680537,1711.0741064697695,9225.019375959906,33.31051707999724,9258.329893039907,2022
2022-02-13 10:00:00,2022-02-13 10:30:00,DOGEUSDT,TP,0.009423581799417062,3412.636550569507,9258.329893039903,32.15925968597223,9290.48915272588,2022
2022-02-15 01:30:00,2022-02-15 08:30:00,DOGEUSDT,TP,0.011429289331812024,2860.539180370933,9290.489152725875,32.69392993744382,9323.183082663323,2022
2022-02-15 01:30:00,2022-02-15 02:00:00,SOLUSDT,TP,0.01656368001743075,2012.2431676943893,9290.489152725875,33.330151946951105,9356.513234610275,2022
2022-02-18 14:45:00,2022-02-19 06:45:00,BTCUSDT,TIMEOUT,-0.0035610002492353276,2568.2356111277627,9356.513234610271,-9.145487651321007,9347.367746958953,2022
2022-02-18 14:45:00,2022-02-19 01:45:00,DOGEUSDT,TP,0.015092065935426401,2214.794760532241,9356.513234610271,33.42582855938951,9380.793575518343,2022
2022-02-19 06:15:00,2022-02-19 06:30:00,DOGEUSDT,TP,0.010495089443327173,3131.346501452811,9389.93906316966,32.86376161079687,9413.65733712914,2022
2022-02-19 13:00:00,2022-02-19 13:15:00,XRPUSDT,TP,0.016002973089238516,2107.16120811479,9413.657337129136,33.720844108148306,9447.378181237289,2022
2022-02-20 22:45:00,2022-02-21 00:00:00,BTCUSDT,SL,-0.01589830693270033,4677.44261283256,9447.378181237284,-74.36341831890384,9373.014762918385,2022
2022-02-20 22:45:00,2022-02-21 01:00:00,BNBUSDT,TP,0.007552761089650715,4266.974298923264,9447.378181237284,32.227437455447266,9405.242200373832,2022
2022-02-21 14:15:00,2022-02-21 15:00:00,BTCUSDT,TP,0.016337166658293833,2064.1021976737425,9405.242200373827,33.72158160314649,9438.963781976978,2022
2022-02-23 08:15:00,2022-02-23 13:00:00,BTCUSDT,TP,0.009129400293053952,3582.820123940115,9438.963781976972,32.70899908945848,9471.672781066436,2022
2022-03-06 04:30:00,2022-03-06 09:15:00,BTCUSDT,SL,-0.017681472198040005,4195.591796572849,9471.67278106643,-74.18423970542754,9397.48854136101,2022
2022-03-07 13:30:00,2022-03-07 14:00:00,ETHUSDT,TP,0.010930999746169495,3016.9148870720705,9397.488541361003,32.97789586479977,9430.466437225808,2022
2022-03-14 04:00:00,2022-03-14 07:30:00,BTCUSDT,TP,0.009240458116149573,3539.8025524405352,9430.466437225803,32.709397225266116,9463.175834451074,2022
2022-03-14 04:00:00,2022-03-14 17:30:00,ETHUSDT,SL,-0.023753934612601144,3074.6261224568757,9430.466437225803,-73.03446787103603,9390.14136658004,2022
2022-03-14 04:00:00,2022-03-14 09:45:00,SOLUSDT,TP,0.013744510768194655,2439.8373774157803,9430.466437225803,33.534371106535,9423.675737686573,2022
2022-03-14 04:00:00,2022-03-14 20:00:00,BNBUSDT,TIMEOUT,-0.00967857142857146,3811.8727660985496,9430.466437225803,-36.893482843311084,9386.782254843263,2022
2022-03-14 04:00:00,2022-03-14 04:15:00,DOGEUSDT,TP,0.013364121793050191,2505.5933098869937,9430.466437225803,33.48505415718153,9420.267309000445,2022
2022-04-08 07:45:00,2022-04-08 11:30:00,BTCUSDT,SL,-0.011698670099477523,6453.0216159198,9420.26730900044,-75.49177102944309,9344.775537971002,2022
2022-04-12 11:15:00,2022-04-12 13:15:00,DOGEUSDT,TP,0.013336796923412168,2487.6420422551937,9344.775537970996,33.17717673569983,9377.952714706702,2022
2022-04-13 01:30:00,2022-04-13 13:00:00,DOGEUSDT,SL,-0.041531288572728274,1724.6793277477536,9377.952714706696,-71.62815485611097,9306.324559850591,2022
2022-04-13 13:30:00,2022-04-13 14:00:00,BTCUSDT,TP,0.008436969582635331,3798.719129907995,9306.324559850586,32.049677752008705,9338.374237602598,2022
2022-04-16 22:00:00,2022-04-17 02:30:00,ETHUSDT,SL,-0.012080387893657564,6181.412978917014,9338.374237602595,-74.67386651620683,9263.700371086392,2022
2022-04-17 13:30:00,2022-04-17 15:45:00,SOLUSDT,TP,0.0077780039359049485,4073.506139615513,9263.700371086388,31.683746786862432,9295.384117873255,2022
2022-04-17 13:30:00,2022-04-17 17:45:00,ETHUSDT,SL,-0.010864357596869784,6869.220523174899,9263.700371086388,-74.62966817552905,9220.754449697726,2022
2022-04-18 17:00:00,2022-04-18 18:15:00,BTCUSDT,TP,0.010053031797880675,3200.752328911053,9220.754449697723,32.17726493968344,9252.931714637409,2022
2022-04-28 08:00:00,2022-04-28 08:15:00,BNBUSDT,TP,0.007397585480658125,4258.745613932159,9252.931714637405,31.504434719441015,9284.43614935685,2022
2022-04-28 15:00:00,2022-04-28 18:00:00,ETHUSDT,TP,0.012811760561175185,2567.265172028021,9284.436149356847,32.891186681067225,9317.327336037917,2022
2022-05-01 05:15:00,2022-05-01 21:15:00,DOGEUSDT,TIMEOUT,-0.02379832713754661,1872.6157132651556,9317.327336037913,-44.565121347194356,9272.762214690723,2022
2022-05-01 15:15:00,2022-05-01 15:45:00,BTCUSDT,TP,0.004287762621969916,6935.614107295881,9317.327336037913,29.738266929670527,9302.500481620393,2022
2022-05-01 15:15:00,2022-05-01 16:00:00,SOLUSDT,TP,0.015345605390367948,2170.7774676838912,9317.327336037913,33.31189440937921,9335.812376029773,2022
2022-05-01 15:15:00,2022-05-01 16:00:00,ETHUSDT,TP,0.007150802295802312,4422.33284696995,9317.327336037913,31.623227874914694,9367.435603904687,2022
2022-05-01 20:45:00,2022-05-01 23:15:00,ETHUSDT,TP,0.009890209163120887,3317.134294880905,9412.000725251877,32.80715199853367,9400.24275590322,2022
2022-05-04 18:45:00,2022-05-04 23:45:00,SOLUSDT,TP,0.021464864320494298,1586.816368809258,9400.242755903217,34.06079805803016,9434.303553961252,2022
2022-05-06 07:45:00,2022-05-06 11:00:00,BTCUSDT,SL,-0.0184048315009625,4007.8137619637846,9434.303553961247,-73.76313697618208,9360.54041698507,2022
2022-05-22 09:30:00,2022-05-22 15:15:00,DOGEUSDT,SL,-0.016955713526186057,4332.055667524186,9360.540416985064,-73.45309487803081,9287.087322107038,2022
2022-05-22 09:30:00,2022-05-22 10:00:00,ETHUSDT,TP,0.005919612380435446,5262.9785003191055,9360.540416985064,31.154792688454553,9318.242114795492,2022
2022-05-22 09:30:00,2022-05-22 10:45:00,SOLUSDT,TP,0.01104258591502128,2976.6182596966755,9360.540416985064,32.86956286892166,9351.111677664414,2022
2022-05-30 01:30:00,2022-05-30 02:00:00,XRPUSDT,TP,0.00763501656106269,4182.0631522757,9351.11167766441,31.93012142703501,9383.04179909145,2022
2022-05-30 01:30:00,2022-05-30 02:00:00,ETHUSDT,TP,0.008074681109486784,3973.7037923720554,9351.11167766441,32.08639094696263,9415.128190038413,2022
2022-06-04 14:15:00,2022-06-04 22:00:00,ETHUSDT,TP,0.006866937550058623,4635.292134221642,9415.128190038407,31.83026161197797,9446.958451650391,2022
2022-06-04 14:15:00,2022-06-04 14:30:00,BTCUSDT,TP,0.004437063369019216,6806.689681780343,9415.128190038407,30.201713451308624,9477.160165101699,2022
2022-06-04 22:00:00,2022-06-05 09:00:00,ETHUSDT,SL,-0.015663542435380248,4766.050825700446,9477.160165101694,-74.653239357538,9402.506925744161,2022
2022-06-07 19:30:00,2022-06-07 22:45:00,BNBUSDT,SL,-0.026079541903944292,2784.0535849604103,9402.506925744156,-72.60684213180134,9329.90008361236,2022
2022-06-15 18:30:00,2022-06-15 18:45:00,DOGEUSDT,TP,0.0416305884864474,825.5460002575148,9329.900083612354,34.3679658133532,9364.268049425713,2022
2022-06-15 18:30:00,2022-06-15 21:45:00,XRPUSDT,TP,0.03454762860286081,991.2032818745963,9329.900083612354,34.24372285214031,9398.511772277852,2022
2022-06-15 18:30:00,2022-06-15 19:30:00,SOLUSDT,TP,0.05221558416910062,660.5633802101506,9329.900083612354,34.491702778388735,9433.00347505624,2022
2022-06-15 18:30:00,2022-06-16 01:00:00,BTCUSDT,TP,0.042638558141306494,806.3675497028809,9329.900083612354,34.38234965126914,9467.385824707511,2022
2022-06-19 06:15:00,2022-06-19 06:45:00,DOGEUSDT,TP,0.03273153602309397,1060.366430565343,9467.385824707506,34.707422019729094,9502.09324672724,2022
2022-06-19 10:15:00,2022-06-19 18:45:00,ETHUSDT,TP,0.03365620573176231,1035.651822610953,9502.093246727234,34.856110808268845,9536.949357535508,2022
2022-06-19 18:45:00,2022-06-19 22:15:00,BTCUSDT,TP,0.023015278394168046,1504.8660275544823,9536.949357535503,34.634910570092174,9571.5842681056,2022
2022-06-19 18:45:00,2022-06-20 10:45:00,BNBUSDT,TIMEOUT,0.014713917525773114,1767.3533373188402,9536.949357535503,26.004691244209287,9597.58895934981,2022
2022-06-19 18:45:00,2022-06-19 20:30:00,ETHUSDT,TP,0.028223680160343403,1234.346479040248,9536.949357535503,34.83780023147798,9632.426759581289,2022
2022-06-30 23:45:00,2022-07-01 00:30:00,DOGEUSDT,TP,0.026334627942785425,1333.656878164783,9632.426759581282,35.121357689806274,9667.548117271095,2022
2022-06-30 23:45:00,2022-07-01 00:15:00,BNBUSDT,TP,0.01709868919599359,2023.7676813005378,9632.426759581282,34.6037745874545,9702.15189185855,2022
2022-06-30 23:45:00,2022-07-01 00:15:00,ETHUSDT,TP,0.023422493049206145,1494.326641232242,9632.426759581282,35.00085536750576,9737.152747226055,2022
2022-06-30 23:45:00,2022-07-01 00:15:00,BTCUSDT,TP,0.01690102124872425,2046.431186016537,9632.426759581282,34.58677695891746,9771.739524184972,2022
2022-07-02 21:45:00,2022-07-03 01:00:00,SOLUSDT,SL,-0.031013284964047375,2421.6818008505325,9771.739524184964,-75.10430778202499,9696.635216402947,2022
2022-07-03 23:00:00,2022-07-04 03:15:00,XRPUSDT,SL,-0.02522659074928767,2971.196637143539,9696.63521640294,-74.95316160087984,9621.682054802068,2022
2022-07-13 12:15:00,2022-07-13 12:30:00,ETHUSDT,SL,-0.027078765344361624,2740.827929725508,9621.68205480206,-74.2182363583095,9547.463818443757,2022
2022-07-13 12:15:00,2022-07-13 12:30:00,SOLUSDT,SL,-0.028812896520326037,2571.4599830686643,9621.68205480206,-74.09121039831676,9473.372608045442,2022
2022-07-13 12:15:00,2022-07-13 12:30:00,BTCUSDT,SL,-0.02369274838614783,3145.3343861184976,9621.68205480206,-74.5216162006043,9398.850991844836,2022
2022-07-13 12:15:00,2022-07-13 12:30:00,XRPUSDT,SL,-0.024127054421194106,3086.8994061797257,9621.68205480206,-74.47778996565,9324.373201879187,2022
2022-07-27 18:00:00,2022-07-27 18:30:00,XRPUSDT,TP,0.013206778655638048,2505.3345309679826,9324.373201879182,33.08739860882091,9357.460600488008,2022
2022-07-27 18:00:00,2022-07-27 18:30:00,SOLUSDT,TP,0.020924285973288673,1613.2665016111405,9324.373201879182,33.756449630838475,9391.217050118847,2022
2022-07-27 18:00:00,2022-07-27 18:30:00,DOGEUSDT,TP,0.015352615968436362,2171.4732299141087,9324.373201879182,33.33779458461143,9424.554844703458,2022
2022-08-28 10:30:00,2022-08-28 14:15:00,SOLUSDT,SL,-0.021347499333432916,3431.686545586856,9424.554844703453,-73.25792624446612,9351.296918458991,2022
2022-08-29 12:15:00,2022-08-29 13:30:00,BTCUSDT,TP,0.0055981451827928465,5524.032994594055,9351.296918458986,30.92433869827545,9382.221257157267,2022
2022-08-29 12:15:00,2022-08-29 13:30:00,BNBUSDT,TP,0.00908290796371037,3566.326825557795,9351.296918458986,32.392618325052815,9414.613875482319,2022
2022-08-29 12:15:00,2022-08-29 13:30:00,ETHUSDT,TP,0.010606886425260989,3087.762097032281,9351.296918458986,32.7515418714471,9447.365417353767,2022
2022-08-29 12:15:00,2022-08-29 13:30:00,DOGEUSDT,TP,0.007950102966910701,4030.683726111494,9351.296918458986,32.044350649637664,9479.409768003405,2022
2022-08-29 12:15:00,2022-08-29 13:30:00,SOLUSDT,TP,0.01078642345588942,3039.7084138168525,9351.296918458986,32.78758213385852,9512.197350137263,2022
2022-08-30 19:00:00,2022-08-31 01:30:00,ETHUSDT,TP,0.019143981183426157,1793.0418116979138,9512.197350137258,34.32595870424121,9546.523308841504,2022
2022-08-30 19:00:00,2022-08-31 01:30:00,DOGEUSDT,TP,0.01193030519167637,2813.082139886484,9512.197350137258,33.560928458099795,9580.084237299603,2022
2022-08-30 19:00:00,2022-08-31 01:30:00,BNBUSDT,TP,0.01028275525853987,3233.166985681467,9512.197350137258,33.2458648237536,9613.330102123358,2022
2022-09-01 14:15:00,2022-09-02 03:00:00,DOGEUSDT,TP,0.014299440344439578,2395.4371098113265,9613.330102123353,34.25341005060382,9647.583512173962,2022
2022-09-19 13:30:00,2022-09-19 14:15:00,BTCUSDT,TP,0.01090692235557964,3103.6011965315593,9647.583512173956,33.850737273253785,9681.434249447215,2022
2022-10-02 19:00:00,2022-10-02 22:45:00,ETHUSDT,SL,-0.015730536395041933,4847.006472671139,9681.43424944721,-76.24601172535718,9605.188237721857,2022
2022-10-11 10:15:00,2022-10-11 11:15:00,DOGEUSDT,TP,0.006040004767499942,5304.776229887562,9605.188237721852,32.040873719041244,9637.2291114409,2022
2022-10-12 03:00:00,2022-10-12 12:30:00,DOGEUSDT,SL,-0.018514147420627607,4068.825630881465,9637.229111440893,-75.33083755896757,9561.898273881932,2022
2022-10-15 15:15:00,2022-10-15 17:45:00,DOGEUSDT,SL,-0.014792994132952514,5106.762587462283,9561.898273881925,-75.54430899471095,9486.353964887221,2022
2022-10-16 19:30:00,2022-10-16 21:45:00,DOGEUSDT,SL,-0.011827875585128381,6422.499890878629,9486.353964887214,-75.96452965481303,9410.389435232408,2022
2022-10-16 19:30:00,2022-10-16 20:00:00,SOLUSDT,TP,0.005099859301374552,6081.142389179871,9486.353964887214,31.012970576442033,9441.402405808849,2022
2022-10-20 22:45:00,2022-10-21 12:00:00,XRPUSDT,SL,-0.03409798887785011,2123.3819617409986,9441.402405808842,-72.40305451487211,9368.999351293978,2022
2022-10-23 02:15:00,2022-10-23 11:30:00,SOLUSDT,SL,-0.017779684174000467,4126.177233632042,9368.999351293969,-73.36212805992864,9295.637223234049,2022
2022-11-07 15:45:00,2022-11-07 21:30:00,SOLUSDT,SL,-0.049943468879262834,1417.2059983280458,9295.63722323404,-70.78018367300137,9224.857039561048,2022
2022-11-08 16:00:00,2022-11-08 16:30:00,BTCUSDT,TP,0.016203193506589827,2040.5131272115332,9224.857039561039,33.06282905294522,9257.919868613993,2022
2022-11-08 16:00:00,2022-11-08 17:45:00,XRPUSDT,SL,-0.043329009001678104,1624.8952105480216,9224.857039561039,-70.40509920461886,9187.514769409374,2022
2022-11-08 16:00:00,2022-11-08 17:45:00,ETHUSDT,SL,-0.05588925429367131,1254.7581334383171,9224.857039561039,-70.12749639678647,9117.387273012588,2022
2022-11-08 16:00:00,2022-11-08 17:00:00,SOLUSDT,SL,-0.10661301991751837,653.5467045112961,9224.857039561039,-69.6765878250913,9047.710685187496,2022
2022-11-08 16:00:00,2022-11-08 16:30:00,DOGEUSDT,TP,0.041672219942422796,815.450345250797,9224.857039561039,33.981626139415816,9081.692311326911,2022
2022-11-10 12:00:00,2022-11-10 13:30:00,SOLUSDT,TP,0.07818265133639571,431.460816162557,9081.692311326902,33.732750555353924,9115.425061882266,2022
2022-11-10 13:30:00,2022-11-10 14:00:00,DOGEUSDT,TP,0.051603254162445183,652.926824300045,9115.425061882255,33.693148863833414,9149.118210746099,2022
2022-11-10 13:30:00,2022-11-10 15:00:00,BTCUSDT,TP,0.02816749639196084,1182.0817237678116,9115.425061882255,33.29628268923268,9182.414493435332,2022
2022-11-10 13:30:00,2022-11-10 15:00:00,ETHUSDT,TP,0.03662765562224488,914.5261631046469,9115.425061882255,33.49694935972996,9215.911442795063,2022
2022-11-10 13:30:00,2022-11-10 13:45:00,BNBUSDT,TP,0.030706785494564057,1086.6604277784647,9115.425061882255,33.367848661224535,9249.279291456287,2022
2022-11-10 20:45:00,2022-11-11 02:00:00,BTCUSDT,SL,-0.052077098327281704,1351.5198978051394,9249.279291456274,-70.38323460927596,9178.89605684701,2022
2022-11-12 06:45:00,2022-11-12 22:45:00,BNBUSDT,TIMEOUT,-0.01913362816510583,1393.668582981262,9178.896056846997,-26.66593645215341,9152.230120394857,2022
2022-11-12 07:15:00,2022-11-12 10:00:00,DOGEUSDT,TP,0.03480487304559055,968.1052768502295,9178.896056846997,33.69478125553853,9185.924901650395,2022
2022-11-14 06:30:00,2022-11-14 06:45:00,SOLUSDT,TP,0.054270472029456,626.0800227731079,9185.924901650384,33.977658364109125,9219.902560014505,2022
2022-11-14 06:30:00,2022-11-14 06:45:00,BNBUSDT,TP,0.015602779194084898,2106.5054430410896,9185.924901650384,32.86733929890811,9252.769899313413,2022
2022-11-14 06:30:00,2022-11-14 06:45:00,BTCUSDT,TP,0.01674862371900347,1968.5672961685202,9185.924901650384,32.9707929090626,9285.740692222475,2022
2022-11-18 00:00:00,2022-11-18 01:00:00,BTCUSDT,TP,0.006458454038474241,4830.651261696199,9285.740692222462,31.198539149562503,9316.939231372038,2022
2022-11-22 13:00:00,2022-11-22 13:45:00,BNBUSDT,TP,0.009502645945285748,3407.7566224463067,9316.939231372024,32.38270465081005,9349.321936022849,2022
2022-11-22 13:00:00,2022-11-22 13:15:00,BTCUSDT,TP,0.008465837057972901,3791.1393070278714,9316.939231372024,32.09516763737426,9381.417103660222,2022
2022-11-22 13:45:00,2022-11-22 22:45:00,SOLUSDT,TP,0.02667884558921568,1282.6027994615163,9381.417103660207,34.21836203912956,9415.635465699352,2022
2022-11-22 13:45:00,2022-11-23 02:45:00,DOGEUSDT,TP,0.02032377174813293,1669.3885916194693,9381.417103660207,33.928272695011195,9449.563738394363,2022
2022-11-23 02:15:00,2022-11-23 08:00:00,ETHUSDT,TP,0.01250548598171635,2663.699621807516,9415.635465699337,33.31085828001704,9482.874596674379,2022
2022-12-08 02:30:00,2022-12-08 11:30:00,DOGEUSDT,SL,-0.023261514218202013,3159.3414279325257,9482.874596674366,-73.49106554600709,9409.383531128373,2022
2022-12-18 18:00:00,2022-12-18 23:00:00,DOGEUSDT,TP,0.006839298471741344,4649.334635225533,9409.38353112836,31.798187265312084,9441.181718393686,2022
2022-12-20 02:30:00,2022-12-20 14:45:00,BTCUSDT,TP,0.007588022747718331,4246.142342759155,9441.181718393673,32.21982468690648,9473.401543080592,2022
2022-12-22 11:30:00,2022-12-22 12:15:00,DOGEUSDT,TP,0.01136285080033588,2932.8567132658113,9473.40154308058,33.32561325160288,9506.727156332194,2022
2022-12-22 20:15:00,2022-12-23 03:00:00,BTCUSDT,TP,0.004678343556863136,6567.422725330722,9506.727156332183,30.724659792247518,9537.451816124441,2022
2022-12-28 14:30:00,2022-12-28 15:30:00,ETHUSDT,SL,-0.010938602564418191,7020.677091747811,9537.45181612443,-76.79639643974465,9460.655419684697,2022
2022-12-28 14:30:00,2022-12-28 21:15:00,SOLUSDT,SL,-0.042316371494832895,1720.8836385881145,9537.45181612443,-72.8215513498744,9387.833868334823,2022
2022-12-28 14:30:00,2022-12-28 21:15:00,DOGEUSDT,SL,-0.022142288818477393,3343.7697680647143,9537.45181612443,-74.03871594698207,9313.79515238784,2022
2022-12-31 07:30:00,2022-12-31 08:15:00,DOGEUSDT,TP,0.007130690409785783,4431.93806701055,9313.79515238783,31.60277827119667,9345.397930659037,2022
2023-01-02 07:00:00,2023-01-02 07:15:00,DOGEUSDT,TP,0.00640635083897943,4897.08274908577,9345.397930659026,31.372430178157316,9376.770360837194,2023
2023-01-06 13:30:00,2023-01-06 18:00:00,DOGEUSDT,TP,0.010087350485805821,3244.601980824922,9376.770360837183,32.72943736752081,9409.499798204715,2023
2023-01-25 20:00:00,2023-01-25 21:30:00,ETHUSDT,TP,0.007692133623940142,4179.704540947464,9409.499798204704,32.150845837557284,9441.650644042273,2023
2023-01-31 13:30:00,2023-01-31 16:30:00,ETHUSDT,TP,0.005387768398626943,5768.577048798176,9441.650644042262,31.07975712855949,9472.730401170833,2023
2023-02-01 18:15:00,2023-02-01 19:30:00,ETHUSDT,SL,-0.015554699256536247,4798.846418809538,9472.730401170822,-74.64461282288835,9398.085788347944,2023
2023-02-06 15:45:00,2023-02-06 23:00:00,BTCUSDT,SL,-0.014484720764103346,5131.931301932905,9398.085788347933,-74.33459188905947,9323.751196458885,2023
2023-02-06 15:45:00,2023-02-06 23:00:00,SOLUSDT,SL,-0.03132128407467593,2305.6160559182103,9398.085788347933,-72.21485545454817,9251.536341004336,2023
2023-02-07 17:45:00,2023-02-07 18:15:00,SOLUSDT,SL,-0.031412122503230895,2262.939317075037,9251.536341004326,-71.08372704533872,9180.452613958998,2023
2023-02-12 09:00:00,2023-02-12 09:15:00,DOGEUSDT,TP,0.00774801248154488,4051.14694490162,9180.452613958987,31.38833709367016,9211.840951052667,2023
2023-02-12 09:15:00,2023-02-12 10:15:00,DOGEUSDT,SL,-0.023329598537870026,3059.7889956732693,9211.840951052658,-71.3836488796499,9140.457302173018,2023
2023-02-12 15:00:00,2023-02-12 15:15:00,SOLUSDT,TP,0.009196807102157353,3446.001770328334,9140.457302173008,31.692213555402432,9172.14951572842,2023
2023-02-12 15:45:00,2023-02-12 16:00:00,BNBUSDT,TP,0.0060899108791327,5028.656263478004,9172.149515728412,30.624068486373492,9202.773584214794,2023
2023-02-14 09:45:00,2023-02-14 13:15:00,SOLUSDT,TP,0.01255815058415911,2593.1778215587324,9202.773584214785,32.565517574636246,9235.33910178943,2023
2023-02-22 09:15:00,2023-02-22 09:30:00,DOGEUSDT,TP,0.01244284431478032,2625.098940408986,9235.339101789421,32.66369742640379,9268.002799215834,2023
2023-02-26 18:30:00,2023-02-26 20:00:00,SOLUSDT,TP,0.009708372650093958,3323.1757616465293,9268.002799215825,32.262628675824324,9300.265427891658,2023
2023-02-26 18:30:00,2023-02-26 20:15:00,BTCUSDT,TP,0.004965325780971163,6081.02002037653,9268.002799215825,30.194245481777372,9330.459673373436,2023
2023-02-26 18:30:00,2023-02-26 19:15:00,ETHUSDT,TP,0.005015375698044158,6028.229957129988,9268.002799215825,30.23383802921152,9360.693511402647,2023
2023-03-05 01:15:00,2023-03-05 02:30:00,BTCUSDT,SL,-0.011793597924586405,6357.095016943883,9360.693511402638,-74.97302259822796,9285.72048880442,2023
2023-03-07 00:30:00,2023-03-07 09:30:00,DOGEUSDT,SL,-0.016194066197611972,4509.363193276216,9285.72048880441,-73.02492606098996,9212.695562743429,2023
2023-03-10 13:30:00,2023-03-10 22:45:00,SOLUSDT,TP,0.026414057413568448,1271.8132580234992,9212.69556274342,33.593748416770254,9246.289311160199,2023
2023-03-12 17:15:00,2023-03-12 18:30:00,BNBUSDT,TP,0.006755246364748838,4619.912955783598,9246.28931116019,31.20865020001321,9277.497961360212,2023
2023-03-12 17:15:00,2023-03-12 18:15:00,DOGEUSDT,TP,0.009641559869554518,3336.706457173827,9246.28931116019,32.1710550739706,9309.669016434184,2023
2023-03-12 17:15:00,2023-03-12 17:45:00,BTCUSDT,TP,0.006486077720029624,4791.765132769907,9246.28931116019,31.079761067273687,9340.748777501456,2023
2023-03-12 22:15:00,2023-03-13 00:30:00,XRPUSDT,TP,0.014921154637865,2235.1772236996244,9340.748777501447,33.351424997855865,9374.100202499312,2023
2023-03-23 14:45:00,2023-03-23 15:15:00,BNBUSDT,TP,0.007095840447564156,4480.447441457499,9374.100202499303,31.792540178279456,9405.892742677592,2023
2023-03-28 18:45:00,2023-03-29 05:00:00,SOLUSDT,TP,0.013427685195974527,2487.86013354676,9405.892742677583,33.40620268488104,9439.298945362472,2023
2023-03-28 18:45:00,2023-03-28 20:00:00,DOGEUSDT,TP,0.007981207130101718,4039.773339408835,9405.892742677583,32.242267780484624,9471.541213142958,2023
2023-03-28 18:45:00,2023-03-29 04:30:00,BTCUSDT,TP,0.008155288357597868,3960.8035549962997,9405.892742677583,32.30149511879357,9503.84270826175,2023
2023-03-29 06:15:00,2023-03-29 08:00:00,BNBUSDT,TP,0.005288275594053635,5902.249673909941,9503.842708261742,31.21272290054896,9535.0554311623,2023
2023-04-12 12:30:00,2023-04-12 17:45:00,DOGEUSDT,TP,0.008522333057451904,3856.2525359377696,9535.055431162291,32.864268464905194,9567.919699627206,2023
2023-04-22 14:30:00,2023-04-23 06:30:00,XRPUSDT,TIMEOUT,-0.0060443667937314744,2821.2249421371394,9567.919699627197,-17.052518357900727,9550.867181269305,2023
2023-04-24 00:45:00,2023-04-24 16:45:00,DOGEUSDT,SL,-0.022913247934262762,3231.9948805329386,9550.867181269296,-74.05550001991918,9476.811681249386,2023
2023-04-24 00:45:00,2023-04-24 01:15:00,BTCUSDT,TP,0.005983693261495544,5318.886759300489,9550.867181269296,31.826586860284205,9508.63826810967,2023
2023-04-24 00:45:00,2023-04-24 08:30:00,SOLUSDT,SL,-0.027414145811550567,2686.4353490180024,9550.867181269296,-73.64633037128326,9434.991937738387,2023
2023-04-24 00:45:00,2023-04-24 06:45:00,ETHUSDT,SL,-0.016567125142802192,4528.730930103113,9550.867181269296,-75.02805205709724,9359.963885681289,2023
2023-04-24 13:30:00,2023-04-24 14:30:00,BTCUSDT,SL,-0.014380527985765388,5190.932109647531,9434.0193857012,-74.64834447499449,9285.315541206295,2023
2023-04-24 13:30:00,2023-04-24 15:30:00,ETHUSDT,SL,-0.01608150304305246,4615.0168834765445,9434.0193857012,-74.21640805536654,9211.099133150929,2023
2023-05-02 03:30:00,2023-05-02 19:30:00,XRPUSDT,TIMEOUT,0.00011244070720140464,4407.424786111791,9211.099133150921,0.4955739598874094,9211.594707110815,2023
2023-05-02 14:15:00,2023-05-03 06:15:00,DOGEUSDT,TIMEOUT,-0.004182057963645689,4926.456513690202,9211.099133150921,-20.602726695632285,9190.991980415183,2023
2023-05-02 14:15:00,2023-05-02 15:30:00,BTCUSDT,TP,0.007073669539068441,4415.015431931008,9211.099133150921,31.230360175367466,9222.22234059055,2023
2023-05-02 14:15:00,2023-05-03 06:15:00,SOLUSDT,TIMEOUT,-0.01561486486486479,3231.6973330194187,9211.099133150921,-50.462517139242166,9171.759823451308,2023
2023-05-02 14:15:00,2023-05-02 14:30:00,ETHUSDT,TP,0.006200699578008188,4969.51729270603,9211.099133150921,30.814483779786674,9202.574307231094,2023
2023-05-05 01:30:00,2023-05-05 12:30:00,DOGEUSDT,SL,-0.011235645623858335,6582.2658689886675,9202.57430723109,-73.9560067059746,9128.61830052512,2023
2023-05-05 01:30:00,2023-05-05 05:15:00,SOLUSDT,SL,-0.0171060493144027,4219.803081876043,9202.57430723109,-72.18415961564008,9056.434140909481,2023
2023-05-10 12:30:00,2023-05-10 13:00:00,ETHUSDT,TP,0.004971424958707999,5935.8688217558465,9056.434140909476,29.509726412093656,9085.943867321574,2023
2023-05-10 12:30:00,2023-05-10 17:15:00,SOLUSDT,SL,-0.020782496636485567,3390.653561029981,9056.434140909476,-70.46624622759339,9015.47762109398,2023
2023-05-10 12:30:00,2023-05-10 12:45:00,BTCUSDT,TP,0.004634043230890598,6307.82974281442,9056.434140909476,29.230755721299545,9044.70837681528,2023
2023-05-10 12:30:00,2023-05-10 12:45:00,DOGEUSDT,TP,0.006789214944922104,4504.663718506274,9056.434140909476,30.583130239531172,9075.291507054812,2023
2023-05-10 12:30:00,2023-05-10 17:15:00,XRPUSDT,SL,-0.01889498288149928,3743.3629174748867,9056.434140909476,-70.7307782449272,9004.560728809884,2023
2023-05-22 09:45:00,2023-05-22 10:00:00,DOGEUSDT,TP,0.004789521223801625,6095.67169594922,9004.560728809878,29.195348961075634,9033.75607777096,2023
2023-05-22 13:30:00,2023-05-22 15:00:00,SOLUSDT,SL,-0.016528256943622473,4294.084627051788,9033.756077770953,-70.97373405357123,8962.782343717388,2023
2023-05-25 12:00:00,2023-05-25 19:00:00,ETHUSDT,TP,0.004691739608244839,6176.413464917788,8962.782343717381,28.978123690251532,8991.76046740764,2023
2023-05-25 19:00:00,2023-05-26 11:00:00,DOGEUSDT,TIMEOUT,-0.002724333662388961,5310.0378194646055,8991.760467407632,-14.466314780125902,8977.294152627514,2023
2023-05-26 06:45:00,2023-05-26 14:15:00,BNBUSDT,TP,0.00451127551920139,6408.921492462835,8991.760467407632,28.91241063343122,9006.206563260945,2023
2023-06-01 16:45:00,2023-06-01 19:30:00,BTCUSDT,SL,-0.011956922955709826,6027.216345771609,9006.206563260937,-72.06696148378605,8934.139601777159,2023
2023-06-09 12:30:00,2023-06-09 12:45:00,DOGEUSDT,TP,0.006702623666963284,4495.466966241729,8934.139601777151,30.131423281983448,8964.271025059143,2023
2023-06-10 17:30:00,2023-06-10 18:15:00,BTCUSDT,SL,-0.016611585694707477,4238.670331073943,8964.271025059135,-70.41103543624892,8893.859989622893,2023
2023-06-13 11:45:00,2023-06-13 15:45:00,BNBUSDT,SL,-0.03343086050208777,2041.0707948742768,8893.859989622886,-68.23475301832734,8825.625236604566,2023
2023-06-15 09:30:00,2023-06-15 19:00:00,DOGEUSDT,TP,0.009318535131945091,3287.081407926062,8825.62523660456,30.630783581322543,8856.256020185889,2023
2023-06-15 18:45:00,2023-06-15 21:00:00,ETHUSDT,TP,0.006031586890085614,4880.287633806216,8825.62523660456,29.435878911912514,8885.691899097801,2023
2023-06-15 18:45:00,2023-06-15 20:45:00,BTCUSDT,TP,0.005102471788578047,5655.062652648557,8825.62523660456,28.854797647780597,8914.546696745581,2023
2023-06-16 18:00:00,2023-06-17 05:30:00,ETHUSDT,TP,0.010499353408043286,2971.686362781868,8914.546696745574,31.20078534070956,8945.747482086292,2023
2023-07-25 13:30:00,2023-07-26 05:30:00,SOLUSDT,TIMEOUT,0.0026658838599486886,2498.3140452541284,8945.747482086284,6.660215090326099,8952.407697176617,2023
2023-07-25 13:30:00,2023-07-25 21:15:00,XRPUSDT,TP,0.010959091714876513,2865.000452187289,8945.747482086284,31.39780271868318,8983.805499895301,2023
2023-07-26 18:00:00,2023-07-26 20:30:00,XRPUSDT,TP,0.012552035481842128,2532.640261755023,8983.805499895294,31.789790428290985,9015.595290323592,2023
2023-08-14 20:00:00,2023-08-15 12:00:00,DOGEUSDT,TIMEOUT,-0.014982508645916489,3145.4396121061313,9015.595290323585,-47.12657618358832,8968.468714140003,2023
2023-08-16 04:15:00,2023-08-16 06:00:00,XRPUSDT,SL,-0.016527545366582262,4263.243349533844,8968.468714139997,-70.46094786820072,8898.007766271803,2023
2023-08-17 21:45:00,2023-08-17 22:45:00,DOGEUSDT,TP,0.04320541625715482,759.122127937711,8898.007766271796,32.798187527565936,8930.805953799369,2023
2023-08-17 21:45:00,2023-08-17 22:45:00,ETHUSDT,TP,0.02712493511455593,1197.0441899287225,8898.007766271796,32.46974598107276,8963.27569978044,2023
2023-08-17 21:45:00,2023-08-17 22:45:00,BTCUSDT,TP,0.02619445053226207,1238.3822443722295,8898.007766271796,32.43874244024004,8995.714442220682,2023
2023-08-17 21:45:00,2023-08-17 22:45:00,SOLUSDT,TP,0.03955372634983859,827.901838005927,8898.007766271796,32.74660274501483,9028.461044965696,2023
2023-08-17 21:45:00,2023-08-18 06:45:00,XRPUSDT,TP,0.07358049675513782,448.90765675143746,8898.007766271796,33.03084838095567,9061.491893346652,2023
2023-08-19 15:00:00,2023-08-19 15:45:00,XRPUSDT,TP,0.008908702420369797,3518.1324696768907,9061.491893346643,31.341995247792088,9092.833888594445,2023
2023-08-20 10:00:00,2023-08-20 11:00:00,XRPUSDT,TP,0.012988920177382426,2481.863686664601,9092.833888594436,32.23672931723057,9125.070617911675,2023
2023-08-23 07:45:00,2023-08-23 23:45:00,DOGEUSDT,TIMEOUT,-0.002783792240300455,2880.943337706232,9125.070617911666,-8.019947708251902,9117.050670203424,2023
2023-08-23 16:15:00,2023-08-23 17:00:00,ETHUSDT,TP,0.007231613078754628,4287.230473280214,9125.070617911666,31.003591962208592,9148.054262165631,2023
2023-09-04 00:30:00,2023-09-04 03:00:00,SOLUSDT,TP,0.007056455099545804,4394.466252053044,9148.054262165622,31.00935379408164,9179.063615959712,2023
2023-09-04 13:15:00,2023-09-04 22:00:00,BNBUSDT,SL,-0.011630124106530002,6327.407338890532,9179.063615959703,-73.58853262386562,9105.475083335847,2023
2023-09-12 03:15:00,2023-09-12 06:30:00,XRPUSDT,SL,-0.01977540315523225,3589.4673331134118,9105.475083335838,-70.98316362485406,9034.491919710994,2023
2023-09-12 03:15:00,2023-09-12 07:15:00,DOGEUSDT,SL,-0.017380084056769194,4106.477326987494,9105.475083335838,-71.37092112025952,8963.120998590734,2023
2023-09-12 03:15:00,2023-09-12 10:15:00,ETHUSDT,TP,0.006712449110409816,4575.64682282089,9105.475083335838,30.713796445393584,8993.834795036128,2023
2023-09-12 03:15:00,2023-09-12 10:15:00,BNBUSDT,TP,0.0077468173444419355,4018.6260547127417,9105.475083335838,31.131562021474934,9024.966357057603,2023
2023-09-12 03:15:00,2023-09-12 10:15:00,SOLUSDT,TP,0.015830597421010992,2059.3667824803465,9105.475083335838,32.60100647564908,9057.567363533251,2023
2023-09-12 10:15:00,2023-09-12 17:15:00,ETHUSDT,SL,-0.017311439567744894,4101.802560618167,9057.56736353324,-71.00810714696267,8986.559256386288,2023
2023-09-12 10:15:00,2023-09-13 02:15:00,XRPUSDT,TIMEOUT,-0.0030312111157195978,3177.2918941410985,9057.56736353324,-9.631042507406274,8976.928213878882,2023
2023-09-14 00:45:00,2023-09-14 02:00:00,DOGEUSDT,SL,-0.011028500733841764,6550.270642333953,8976.928213878871,-72.23966458584216,8904.688549293041,2023
2023-09-18 02:15:00,2023-09-18 09:30:00,DOGEUSDT,TP,0.005689221617297884,5185.810342378198,8904.688549293029,29.503224303064986,8934.191773596105,2023
2023-10-10 14:00:00,2023-10-10 14:45:00,ETHUSDT,SL,-0.011880416149911123,6020.119769062337,8934.191773596094,-71.5215281287674,8862.670245467338,2023
2023-10-10 14:00:00,2023-10-10 14:45:00,SOLUSDT,SL,-0.019557515906537346,3562.747926677537,8934.191773596094,-69.67849924697889,8792.99174622036,2023
2023-10-13 20:45:00,2023-10-13 21:00:00,ETHUSDT,TP,0.004368502461504402,6442.06372788078,8792.991746220348,28.142171252415412,8821.133917472775,2023
2023-10-13 20:45:00,2023-10-13 21:00:00,SOLUSDT,TP,0.007326238109037272,4082.806698260783,8792.991746220348,29.911614024630786,8851.045531497406,2023
2023-12-13 15:00:00,2023-12-13 16:00:00,ETHUSDT,TP,0.006596050804000069,4518.267247082147,8851.045531497395,29.802720307803373,8880.84825180521,2023
2023-12-13 15:00:00,2023-12-13 16:00:00,BTCUSDT,TP,0.005779883558086892,5083.003463669684,8851.045531497395,29.379168145363128,8910.227419950572,2023
2023-12-18 21:00:00,2023-12-19 01:00:00,ETHUSDT,TP,0.006985765442287993,4319.333758771775,8910.227419950563,30.17385250573577,8940.401272456307,2023
2024-01-05 23:00:00,2024-01-06 05:15:00,ETHUSDT,SL,-0.018396083270494926,3799.880603280261,8940.401272456298,-69.90291999588217,8870.498352460425,2024
2024-01-08 06:15:00,2024-01-08 12:00:00,ETHUSDT,TP,0.008039887170828193,3784.3908772941136,8870.498352460416,30.426075663756194,8900.92442812418,2024
2024-01-09 17:15:00,2024-01-09 17:30:00,DOGEUSDT,TP,0.022141927604315482,1458.0889465670548,8900.924428124172,32.28489989554035,8933.209328019722,2024
2024-01-09 21:00:00,2024-01-10 12:45:00,BNBUSDT,SL,-0.025997625689148936,2653.678044226682,8933.209328019711,-68.98932849331808,8864.219999526404,2024
2024-01-14 06:45:00,2024-01-14 07:45:00,DOGEUSDT,TP,0.006370416062374893,4668.382396061448,8864.219999526393,29.73953820117804,8893.959537727582,2024
2024-01-15 18:15:00,2024-01-15 22:00:00,BTCUSDT,SL,-0.01577554983289015,4439.418009645366,8893.959537727571,-70.03426004019046,8823.925277687391,2024
2024-01-16 14:45:00,2024-01-16 15:30:00,BTCUSDT,TP,0.009381662194316884,3265.9714819438386,8823.92527768738,30.6402411798696,8854.56551886726,2024
2024-01-25 10:00:00,2024-01-25 12:00:00,BNBUSDT,TP,0.008302918545487465,3667.83601651907,8854.56551886725,30.453743683363058,8885.019262550624,2024
2024-01-29 15:45:00,2024-01-29 16:30:00,ETHUSDT,TP,0.006210222306574401,4787.034201923814,8885.019262550613,29.728546583121854,8914.747809133747,2024
2024-04-02 01:30:00,2024-04-02 02:30:00,XRPUSDT,SL,-0.017716476972993795,3940.747903935963,8914.747809133734,-69.81616949645506,8844.93163963729,2024
2024-04-03 08:30:00,2024-04-03 18:15:00,ETHUSDT,SL,-0.02069819725368598,3325.4627700767355,8844.93163963728,-68.83108437483726,8776.100555262454,2024
2024-04-03 14:00:00,2024-04-04 00:30:00,BNBUSDT,TP,0.010061260117451188,3067.958155506797,8844.93163963728,30.86752503200965,8806.968080294464,2024
2024-04-03 14:00:00,2024-04-04 04:15:00,BTCUSDT,SL,-0.01876762252884396,3681.783608857512,8844.93163963728,-69.09832500392265,8737.869755290541,2024
2024-04-06 15:00:00,2024-04-06 17:45:00,XRPUSDT,SL,-0.011706367576051133,5981.364052436996,8737.86975529053,-70.02004620400625,8667.849709086535,2024
2024-04-14 22:00:00,2024-04-14 22:30:00,DOGEUSDT,TP,0.030472499745688875,1041.0581046946018,8667.849709086524,31.723642830553594,8699.573351917088,2024
2024-04-14 22:00:00,2024-04-15 06:15:00,ETHUSDT,TP,0.01712430609650492,1818.5006026852266,8667.849709086524,31.140560957060497,8730.71391287415,2024
2024-04-14 22:00:00,2024-04-15 06:15:00,BTCUSDT,TP,0.014137799287509148,2183.2935668568175,8667.849709086524,30.86696623393162,8761.58087910808,2024
2024-04-15 06:15:00,2024-04-15 14:30:00,ETHUSDT,SL,-0.025879401705808318,2614.9391602157402,8761.580879108069,-67.6730609634722,8693.907818144608,2024
2024-04-19 06:30:00,2024-04-19 06:45:00,BTCUSDT,TP,0.016147713724570602,1929.3825691126538,8693.907818144597,31.15511739120769,8725.062935535816,2024
2024-04-20 15:30:00,2024-04-20 15:45:00,ETHUSDT,TP,0.005961951853920918,4874.734908765176,8725.062935535805,29.062934826685563,8754.1258703625,2024
2024-04-20 15:30:00,2024-04-20 15:45:00,DOGEUSDT,TP,0.012086753864646475,2548.852019229747,8725.062935535805,30.807346993837115,8784.933217356338,2024
2024-04-27 17:30:00,2024-04-28 01:45:00,SOLUSDT,TP,0.012473561635911247,2491.2728107699327,8784.933217356327,31.07504495700861,8816.008262313348,2024
2024-05-03 12:30:00,2024-05-03 13:15:00,ETHUSDT,TP,0.008249534605641418,3673.526735810426,8816.008262313335,30.30488593181707,8846.313148245164,2024
2024-05-03 12:30:00,2024-05-03 13:00:00,DOGEUSDT,TP,0.013572830889104975,2308.2050775886178,8816.008262313335,31.328877175483736,8877.642025420648,2024
2024-05-03 12:30:00,2024-05-03 13:00:00,BTCUSDT,TP,0.008683667534054468,3504.472768870876,8816.008262313335,30.431676407021993,8908.07370182767,2024
2024-05-03 12:30:00,2024-05-03 13:00:00,BNBUSDT,TP,0.008498316121643881,3574.708146740804,8816.008262313335,30.378999873619094,8938.45270170129,2024
2024-05-15 12:30:00,2024-05-15 13:15:00,ETHUSDT,TP,0.008060880510065203,3804.2960170767074,8938.452701701277,30.665975618572308,8969.11867731986,2024
2024-05-15 12:30:00,2024-05-15 13:30:00,XRPUSDT,TP,0.006628977864351287,4542.525841324888,8938.452701701277,30.112303250386386,8999.230980570248,2024
2024-05-15 12:30:00,2024-05-15 13:15:00,BNBUSDT,TP,0.007234877596365655,4197.83487309015,8938.452701701277,30.370821476562387,9029.601802046811,2024
2024-05-17 07:00:00,2024-05-17 15:15:00,BNBUSDT,TP,0.004742539390788015,6164.9092247689505,9029.601802046798,29.237324839099156,9058.839126885909,2024
2024-06-07 18:15:00,2024-06-07 20:15:00,XRPUSDT,TP,0.03201673069861949,1036.7420246553118,9058.839126885898,33.19309020733064,9092.03221709324,2024
2024-06-12 12:30:00,2024-06-12 13:00:00,DOGEUSDT,TP,0.010460093006171187,3041.46636386784,9092.032217093229,31.814021041198902,9123.846238134438,2024
2024-06-12 12:30:00,2024-06-12 13:00:00,SOLUSDT,TP,0.014219545996395277,2277.6322556682635,9092.032217093229,32.3868966223484,9156.233134756787,2024
2024-06-12 12:30:00,2024-06-12 14:00:00,XRPUSDT,TP,0.007553739268431426,4105.996071398836,9092.032217093229,31.01562376055055,9187.248758517339,2024
2024-06-12 12:30:00,2024-06-12 18:00:00,ETHUSDT,SL,-0.01779937980357391,3999.573146578929,9092.032217093229,-71.18992148813354,9116.058837029204,2024
2024-06-12 12:30:00,2024-06-12 14:30:00,BNBUSDT,TP,0.009856231384356378,3214.6310577749505,9092.032217093229,31.68414752076821,9147.742984549972,2024
2024-06-14 21:15:00,2024-06-14 21:30:00,ETHUSDT,TP,0.010319546481833666,3098.955883003795,9147.74298454996,31.979819279809554,9179.722803829782,2024
2024-06-16 22:00:00,2024-06-17 00:30:00,DOGEUSDT,TP,0.005047272167874413,5937.958322040225,9179.722803829769,29.970491772831878,9209.693295602614,2024
2024-06-19 10:45:00,2024-06-19 14:15:00,BNBUSDT,SL,-0.016699740578223054,4330.647221392899,9209.693295602601,-72.32068513306392,9137.37261046955,2024
2024-06-23 21:00:00,2024-06-23 23:00:00,DOGEUSDT,SL,-0.024331015937358452,2906.1637870297127,9137.372610469538,-70.70991741879394,9066.662693050755,2024
2024-06-25 07:30:00,2024-06-25 23:30:00,XRPUSDT,TIMEOUT,-0.006398535564853515,5201.45202938106,9066.662693050745,-33.281675798874204,9033.381017251882,2024
2024-06-25 14:15:00,2024-06-26 06:15:00,BTCUSDT,TIMEOUT,-0.008424760751639407,4156.823803920546,9066.662693050745,-35.02024603475024,8998.360771217132,2024
2024-06-25 14:15:00,2024-06-25 19:00:00,ETHUSDT,TP,0.006577233592776016,4640.221260648907,9066.662693050745,30.519819153453465,9028.880590370585,2024
2024-06-27 09:45:00,2024-06-27 14:00:00,DOGEUSDT,TP,0.00701065866167259,4362.812963428598,9028.880590370572,30.58619249131816,9059.466782861904,2024
2024-06-30 07:00:00,2024-06-30 18:45:00,DOGEUSDT,TP,0.006095580093163638,4962.764290736955,9059.466782861891,30.250927217679546,9089.717710079583,2024
2024-07-27 13:00:00,2024-07-27 15:45:00,ETHUSDT,SL,-0.01202482896530094,6046.467138029626,9089.71771007957,-72.70773317911892,9017.009976900465,2024
2024-07-30 12:30:00,2024-07-30 14:45:00,BTCUSDT,SL,-0.013529992369922911,5291.675680958266,9017.009976900452,-71.59633158747197,8945.413645312992,2024
2024-08-06 14:00:00,2024-08-07 06:00:00,ETHUSDT,TIMEOUT,-0.010654166006652846,1536.190577978401,8945.41364531298,-16.366829435637868,8929.046815877355,2024
2024-08-06 14:00:00,2024-08-07 06:00:00,BNBUSDT,TIMEOUT,0.00970510455104544,1686.42875682642,8945.41364531298,16.36696740288999,8945.413783280244,2024
2024-08-07 19:45:00,2024-08-07 20:00:00,XRPUSDT,TP,0.022329506693174708,1453.467014406383,8945.413783280232,32.45520142649599,8977.86898470674,2024
2024-08-08 01:30:00,2024-08-08 12:30:00,BTCUSDT,TP,0.015366616856674058,2088.962528057392,8977.868984706727,32.10028679660717,9009.969271503347,2024
2024-08-08 12:30:00,2024-08-08 13:45:00,BTCUSDT,SL,-0.02269763844147006,3078.908453703716,9009.969271503334,-69.8839508765526,8940.085320626795,2024
2024-08-08 12:30:00,2024-08-08 15:45:00,DOGEUSDT,TP,0.016095992764693548,2005.6630226596292,9009.969271503334,32.28313750114278,8972.368458127938,2024
2024-08-08 12:30:00,2024-08-08 13:45:00,ETHUSDT,SL,-0.029212335288151755,2374.1821903280334,9009.969271503334,-69.35540617902103,8903.013051948916,2024
2024-08-21 13:45:00,2024-08-21 18:15:00,SOLUSDT,TP,0.010241728464958195,3037.402083870989,8903.013051948903,31.108247381904846,8934.121299330822,2024
2024-08-21 13:45:00,2024-08-21 17:15:00,ETHUSDT,TP,0.009182695736775652,3361.2525571679807,8903.013051948903,30.865359526932675,8964.986658857753,2024
2024-08-27 07:45:00,2024-08-27 14:30:00,XRPUSDT,TP,0.00596486131724983,5006.611213898511,8964.98665885774,29.863741560292443,8994.850400418047,2024
2024-08-28 09:45:00,2024-08-28 14:45:00,BTCUSDT,SL,-0.018224432966538362,3860.5760846327066,8994.850400418032,-70.3568100666099,8924.493590351436,2024
2024-08-28 09:45:00,2024-08-28 15:15:00,DOGEUSDT,SL,-0.024705831275871292,2816.0733487501043,8994.850400418032,-69.57343301469793,8854.920157336739,2024
2024-08-28 09:45:00,2024-08-28 15:15:00,ETHUSDT,SL,-0.026703488458725416,2599.3183194012977,8994.850400418032,-69.4108667426861,8785.509290594053,2024
2024-09-02 09:45:00,2024-09-02 20:30:00,ETHUSDT,TP,0.009703808562904297,3151.5461223038124,8785.509290594036,30.58200024799957,8816.091290842052,2024
2024-09-04 14:30:00,2024-09-04 15:00:00,BTCUSDT,TP,0.008113305448042828,3730.024033861784,8816.091290842036,30.2628243152615,8846.354115157314,2024
2024-09-08 22:15:00,2024-09-09 09:00:00,XRPUSDT,TP,0.0052460688665578615,5532.596217642194,8846.354115157297,29.024380768608495,8875.378495925921,2024
2024-09-08 22:15:00,2024-09-09 13:45:00,BTCUSDT,TP,0.006672450220175035,4469.390423349664,8846.354115157297,29.82178511432766,8905.20028104025,2024
2024-09-08 22:15:00,2024-09-09 01:00:00,BNBUSDT,TP,0.006407824566141328,4634.624336668132,8846.354115157297,29.69785967933851,8934.898140719588,2024
2024-09-08 22:15:00,2024-09-09 14:15:00,ETHUSDT,TIMEOUT,-0.017456823169658044,3409.490575584459,8846.354115157297,-59.51887407659352,8875.379266642994,2024
2024-09-09 16:00:00,2024-09-09 21:00:00,ETHUSDT,TP,0.011859134173105771,2639.5684107240536,8875.379266642978,31.302995941868115,8906.682262584864,2024
2024-09-17 14:00:00,2024-09-17 14:15:00,ETHUSDT,TP,0.007637080432938987,3982.322424561415,8906.682262584845,30.413316666272127,8937.095579251134,2024
2024-10-04 01:15:00,2024-10-04 08:15:00,ETHUSDT,TP,0.007766444507214284,3935.2230139939356,8937.095579251118,30.562691161696442,8967.65827041283,2024
2024-10-04 12:45:00,2024-10-04 14:15:00,BTCUSDT,SL,-0.013567771245793054,5247.202164742235,8967.658270412814,-71.19283865165276,8896.465431761178,2024
2024-10-04 12:45:00,2024-10-04 14:15:00,SOLUSDT,SL,-0.024666380195057385,2812.1913299402904,8967.658270412814,-69.36658052555127,8827.098851235627,2024
2024-10-04 12:45:00,2024-10-04 14:00:00,DOGEUSDT,SL,-0.025567587160489916,2710.0715550289806,8967.658270412814,-69.2899906943679,8757.80886054126,2024
2024-10-04 12:45:00,2024-10-04 14:15:00,ETHUSDT,SL,-0.015074215465296519,4695.366192378357,8967.658270412814,-70.77896167238025,8687.02989886888,2024
2024-10-10 12:45:00,2024-10-10 13:00:00,XRPUSDT,TP,0.007083389866718874,4158.654512928377,8687.029898868863,29.457371236061576,8716.48727010494,2024
2024-10-24 00:45:00,2024-10-24 04:45:00,BNBUSDT,TP,0.004800096159055,5889.416385978162,8716.487270104924,28.269764973409355,8744.75703507835,2024
2024-10-28 07:00:00,2024-10-28 09:45:00,ETHUSDT,TP,0.005610339739816569,5155.831327099787,8744.757035078334,28.925965386219133,8773.683000464569,2024
2024-11-04 10:00:00,2024-11-04 10:15:00,DOGEUSDT,TP,0.01549262569050433,2025.615308673688,8773.683000464553,31.382099770236838,8805.065100234806,2024
2024-12-15 23:15:00,2024-12-16 00:45:00,DOGEUSDT,TP,0.010958637663674553,2820.0543115549826,8805.06510023479,30.903953392214245,8835.969053627021,2024
2024-12-15 23:15:00,2024-12-16 00:30:00,SOLUSDT,TP,0.011747364579742691,2642.076568639272,8805.06510023479,31.03743669940109,8867.006490326421,2024
2024-12-21 05:45:00,2024-12-21 07:30:00,BTCUSDT,TP,0.00547852907513323,5338.543649330658,8867.006490326406,29.247366601725865,8896.253856928148,2024
2024-12-24 13:45:00,2024-12-24 15:30:00,DOGEUSDT,TP,0.013727125963430365,2304.39052942905,8896.253856928133,31.632659066408554,8927.886515994556,2024
2024-12-24 13:45:00,2024-12-24 14:15:00,BTCUSDT,TP,0.006017166058982682,4929.826115201828,8896.253856928133,29.663582377078885,8957.550098371634,2024
2024-12-27 09:00:00,2024-12-27 14:45:00,BTCUSDT,SL,-0.021588642053678803,3223.8965266897985,8957.550098371621,-69.59954813280441,8887.950550238831,2024
2024-12-27 09:00:00,2024-12-27 14:30:00,DOGEUSDT,SL,-0.03361734317817055,2044.0236186296672,8957.550098371621,-68.71464345175953,8819.235906787071,2024
2024-12-27 09:00:00,2024-12-27 14:30:00,XRPUSDT,SL,-0.03372986242714383,2037.0499084463663,8957.550098371621,-68.70941316912186,8750.526493617948,2024
2024-12-27 09:00:00,2024-12-27 14:30:00,SOLUSDT,SL,-0.03360696468687299,2044.6692619975229,8957.550098371621,-68.71512768428542,8681.811365933663,2024
2024-12-27 09:00:00,2024-12-27 14:30:00,ETHUSDT,SL,-0.026761974476687496,2582.719193346775,8957.550098371621,-69.1186651327973,8612.692700800866,2024
2024-12-30 17:30:00,2024-12-30 20:15:00,BTCUSDT,TP,0.0094629033812416,3162.4305471571606,8612.692700800853,29.92577471763522,8642.618475518502,2024
2024-12-31 08:15:00,2024-12-31 13:15:00,DOGEUSDT,TP,0.011281024699739253,2693.853606991312,8642.618475518488,30.38942907795067,8673.007904596452,2024
2024-12-31 08:15:00,2024-12-31 08:30:00,BTCUSDT,TP,0.005637264719541238,5074.131213638244,8642.618475518488,28.604220872965836,8701.612125469419,2024
2024-12-31 08:15:00,2024-12-31 12:15:00,XRPUSDT,TP,0.01185667416029621,2570.846114613354,8642.618475518488,30.481684697234062,8732.093810166652,2024
2024-12-31 08:15:00,2024-12-31 13:15:00,ETHUSDT,TP,0.006852006488933845,4263.324338169489,8642.618475518488,29.212326029566928,8761.306136196219,2024
2025-01-12 15:15:00,2025-01-12 22:00:00,SOLUSDT,SL,-0.016459572894482306,4182.7869199773795,8761.306136196203,-68.8468862114548,8692.459249984764,2025
2025-01-13 00:15:00,2025-01-13 00:30:00,BTCUSDT,TP,0.004998845820897797,5670.133310750802,8692.459249984748,28.344122204380035,8720.803372189144,2025
2025-01-27 07:30:00,2025-01-27 13:00:00,XRPUSDT,TP,0.033428142639757887,956.8399602752919,8720.803372189128,31.985382675502727,8752.788754864647,2025
2025-01-27 07:30:00,2025-01-27 12:45:00,BNBUSDT,TP,0.01204784483966812,2555.353112607152,8720.803372189128,30.786497811253945,8783.5752526759,2025
2025-01-29 19:30:00,2025-01-30 03:30:00,SOLUSDT,TP,0.023389814657082442,1364.4846766820851,8783.575252675884,31.915043690023033,8815.490296365924,2025
2025-01-29 19:30:00,2025-01-30 03:45:00,ETHUSDT,TP,0.016106978928840127,1953.9923100444225,8783.575252675884,31.472912965001157,8846.963209330925,2025
2025-01-29 19:30:00,2025-01-30 03:45:00,BNBUSDT,TP,0.008294405015932371,3641.854509999381,8783.575252675884,30.207016315034796,8877.17022564596,2025
2025-01-29 19:30:00,2025-01-30 11:30:00,DOGEUSDT,TIMEOUT,0.00358188937020989,1530.500485465936,8783.575252675884,5.482083419991512,8882.65230906595,2025
2025-02-05 05:45:00,2025-02-05 21:45:00,ETHUSDT,TIMEOUT,6.156589125024903e-05,1927.6205796695472,8882.652309065934,0.11867567897967733,8882.770984744931,2025
2025-02-09 03:30:00,2025-02-09 13:30:00,ETHUSDT,SL,-0.019268853138328643,3597.457244676857,8882.770984744913,-69.31887531909477,8813.452109425836,2025
2025-02-28 14:00:00,2025-02-28 15:30:00,SOLUSDT,TP,0.027845435782499258,1155.7944303326183,8813.452109425818,32.183599587597236,8845.635709013433,2025
2025-03-02 09:30:00,2025-03-02 13:15:00,ETHUSDT,SL,-0.018403554050023432,3758.0119917843313,8845.635709013415,-69.16077681143915,8776.474932201994,2025
2025-03-02 15:15:00,2025-03-02 15:30:00,BTCUSDT,TP,0.008279446213878957,3644.9390379190054,8776.474932201976,30.178076717318117,8806.653008919313,2025
2025-03-02 15:15:00,2025-03-02 15:30:00,DOGEUSDT,TP,0.016471708377773103,1911.0636572057133,8776.474932201976,31.478483252853053,8838.131492172166,2025
2025-03-02 15:15:00,2025-03-02 15:30:00,BNBUSDT,TP,0.006759447274610857,4382.716835502766,8776.474932201976,29.62474336913029,8867.756235541296,2025
2025-03-10 09:15:00,2025-03-10 14:00:00,DOGEUSDT,SL,-0.04465629025416019,1514.7754770800245,8867.756235541277,-67.64425337436954,8800.111982166925,2025
2025-03-10 09:15:00,2025-03-10 14:00:00,ETHUSDT,SL,-0.03215875538519913,2117.5042102400694,8867.756235541277,-68.09629992423966,8732.015682242687,2025
2025-03-10 09:15:00,2025-03-10 13:45:00,SOLUSDT,SL,-0.037672715168796,1801.2806334125373,8867.756235541277,-67.85913224161897,8664.156550001067,2025
2025-03-10 09:15:00,2025-03-10 14:00:00,XRPUSDT,SL,-0.0458957516274992,1473.187827623808,8867.756235541277,-67.6130626372774,8596.54348736379,2025
2025-03-14 13:45:00,2025-03-14 14:30:00,SOLUSDT,TP,0.011072737611840425,2726.6982602514204,8596.54348736377,30.192014382425754,8626.735501746216,2025
2025-04-01 08:15:00,2025-04-01 14:00:00,ETHUSDT,SL,-0.0171154750657966,3953.476205424603,8626.735501746196,-67.66562341716495,8559.06987832905,2025
2025-04-01 08:15:00,2025-04-01 12:30:00,SOLUSDT,SL,-0.019933387730781103,3372.73672258003,8626.735501746196,-67.23006880503164,8491.839809524019,2025
2025-04-04 13:45:00,2025-04-05 05:45:00,XRPUSDT,TIMEOUT,0.005244807646920064,1361.2077263967499,8491.839809524,7.139272692452348,8498.979082216472,2025
2025-04-07 13:45:00,2025-04-07 14:15:00,SOLUSDT,TP,0.03454291092326256,903.0474031345632,8498.979082216454,31.193886005960792,8530.172968222432,2025
2025-04-07 13:45:00,2025-04-07 14:00:00,BTCUSDT,TP,0.019850782155352777,1547.0855095679249,8498.979082216454,30.71085742613582,8560.883825648569,2025
2025-04-07 13:45:00,2025-04-07 14:00:00,XRPUSDT,TP,0.04418342999105904,709.2975444931201,8498.979082216454,31.339198399941854,8592.22302404851,2025
2025-04-07 13:45:00,2025-04-07 14:15:00,DOGEUSDT,TP,0.03843848418647833,813.2790083600257,8498.979082216454,31.261212302041624,8623.484236350552,2025
2025-04-09 17:15:00,2025-04-09 17:45:00,DOGEUSDT,TP,0.02695306173600773,1167.3101765600982,8623.484236350534,31.46258325389441,8654.946819604445,2025
2025-04-09 17:15:00,2025-04-09 17:45:00,ETHUSDT,TP,0.028108877852861612,1120.558673528186,8623.484236350534,31.497646881168414,8686.444466485615,2025
2025-04-12 08:00:00,2025-04-12 13:00:00,ETHUSDT,TP,0.008301906468119959,3598.5973633338313,8686.444466485598,29.875218726820563,8716.319685212435,2025
2025-06-09 09:30:00,2025-06-09 10:45:00,DOGEUSDT,TP,0.008096812216768823,3694.6866304668774,8716.319685212418,29.915183846696653,8746.234869059132,2025
2025-06-23 13:30:00,2025-06-23 16:00:00,ETHUSDT,SL,-0.025360556510699697,2665.3912311744975,8746.234869059115,-67.59580494132429,8678.639064117808,2025
2025-06-23 13:30:00,2025-06-23 16:15:00,BTCUSDT,SL,-0.013843722486725347,5009.787062804051,8746.234869059115,-69.35410181504616,8609.284962302761,2025
2025-06-23 13:30:00,2025-06-23 13:45:00,BNBUSDT,TP,0.0048065828665973635,5902.61704835433,8746.234869059115,28.371417972705423,8637.656380275466,2025
2025-08-03 11:00:00,2025-08-03 14:15:00,ETHUSDT,SL,-0.013892448551556141,4929.250633771379,8637.65638027545,-68.47936082739439,8569.177019448072,2025
2025-08-04 13:30:00,2025-08-04 14:15:00,BNBUSDT,TP,0.004458506693264159,6169.602098138358,8569.177019448056,27.507212249326468,8596.684231697398,2025
2025-08-04 13:30:00,2025-08-04 14:00:00,ETHUSDT,TP,0.007112059509820045,4087.2768493793533,8569.177019448056,29.068956185895743,8625.753187883294,2025
2025-08-26 12:30:00,2025-08-26 18:15:00,DOGEUSDT,TP,0.011506265942128757,2639.186731692614,8625.753187883278,30.36718440579283,8656.120372289088,2025
2025-08-26 12:30:00,2025-08-26 15:00:00,ETHUSDT,TP,0.012328364948855742,2473.288869140517,8625.753187883278,30.491607802707005,8686.611980091795,2025
2025-08-26 12:30:00,2025-08-26 16:45:00,SOLUSDT,TP,0.01207458294336791,2522.232075491395,8625.753187883278,30.454900397943838,8717.066880489738,2025
2025-08-26 12:30:00,2025-08-26 19:15:00,BTCUSDT,TP,0.004819462699746603,5807.844705744116,8625.753187883278,27.99069092525455,8745.057571414993,2025
2025-08-26 12:30:00,2025-08-26 16:45:00,BNBUSDT,TP,0.006194425990492533,4657.919099267142,8625.753187883278,28.853135130111955,8773.910706545104,2025
2025-08-31 00:30:00,2025-08-31 00:45:00,ETHUSDT,TP,0.005082179786572921,5641.486777429762,8773.91070654509,28.671050066471945,8802.581756611577,2025
2025-08-31 00:45:00,2025-08-31 16:45:00,ETHUSDT,TIMEOUT,0.00017224284086607802,4680.890256844921,8802.581756611562,0.8062498356213148,8803.388006447198,2025
2025-09-01 07:45:00,2025-09-01 16:30:00,DOGEUSDT,SL,-0.030609602468826175,2211.195213241209,8803.388006447183,-67.68380645828474,8735.704199988913,2025
2025-09-23 03:15:00,2025-09-23 05:15:00,XRPUSDT,TP,0.008473517199765189,3551.670153636425,8735.704199988899,30.095138134730917,8765.799338123645,2025
2025-09-23 03:15:00,2025-09-23 06:30:00,DOGEUSDT,TP,0.012314030136532544,2507.5639299354348,8735.704199988899,30.878217802506924,8796.677555926151,2025
2025-09-28 22:00:00,2025-09-28 22:15:00,ETHUSDT,TP,0.006022458446903772,4870.8369484060495,8796.677555926137,29.334413123419008,8826.01196904957,2025
2025-09-29 13:30:00,2025-09-29 14:15:00,DOGEUSDT,TP,0.009956186996585263,3091.440948536809,8826.011969049556,30.77896417253339,8856.790933222102,2025
2025-10-10 21:30:00,2025-10-11 13:30:00,SOLUSDT,TIMEOUT,-0.0728463316736104,499.1398830579002,8856.79093322209,-36.36050947276291,8820.43042374934,2025
2025-10-10 21:30:00,2025-10-11 13:30:00,BNBUSDT,TIMEOUT,0.030673865300146548,403.6709390883113,8856.79093322209,12.382148011178522,8832.812571760518,2025
2025-10-11 15:00:00,2025-10-11 17:15:00,BNBUSDT,TP,0.016552082040897784,1914.3966064781757,8832.812571760505,31.687249689243075,8864.499821449761,2025
2025-10-12 14:45:00,2025-10-12 15:00:00,DOGEUSDT,TP,0.021051739566603143,1524.7349519465795,8864.499821449748,32.09832311647655,8896.598144566238,2025
2025-10-12 14:45:00,2025-10-12 15:15:00,SOLUSDT,TP,0.01888931458258814,1692.6188635884623,8864.499821449748,31.97241018274531,8928.570554748983,2025
2025-10-12 14:45:00,2025-10-12 15:00:00,ETHUSDT,TP,0.015153400018458985,2090.2369488193044,8864.499821449748,31.6741966188221,8960.244751367805,2025
2025-10-12 14:45:00,2025-10-12 15:00:00,XRPUSDT,TP,0.017182694637529014,1853.7021346958677,8864.499821449748,31.85159772941477,8992.09634909722,2025
2025-10-12 15:00:00,2025-10-12 16:00:00,DOGEUSDT,TP,0.02442870216688868,1334.479614883231,8960.123938914463,32.59960505976676,9024.695954156987,2025
2025-10-19 09:30:00,2025-10-19 10:15:00,BNBUSDT,TP,0.0106371307269125,2972.0050326729283,9024.695954156974,31.613606053583798,9056.309560210571,2025
2025-10-19 09:30:00,2025-10-19 09:45:00,BTCUSDT,TP,0.004535067097920203,6403.439956591454,9024.695954156974,29.040029860645472,9085.349590071217,2025
2025-10-19 10:15:00,2025-10-20 02:15:00,DOGEUSDT,TIMEOUT,-0.006424266434924854,1836.198996202217,9085.349590071204,-11.79623157914461,9073.553358492072,2025
2025-10-21 14:00:00,2025-10-21 14:45:00,BTCUSDT,TP,0.008450562929597623,3698.2329619078555,9073.55335849206,31.252150372914542,9104.805508864987,2025
2025-10-21 14:00:00,2025-10-21 14:45:00,BNBUSDT,TP,0.009260001301475203,3399.1828841551787,9073.55335849206,31.47643793122919,9136.281946796216,2025
2025-10-21 14:00:00,2025-10-21 14:45:00,SOLUSDT,TP,0.012123084808056659,2643.1757113143594,9073.55335849206,32.043443310859466,9168.325390107075,2025
2025-10-21 14:00:00,2025-10-21 14:45:00,ETHUSDT,TP,0.010506935773083691,3022.6542800132033,9073.55335849206,31.758834384335255,9200.084224491411,2025
2025-11-09 14:15:00,2025-11-09 19:30:00,XRPUSDT,TP,0.008991326395440565,3541.6445811722824,9200.084224491398,31.844082405963388,9231.928306897375,2025
2025-11-09 14:15:00,2025-11-09 19:15:00,SOLUSDT,TP,0.010287889134104429,3125.626233664992,9200.084224491398,32.15609616659382,9264.084403063967,2025
2025-11-17 14:30:00,2025-11-17 16:00:00,XRPUSDT,SL,-0.03729493898981181,1901.2381726057845,9264.084403063956,-70.90656165243402,9193.177841411534,2025
2025-11-17 14:30:00,2025-11-17 16:00:00,DOGEUSDT,SL,-0.034556395182575424,2055.25116321162,9264.084403063956,-71.02207139538856,9122.155770016145,2025
2025-11-21 12:30:00,2025-11-21 14:45:00,XRPUSDT,TP,0.02764896869982101,1204.55374626953,9122.155770016134,33.30466882785837,9155.460438844004,2025
2025-11-21 12:30:00,2025-11-21 17:00:00,DOGEUSDT,TP,0.02668600083169868,1246.832012704911,9122.155770016134,33.27296012803179,9188.733398972036,2025
2025-11-21 12:30:00,2025-11-21 14:30:00,BTCUSDT,TP,0.018450807938375568,1781.5960790478398,9122.155770016134,32.87188707827467,9221.60528605031,2025
2025-11-21 12:30:00,2025-11-21 17:15:00,ETHUSDT,TP,0.023361678883267248,1418.7350579432207,9122.155770016134,33.14403284410307,9254.749318894414,2025
2025-11-21 12:30:00,2025-11-21 17:00:00,SOLUSDT,TP,0.025217307893935482,1317.3519672229743,9122.155770016134,33.220070162143344,9287.969389056556,2025
2025-11-24 02:00:00,2025-11-24 17:15:00,ETHUSDT,TP,0.013356698666904365,2469.0316303896357,9287.969389056545,32.97811148616996,9320.947500542727,2025
2025-11-24 17:15:00,2025-11-24 20:00:00,BNBUSDT,TP,0.011424796953088885,2870.9762685748124,9320.947500542716,32.80032092560401,9353.74782146833,2025
2025-12-02 15:00:00,2025-12-02 15:30:00,DOGEUSDT,TP,0.011804863866581274,2793.861781637744,9353.74782146832,32.98115799427779,9386.728979462609,2025
2025-12-07 15:45:00,2025-12-07 17:15:00,XRPUSDT,TP,0.011842097778814729,2795.4225174622384,9386.728979462598,33.103666784888254,9419.832646247496,2025
2025-12-07 15:45:00,2025-12-07 17:15:00,SOLUSDT,TP,0.013169154189782773,2528.906081004783,9386.728979462598,33.303554112231275,9453.136200359728,2025
2025-12-16 10:30:00,2025-12-16 13:30:00,DOGEUSDT,TP,0.008598412728180644,3792.0085240233016,9453.136200359717,32.60525435833145,9485.74145471806,2025
2025-12-16 10:30:00,2025-12-16 13:30:00,BTCUSDT,TP,0.00550197458014797,5670.090352560234,9453.136200359717,31.196692986928653,9516.938147704988,2025
2025-12-16 10:30:00,2025-12-16 11:30:00,XRPUSDT,TP,0.008092439354692654,4008.991108605794,9453.136200359717,32.44251741989446,9549.380665124881,2025
2025-12-17 14:45:00,2025-12-17 15:45:00,ETHUSDT,SL,-0.025876852409895255,2850.35124257074,9549.380665124872,-73.75811842036458,9475.622546704517,2025
2025-12-17 14:45:00,2025-12-17 15:45:00,BNBUSDT,SL,-0.017185740401035553,4357.59833392866,9549.380665124872,-74.88855373888299,9400.733992965634,2025
2025-12-17 14:45:00,2025-12-17 15:15:00,XRPUSDT,TP,0.01087649371297275,3080.04961584088,9549.380665124872,33.50014028233746,9434.234133247972,2025
2025-12-17 14:45:00,2025-12-17 15:00:00,DOGEUSDT,TP,0.01211107439920015,2784.3845998158117,9549.380665124872,33.72188904435643,9467.956022292328,2025
2025-12-18 13:00:00,2025-12-18 13:30:00,DOGEUSDT,TP,0.008499449194102945,3838.5891244456866,9467.95602229232,32.62589324026222,9500.58191553259,2025
2025-12-18 13:00:00,2025-12-18 13:30:00,BTCUSDT,TP,0.004658700350756202,6564.393066928196,9467.95602229232,30.581540283399967,9531.163455815991,2025
2025-12-18 13:00:00,2025-12-18 13:30:00,ETHUSDT,TP,0.006346647492106888,5003.043355765631,9467.95602229232,31.752552566771968,9562.916008382763,2025
2025-12-18 13:30:00,2025-12-18 17:00:00,BNBUSDT,SL,-0.014774200338843177,5114.1504206996005,9562.916008382752,-75.55748287839502,9487.358525504367,2025
2025-12-18 13:30:00,2025-12-18 13:45:00,ETHUSDT,TP,0.008802339926271677,3754.1518945329244,9562.916008382752,33.04532111053562,9520.403846614903,2025
2025-12-18 13:30:00,2025-12-18 15:30:00,DOGEUSDT,TP,0.010019418794270487,3329.8858291697466,9562.916008382752,33.36352065955832,9553.767367274462,2025
2025-12-18 13:30:00,2025-12-18 17:00:00,XRPUSDT,SL,-0.020752439164604158,3585.656202858908,9562.916008382752,-74.41111221501502,9479.356255059447,2025
2025-12-19 14:30:00,2025-12-19 15:15:00,DOGEUSDT,TP,0.009806550855688443,3367.3485253299573,9479.356255059436,33.02207456247571,9512.378329621923,2025
2025-12-25 15:30:00,2025-12-25 22:45:00,SOLUSDT,SL,-0.013597279842469275,5553.147307987024,9512.378329621912,-75.50769795315448,9436.870631668768,2025
2025-12-26 02:00:00,2025-12-26 02:15:00,ETHUSDT,TP,0.007139467476671072,4485.507415221591,9436.870631668757,32.02413430734148,9468.894765976109,2025
2025-12-26 02:00:00,2025-12-26 02:15:00,XRPUSDT,TP,0.007600141086237833,4238.043944800255,9436.870631668757,32.209731910157885,9501.104497886266,2025
2026-01-01 05:00:00,2026-01-01 05:30:00,XRPUSDT,TP,0.004419125909357958,6892.682146235216,9501.104497886256,30.459630257397063,9531.564128143664,2026
2026-01-01 08:45:00,2026-01-01 09:00:00,DOGEUSDT,TP,0.00515309695177687,6055.019216612967,9531.564128143653,31.202101068078655,9562.766229211742,2026
2026-01-01 15:30:00,2026-01-01 15:45:00,DOGEUSDT,TP,0.007572537416274419,4308.826931726394,9562.766229211731,32.62875316074902,9595.394982372492,2026
2026-01-09 15:15:00,2026-01-10 07:15:00,DOGEUSDT,TIMEOUT,-0.018345513494567207,2590.1569433140926,9595.39498237248,-47.51775915661563,9547.877223215875,2026
2026-01-09 15:15:00,2026-01-10 07:15:00,ETHUSDT,TIMEOUT,-0.013098242811501628,3329.253286115729,9595.39498237248,-43.60736792253352,9504.269855293343,2026
2026-01-19 16:15:00,2026-01-19 16:45:00,XRPUSDT,TP,0.007020591064403714,4586.653918852852,9504.26985529333,32.20102151821061,9536.470876811552,2026
2026-01-21 14:00:00,2026-01-21 16:30:00,DOGEUSDT,SL,-0.024284452667711943,3039.099000344004,9536.470876811542,-73.80285582634464,9462.66802098521,2026
2026-01-21 14:00:00,2026-01-21 15:00:00,BTCUSDT,TP,0.00648853932136427,4940.467157855132,9536.470876811542,32.056415419651806,9494.72443640486,2026
2026-01-21 14:00:00,2026-01-21 15:15:00,ETHUSDT,TP,0.010329374998631843,3227.7782629850167,9536.470876811542,33.34093209080475,9528.065368495665,2026
2026-01-21 14:00:00,2026-01-21 15:00:00,SOLUSDT,TP,0.009489167822275619,3492.6437781635723,9536.470876811542,33.142282954420914,9561.207651450086,2026
2026-01-21 14:00:00,2026-01-21 15:00:00,XRPUSDT,TP,0.009768491900097466,3399.8947879316956,9536.470876811542,33.211844697094364,9594.41949614718,2026
2026-02-03 19:00:00,2026-02-03 20:30:00,XRPUSDT,TP,0.01976491723716291,1753.800548869657,9594.41949614717,34.663722698899655,9629.08321884608,2026
2026-02-11 14:00:00,2026-02-11 14:45:00,ETHUSDT,SL,-0.029414617427620943,2519.416989384165,9629.08321884607,-74.10768688338375,9554.975531962697,2026
2026-02-11 14:00:00,2026-02-11 14:45:00,DOGEUSDT,SL,-0.028786030332683767,2575.904052192266,9629.08321884607,-74.1500521804896,9480.825479782206,2026
2026-02-11 14:00:00,2026-02-11 15:00:00,BNBUSDT,SL,-0.026468044382496402,2808.072148382211,9629.08321884607,-74.32417825263238,9406.501301529574,2026
2026-02-11 14:00:00,2026-02-11 14:45:00,XRPUSDT,SL,-0.030838457653262364,2400.1936215402943,9629.08321884607,-74.0182693575008,9332.483032172073,2026
2026-02-18 15:30:00,2026-02-18 18:15:00,BTCUSDT,SL,-0.018920233959848678,3852.1035500124726,9332.483032172062,-72.88270040379963,9259.600331768273,2026
2026-02-20 05:30:00,2026-02-20 10:00:00,BTCUSDT,TP,0.004740737476632215,6324.014104099665,9259.600331768263,29.98049066605598,9289.58082243433,2026
2026-02-23 06:00:00,2026-02-23 09:30:00,DOGEUSDT,TP,0.011135612869373842,2930.93241947094,9289.580822434318,32.637728769525616,9322.218551203856,2026
2026-02-23 09:30:00,2026-02-23 10:00:00,ETHUSDT,TP,0.008206096740740033,3903.298566215127,9322.218551203843,32.0308456423532,9354.24939684621,2026
2026-02-25 01:00:00,2026-02-25 01:15:00,BTCUSDT,TP,0.009160194773507446,3539.631262540568,9354.249396846197,32.42371179126767,9386.673108637477,2026
2026-02-25 01:00:00,2026-02-25 02:00:00,BNBUSDT,TP,0.008732807449537828,3699.161395487695,9354.249396846197,32.304064191557686,9418.977172829034,2026
2026-02-25 01:00:00,2026-02-25 02:00:00,ETHUSDT,TP,0.011012672733768962,2982.182368932876,9354.249396846197,32.841798461473616,9451.818971290508,2026
2026-02-25 01:00:00,2026-02-25 12:45:00,XRPUSDT,TP,0.011447272960117728,2875.924426129645,9354.249396846197,32.92149191857598,9484.740463209084,2026
2026-02-25 01:00:00,2026-02-25 05:30:00,DOGEUSDT,SL,-0.023996495352802686,3017.9547244263704,9354.249396846197,-72.42033651966631,9412.320126689418,2026
2026-02-25 01:00:00,2026-02-25 01:15:00,SOLUSDT,TP,0.013549503988210906,2453.1225185917956,9354.249396846197,33.23859334922952,9445.558720038647,2026
2026-02-28 13:45:00,2026-02-28 18:30:00,ETHUSDT,TP,0.011810255456129876,2820.073630179097,9445.558720038634,33.30578997751066,9478.864510016158,2026
2026-02-28 13:45:00,2026-02-28 18:30:00,SOLUSDT,TP,0.014199022156109018,2369.4422839335825,9445.558720038634,33.64376348719449,9512.508273503352,2026
2026-02-28 13:45:00,2026-02-28 20:00:00,XRPUSDT,TP,0.015512525984504782,2178.065402256366,9445.558720038634,33.78729614845274,9546.295569651806,2026
2026-02-28 13:45:00,2026-02-28 19:30:00,DOGEUSDT,TP,0.01498538653251576,2251.031147341108,9445.558720038634,33.732571839638936,9580.028141491444,2026
2026-02-28 13:45:00,2026-02-28 18:30:00,BTCUSDT,TP,0.009253977803482789,3540.676108638826,9445.558720038634,32.76533811866551,9612.793479610109,2026
2026-03-01 13:45:00,2026-03-01 14:00:00,DOGEUSDT,TP,0.011463893596783811,2951.3909927977625,9612.793479610096,33.834432303939685,9646.627911914049,2026
2026-03-02 14:30:00,2026-03-02 15:00:00,DOGEUSDT,TP,0.011342954369968303,2991.399253065445,9646.627911914036,33.93130522987861,9680.559217143928,2026
2026-03-02 14:30:00,2026-03-02 15:00:00,XRPUSDT,TP,0.010482323243537523,3220.6030653979346,9646.627911914036,33.75940237062897,9714.318619514557,2026
2026-03-23 11:00:00,2026-03-23 14:00:00,XRPUSDT,TP,0.014781320017642733,2345.498951911274,9714.318619514544,34.669570609246165,9748.988190123802,2026
2026-03-24 20:15:00,2026-03-24 23:15:00,XRPUSDT,TP,0.0075442240012041405,4407.730693993403,9748.988190123791,33.252907692469215,9782.241097816272,2026
2026-03-28 13:30:00,2026-03-28 23:00:00,XRPUSDT,SL,-0.011724544227600116,6685.180424086324,9782.24109781626,-78.3806935516866,9703.860404264586,2026
2026-03-28 13:30:00,2026-03-28 14:15:00,DOGEUSDT,TP,0.007314935211094545,4548.505742035915,9782.24109781626,33.27202481028424,9737.132429074869,2026
2026-03-28 13:30:00,2026-03-28 23:00:00,ETHUSDT,SL,-0.014570907795569691,5308.392858039305,9782.24109781626,-77.34810287715138,9659.784326197718,2026
2026-04-02 14:30:00,2026-04-03 06:30:00,DOGEUSDT,TIMEOUT,0.002877569528416081,3565.5696230384365,9659.784326197709,10.260174498701417,9670.04450069642,2026
2026-04-02 14:30:00,2026-04-02 20:15:00,XRPUSDT,TP,0.00829530439236318,4004.750935062523,9659.784326197709,33.2206280219447,9703.265128718363,2026
2026-04-02 14:30:00,2026-04-03 06:30:00,BTCUSDT,TIMEOUT,-0.005428889683103289,4231.495399833901,9659.784326197709,-22.97232172025729,9680.292806998106,2026
2026-04-02 14:30:00,2026-04-03 06:30:00,ETHUSDT,TIMEOUT,-0.004569724458308917,3343.4597881419827,9659.784326197709,-15.278689969244768,9665.014117028863,2026
2026-04-04 15:00:00,2026-04-05 06:00:00,SOLUSDT,SL,-0.014168773451752645,5401.954667343187,9665.014117028853,-76.53907187822344,9588.475045150639,2026
2026-04-05 15:15:00,2026-04-05 22:45:00,DOGEUSDT,TP,0.005316041320200606,5927.552998950805,9588.47504515063,31.5111166701015,9619.98616182074,2026
2026-04-05 15:15:00,2026-04-05 20:30:00,ETHUSDT,TP,0.005440877565281418,5808.026574610546,9588.47504515063,31.600761488356802,9651.586923309098,2026
2026-04-05 15:15:00,2026-04-05 22:45:00,SOLUSDT,TP,0.006609654145129911,4885.661840931558,9588.47504515063,32.29253503861631,9683.879458347714,2026
2026-04-12 20:30:00,2026-04-12 23:15:00,DOGEUSDT,SL,-0.01127267840228142,6902.149164024743,9683.879458347703,-77.80570781062647,9606.073750537087,2026
2026-04-20 07:15:00,2026-04-20 18:30:00,ETHUSDT,TP,0.00834543874851229,3960.5320381499787,9606.073750537076,33.052377535901186,9639.126128072989,2026
2026-05-01 03:15:00,2026-05-01 12:15:00,ETHUSDT,TP,0.004288729815152135,7173.77678627981,9639.126128072978,30.766390390564485,9669.892518463552,2026
2026-05-18 11:30:00,2026-05-18 14:30:00,SOLUSDT,SL,-0.0172347416837117,4399.474088219214,9669.892518463543,-75.8237994546412,9594.068719008912,2026
2026-05-18 11:30:00,2026-05-18 15:15:00,DOGEUSDT,SL,-0.023161612212814764,3236.009672120237,9669.892518463543,-74.95120114256679,9519.117517866345,2026
2026-05-18 11:30:00,2026-05-18 12:15:00,ETHUSDT,TP,0.0054128552257611635,5883.976763345064,9669.892518463543,31.849114371729584,9550.966632238074,2026
2026-05-23 20:30:00,2026-05-23 20:45:00,BTCUSDT,TP,0.004840772968004507,6406.2921309566045,9550.966632238064,31.011405772674724,9581.97803801075,2026
2026-05-23 20:30:00,2026-05-24 12:30:00,ETHUSDT,TIMEOUT,-0.005021117390018898,3918.426997261835,9550.966632238064,-19.674881937470932,9562.303156073278,2026
2026-05-23 20:30:00,2026-05-23 21:00:00,XRPUSDT,TP,0.005828769462208119,5444.198200991686,9550.966632238064,31.732976220148718,9594.036132293426,2026
2026-05-23 20:30:00,2026-05-24 12:30:00,DOGEUSDT,TIMEOUT,-0.011787527593818969,3627.4205667327037,9550.966632238064,-42.75832002474819,9551.277812268678,2026
2026-05-24 22:00:00,2026-05-25 05:15:00,XRPUSDT,TP,0.0058222935336855975,5449.740126856712,9551.277812268667,31.72998670086476,9583.007798969544,2026
2026-05-24 22:00:00,2026-05-25 00:30:00,DOGEUSDT,TP,0.0076826558201224015,4247.45092886856,9551.277812268667,32.63170359935634,9615.6395025689,2026
2026-05-24 22:00:00,2026-05-25 07:00:00,ETHUSDT,TP,0.007544872762179481,4318.003762434675,9551.277812268667,32.5787889741819,9648.218291543082,2026
2026-05-24 22:00:00,2026-05-25 02:00:00,BTCUSDT,TP,0.0046360185358729315,6650.049857320568,9551.277812268667,30.829754403017297,9679.0480459461,2026
2026-05-24 22:00:00,2026-05-25 05:00:00,SOLUSDT,TP,0.008794641461330514,3752.6073599641004,9551.277812268667,33.00283627603432,9712.050882222133,2026
2026-05-26 10:15:00,2026-05-26 13:00:00,DOGEUSDT,TP,0.005892398845182753,5482.987646058937,9712.050882222122,32.30795007378898,9744.358832295922,2026
2026-05-26 10:15:00,2026-05-26 15:45:00,SOLUSDT,SL,-0.014538958182792416,5282.515230742042,9712.050882222122,-76.80226803972258,9667.5565642562,2026
2026-05-26 10:15:00,2026-05-26 14:15:00,XRPUSDT,TP,0.004620698555727917,6781.276295890947,9712.050882222122,31.33423358641526,9698.890797842614,2026
2026-06-07 01:00:00,2026-06-07 03:15:00,SOLUSDT,TP,0.01202954150978921,2846.020764050838,9698.890797842603,34.23632491887156,9733.127122761487,2026
2026-06-07 01:00:00,2026-06-07 04:45:00,DOGEUSDT,TP,0.010655432938292806,3188.904856894792,9698.890797842603,33.97916184923867,9767.106284610725,2026
2026-06-07 01:00:00,2026-06-07 05:00:00,ETHUSDT,TP,0.008760425287573561,3824.312729677022,9698.890797842603,33.50260594465205,9800.608890555377,2026
2026-06-07 01:00:00,2026-06-07 03:15:00,BTCUSDT,TP,0.00599072370258692,5395.687777256269,9698.890797842603,32.32407465896767,9832.932965214344,2026
2026-06-07 22:00:00,2026-06-08 14:00:00,DOGEUSDT,TIMEOUT,-0.0024827018597666324,2696.8138973240316,9832.932965214331,-6.695384878330874,9826.237580336014,2026
2026-06-07 22:00:00,2026-06-08 14:00:00,XRPUSDT,TIMEOUT,0.0011426359256710079,2559.1280709964867,9832.932965214331,2.9241516723137315,9829.161732008328,2026
2026-06-07 22:00:00,2026-06-08 05:00:00,ETHUSDT,SL,-0.031224809017389932,2419.9330403358763,9832.932965214331,-75.56194701935951,9753.599784988968,2026
2026-06-07 22:00:00,2026-06-08 05:00:00,BNBUSDT,SL,-0.022177908826171423,3441.6329580903825,9832.932965214331,-76.32822195767515,9677.271563031292,2026
2026-06-07 22:00:00,2026-06-08 14:00:00,BTCUSDT,TIMEOUT,0.00376381713677858,3146.179291294423,9832.932965214331,11.841643531951837,9689.113206563245,2026
2026-06-07 22:00:00,2026-06-08 05:30:00,SOLUSDT,SL,-0.03516936137799342,2142.6021368966713,9832.932965214331,-75.35394884177995,9613.759257721465,2026
2026-06-09 04:30:00,2026-06-09 14:15:00,SOLUSDT,SL,-0.0261061947041238,2843.6125875458924,9613.759257721453,-74.23590387357035,9539.523353847895,2026
2026-06-10 13:30:00,2026-06-10 21:45:00,BTCUSDT,SL,-0.019704054586500173,3774.7292974885263,9539.523353847882,-74.37747212697538,9465.145881720919,2026
2026-06-10 13:30:00,2026-06-10 21:00:00,BNBUSDT,SL,-0.018485234054709036,4034.1404535826946,9539.523353847882,-74.57203049404619,9390.573851226873,2026
2026-06-10 13:30:00,2026-06-10 16:45:00,XRPUSDT,SL,-0.022846606240539774,3237.892026269421,9539.523353847882,-73.97484417356092,9316.599007053312,2026
2026-06-10 13:30:00,2026-06-10 17:30:00,ETHUSDT,SL,-0.02449942937312304,3012.5534399082235,9539.523353847882,-73.80584023379038,9242.793166819522,2026
2026-06-20 14:45:00,2026-06-20 15:15:00,BTCUSDT,TP,0.004602075979486735,6476.080404766127,9242.79316681951,29.803414071998926,9272.59658089152,2026
2026-06-22 01:15:00,2026-06-22 13:30:00,DOGEUSDT,TP,0.00814193746814809,3910.535505102374,9272.59658089151,31.839335549516434,9304.435916441038,2026
2026-06-25 04:45:00,2026-06-25 05:15:00,DOGEUSDT,TP,0.006988304971049501,4508.950579899592,9304.435916441027,31.509921751728854,9335.945838192765,2026
2026-06-25 14:00:00,2026-06-26 00:00:00,BNBUSDT,TP,0.015789865490143627,2116.6917538770517,9335.945838192756,33.422278077814845,9369.368116270582,2026
2026-06-27 15:00:00,2026-06-27 17:00:00,ETHUSDT,SL,-0.011816681599006751,6349.713800235849,9369.36811627057,-75.03254622220618,9294.335570048375,2026
2026-06-29 12:00:00,2026-06-29 13:30:00,BTCUSDT,SL,-0.01821195148827218,3991.9660080478234,9294.335570048364,-72.70149128139852,9221.634078766976,2026
2026-06-29 12:00:00,2026-06-29 14:00:00,BNBUSDT,SL,-0.01662979350434914,4389.699195790642,9294.335570048364,-72.99979117220586,9148.63428759477,2026
2026-06-29 12:00:00,2026-06-29 14:00:00,ETHUSDT,SL,-0.020360481101222863,3554.605132610243,9294.335570048364,-72.37347062482064,9076.260816969949,2026
