symbol,setup,time,direction,entry,sl,tp,exit,result,pnl_pips,pnl_usd,lot,balance
CADJPY,A,2025-01-06 07:45:00+00:00,long,109.617,109.423,109.811,109.811,TP,19.4,194.0,0.01,10194.0
CADJPY,A,2025-01-07 23:00:00+00:00,short,109.948,110.071,109.825,110.071,SL,-12.3,-123.0,0.01,10071.0
CADJPY,A,2025-01-13 18:45:00+00:00,long,109.271,109.096,109.446,109.446,TP,17.5,175.0,0.01,10246.0
CADJPY,A,2025-01-14 12:45:00+00:00,long,109.785,109.358,110.212,109.358,SL,-42.7,-427.0,0.01,9819.0
CADJPY,A,2025-01-17 08:45:00+00:00,long,108.032,107.827,108.237,107.827,SL,-20.5,-205.0,0.01,9614.0
CADJPY,A,2025-01-24 05:15:00+00:00,long,108.69,108.362,109.018,108.362,SL,-32.8,-328.0,0.01,9286.0
CADJPY,A,2025-01-29 06:30:00+00:00,long,107.907,107.832,107.982,107.832,SL,-7.5,-75.0,0.01,9211.0
CADJPY,A,2025-01-30 07:45:00+00:00,short,107.167,107.315,107.019,107.019,TP,14.8,148.0,0.01,9359.0
CADJPY,A,2025-01-31 09:00:00+00:00,long,106.94,106.759,107.121,107.121,TP,18.1,181.0,0.01,9540.0
CADJPY,A,2025-02-05 09:00:00+00:00,short,106.909,107.122,106.696,107.122,SL,-21.3,-213.0,0.01,9327.0
CADJPY,A,2025-02-17 03:15:00+00:00,short,107.135,107.452,106.818,106.818,TP,31.7,317.0,0.01,9644.0
CADJPY,A,2025-02-17 16:15:00+00:00,short,106.734,106.952,106.516,106.952,SL,-21.8,-218.0,0.01,9426.0
CADJPY,A,2025-02-24 03:15:00+00:00,long,104.892,104.705,105.079,105.079,TP,18.7,187.0,0.01,9613.0
CADJPY,A,2025-03-04 17:15:00+00:00,short,102.439,102.991,101.887,102.991,SL,-55.2,-552.0,0.01,9061.0
CADJPY,A,2025-03-05 03:30:00+00:00,long,103.961,103.687,104.235,103.687,SL,-27.4,-274.0,0.01,8787.0
CADJPY,A,2025-03-05 23:00:00+00:00,short,103.79,104.0,103.58,104.0,SL,-21.0,-210.0,0.01,8577.0
CADJPY,A,2025-03-10 03:00:00+00:00,short,102.591,102.792,102.39,102.792,SL,-20.1,-201.0,0.01,8376.0
CADJPY,A,2025-03-11 15:30:00+00:00,long,102.547,102.288,102.806,102.288,SL,-25.9,-259.0,0.01,8117.0
CADJPY,A,2025-03-26 05:30:00+00:00,long,105.348,104.893,105.803,105.803,TP,45.5,455.0,0.01,8572.0
CADJPY,A,2025-03-27 14:00:00+00:00,long,105.646,105.506,105.786,105.506,SL,-14.0,-140.0,0.01,8432.0
CADJPY,A,2025-04-01 04:30:00+00:00,short,104.005,104.341,103.669,103.669,TP,33.6,336.0,0.01,8768.0
CADJPY,A,2025-04-02 02:30:00+00:00,long,104.788,104.335,105.241,104.335,SL,-45.3,-453.0,0.01,8315.0
CADJPY,A,2025-04-08 08:45:00+00:00,long,104.203,103.857,104.549,103.857,SL,-34.6,-346.0,0.01,7969.0
CADJPY,A,2025-04-09 04:00:00+00:00,short,102.102,102.631,101.573,102.631,SL,-52.9,-529.0,0.01,7440.0
CADJPY,A,2025-04-10 19:30:00+00:00,short,103.004,103.445,102.563,103.445,SL,-44.1,-441.0,0.01,6999.0
CADJPY,A,2025-04-16 09:30:00+00:00,short,102.21,102.417,102.003,102.417,SL,-20.7,-207.0,0.01,6792.0
CADJPY,A,2025-04-22 18:45:00+00:00,long,101.807,101.56,102.054,102.054,TP,24.7,247.0,0.01,7039.0
CADJPY,A,2025-04-25 08:15:00+00:00,long,103.508,102.954,104.062,102.954,SL,-55.4,-554.0,0.01,6485.0
CADJPY,A,2025-04-29 05:45:00+00:00,long,102.857,102.627,103.087,103.087,TP,23.0,230.0,0.01,6715.0
CADJPY,A,2025-05-02 22:45:00+00:00,long,104.945,104.719,105.171,104.719,SL,-22.6,-226.0,0.01,6489.0
CADJPY,A,2025-05-09 06:15:00+00:00,short,104.572,104.752,104.392,104.392,TP,18.0,180.0,0.01,6669.0
CADJPY,A,2025-05-15 07:15:00+00:00,short,104.577,104.797,104.357,104.357,TP,22.0,220.0,0.01,6889.0
CADJPY,A,2025-05-21 07:30:00+00:00,short,103.518,103.657,103.379,103.379,TP,13.9,139.0,0.01,7028.0
CADJPY,A,2025-05-30 12:30:00+00:00,long,104.239,104.079,104.399,104.079,SL,-16.0,-160.0,0.01,6868.0
CADJPY,A,2025-06-02 13:30:00+00:00,short,104.359,104.622,104.096,104.096,TP,26.3,263.0,0.01,7131.0
CADJPY,A,2025-06-11 10:30:00+00:00,long,106.118,105.975,106.261,105.975,SL,-14.3,-143.0,0.01,6988.0
CADJPY,A,2025-06-12 04:00:00+00:00,short,105.419,105.656,105.182,105.182,TP,23.7,237.0,0.01,7225.0
CADJPY,A,2025-06-30 16:15:00+00:00,long,105.574,105.345,105.803,105.803,TP,22.9,229.0,0.01,7454.0
CADJPY,A,2025-06-30 19:00:00+00:00,long,105.78,105.461,106.099,105.461,SL,-31.9,-319.0,0.01,7135.0
CADJPY,A,2025-07-01 23:00:00+00:00,long,105.222,104.924,105.52,105.52,TP,29.8,298.0,0.01,7433.0
CADJPY,A,2025-07-03 17:45:00+00:00,long,106.737,106.438,107.036,106.438,SL,-29.9,-299.0,0.01,7134.0
CADJPY,A,2025-07-04 12:30:00+00:00,short,106.183,106.271,106.095,106.095,TP,8.8,88.0,0.01,7222.0
CADJPY,A,2025-07-07 02:30:00+00:00,long,106.196,105.967,106.425,105.967,SL,-22.9,-229.0,0.01,6993.0
CADJPY,A,2025-07-07 17:30:00+00:00,long,106.837,106.329,107.345,107.345,TP,50.8,508.0,0.01,7501.0
CADJPY,A,2025-07-15 17:45:00+00:00,long,108.492,107.838,109.146,107.838,SL,-65.4,-654.0,0.01,6847.0
CADJPY,A,2025-07-29 08:45:00+00:00,short,107.949,108.115,107.783,107.783,TP,16.6,166.0,0.01,7013.0
CADJPY,A,2025-07-31 06:45:00+00:00,short,107.608,107.786,107.43,107.786,SL,-17.8,-178.0,0.01,6835.0
CADJPY,A,2025-07-31 14:00:00+00:00,long,108.258,107.842,108.674,108.674,TP,41.6,416.0,0.01,7251.0
CADJPY,A,2025-08-05 14:15:00+00:00,long,106.954,106.791,107.117,107.117,TP,16.3,163.0,0.01,7414.0
CADJPY,A,2025-08-06 02:45:00+00:00,long,107.173,106.964,107.382,107.382,TP,20.9,209.0,0.01,7623.0
CADJPY,A,2025-08-19 18:45:00+00:00,short,106.626,106.757,106.495,106.495,TP,13.1,131.0,0.01,7754.0
CADJPY,A,2025-08-21 13:45:00+00:00,long,106.49,106.226,106.754,106.226,SL,-26.4,-264.0,0.01,7490.0
CADJPY,A,2025-08-26 18:15:00+00:00,long,106.55,106.344,106.756,106.344,SL,-20.6,-206.0,0.01,7284.0
CADJPY,A,2025-08-27 15:30:00+00:00,long,106.892,106.68,107.104,106.68,SL,-21.2,-212.0,0.01,7072.0
CADJPY,A,2025-09-03 02:45:00+00:00,long,107.739,107.464,108.014,107.464,SL,-27.5,-275.0,0.01,6797.0
CADJPY,A,2025-09-05 02:45:00+00:00,short,107.381,107.511,107.251,107.251,TP,13.0,130.0,0.01,6927.0
CADJPY,A,2025-09-11 10:45:00+00:00,long,106.498,106.374,106.622,106.622,TP,12.4,124.0,0.01,7051.0
CADJPY,A,2025-09-12 23:00:00+00:00,short,106.562,106.755,106.369,106.369,TP,19.3,193.0,0.01,7244.0
CADJPY,A,2025-09-15 23:00:00+00:00,long,107.011,106.408,107.614,106.408,SL,-60.3,-603.0,0.01,6641.0
CADJPY,A,2025-09-24 05:15:00+00:00,long,106.734,106.637,106.831,106.831,TP,9.7,97.0,0.01,6738.0
CADJPY,A,2025-09-29 19:30:00+00:00,long,106.818,106.539,107.097,106.539,SL,-27.9,-279.0,0.01,6459.0
CADJPY,A,2025-10-06 23:45:00+00:00,long,107.774,107.648,107.9,107.9,TP,12.6,126.0,0.01,6585.0
CADJPY,A,2025-10-07 15:15:00+00:00,long,108.081,107.983,108.179,108.179,TP,9.8,98.0,0.01,6683.0
CADJPY,A,2025-10-07 23:45:00+00:00,long,108.858,108.722,108.994,108.994,TP,13.6,136.0,0.01,6819.0
CADJPY,A,2025-10-09 02:15:00+00:00,short,109.336,109.491,109.181,109.491,SL,-15.5,-155.0,0.01,6664.0
CADJPY,A,2025-10-15 06:15:00+00:00,short,107.616,108.195,107.037,107.037,TP,57.9,579.0,0.01,7243.0
CADJPY,A,2025-10-20 09:15:00+00:00,short,107.475,107.773,107.177,107.177,TP,29.8,298.0,0.01,7541.0
CADJPY,A,2025-10-21 11:15:00+00:00,short,107.611,107.897,107.325,107.897,SL,-28.6,-286.0,0.01,7255.0
CADJPY,A,2025-10-24 04:45:00+00:00,long,109.236,108.982,109.49,108.982,SL,-25.4,-254.0,0.01,7001.0
CADJPY,A,2025-10-24 06:30:00+00:00,long,109.108,108.889,109.327,108.889,SL,-21.9,-219.0,0.01,6782.0
CADJPY,A,2025-10-30 22:45:00+00:00,short,110.149,110.325,109.973,109.973,TP,17.6,176.0,0.01,6958.0
CADJPY,A,2025-11-04 12:15:00+00:00,short,109.056,109.336,108.776,108.776,TP,28.0,280.0,0.01,7238.0
CADJPY,A,2025-11-05 05:15:00+00:00,long,108.651,108.319,108.983,108.983,TP,33.2,332.0,0.01,7570.0
CADJPY,A,2025-11-06 03:30:00+00:00,short,109.129,109.325,108.933,108.933,TP,19.6,196.0,0.01,7766.0
CADJPY,A,2025-11-06 11:45:00+00:00,short,109.044,109.27,108.818,108.818,TP,22.6,226.0,0.01,7992.0
CADJPY,A,2025-11-06 22:30:00+00:00,short,108.482,108.616,108.348,108.348,TP,13.4,134.0,0.01,8126.0
CADJPY,A,2025-11-10 08:30:00+00:00,long,109.778,109.583,109.973,109.973,TP,19.5,195.0,0.01,8321.0
CADJPY,A,2025-11-12 19:15:00+00:00,short,110.431,110.64,110.222,110.222,TP,20.9,209.0,0.01,8530.0
CADJPY,A,2025-11-18 08:45:00+00:00,short,110.34,110.494,110.186,110.494,SL,-15.4,-154.0,0.01,8376.0
CADJPY,A,2025-11-18 14:45:00+00:00,long,110.634,110.161,111.107,111.107,TP,47.3,473.0,0.01,8849.0
CADJPY,A,2025-11-24 07:45:00+00:00,short,111.09,111.161,111.019,111.161,SL,-7.1,-71.0,0.01,8778.0
CADJPY,A,2025-11-25 16:15:00+00:00,short,110.68,110.94,110.42,110.94,SL,-26.0,-260.0,0.01,8518.0
CADJPY,A,2025-11-27 05:45:00+00:00,short,111.21,111.383,111.037,111.383,SL,-17.3,-173.0,0.01,8345.0
CADJPY,A,2025-11-27 15:00:00+00:00,long,111.343,111.205,111.481,111.481,TP,13.8,138.0,0.01,8483.0
CADJPY,A,2025-12-01 11:15:00+00:00,short,111.167,111.362,110.972,110.972,TP,19.5,195.0,0.01,8678.0
CADJPY,A,2025-12-01 16:00:00+00:00,short,110.941,111.086,110.796,111.086,SL,-14.5,-145.0,0.01,8533.0
CADJPY,A,2025-12-08 19:00:00+00:00,short,112.583,112.855,112.311,112.855,SL,-27.2,-272.0,0.01,8261.0
CADJPY,A,2025-12-16 17:45:00+00:00,short,112.504,112.802,112.206,112.802,SL,-29.8,-298.0,0.01,7963.0
CADJPY,A,2025-12-22 12:00:00+00:00,long,114.314,113.969,114.659,113.969,SL,-34.5,-345.0,0.01,7618.0
CADJPY,A,2025-12-24 07:15:00+00:00,short,113.869,114.082,113.656,114.082,SL,-21.3,-213.0,0.01,7405.0
USDCHF,A,2025-01-02 15:45:00+00:00,long,0.90813,0.90665,0.90961,0.90961,TP,14.8,100.64,0.68,10100.64
USDCHF,A,2025-01-06 08:45:00+00:00,short,0.90976,0.91051,0.90901,0.90901,TP,7.5,101.25,1.35,10201.89
USDCHF,A,2025-01-06 17:00:00+00:00,short,0.90502,0.90716,0.90288,0.90288,TP,21.4,102.72,0.48,10304.61
USDCHF,A,2025-01-07 10:15:00+00:00,short,0.90443,0.90574,0.90312,0.90574,SL,-13.1,-103.49,0.79,10201.12
USDCHF,A,2025-01-08 13:00:00+00:00,long,0.91156,0.90834,0.91478,0.91478,TP,32.2,103.04,0.32,10304.16
USDCHF,A,2025-01-13 06:00:00+00:00,long,0.91726,0.91575,0.91877,0.91575,SL,-15.1,-102.68,0.68,10201.48
USDCHF,A,2025-01-14 06:15:00+00:00,long,0.91587,0.91531,0.91643,0.91531,SL,-5.6,-101.92,1.82,10099.56
USDCHF,A,2025-01-15 17:15:00+00:00,long,0.91072,0.90752,0.91392,0.91392,TP,32.0,102.4,0.32,10201.96
USDCHF,A,2025-01-23 19:30:00+00:00,long,0.90709,0.90632,0.90786,0.90632,SL,-7.7,-101.64,1.32,10100.32
USDCHF,A,2025-01-23 23:15:00+00:00,long,0.90732,0.90591,0.90873,0.90591,SL,-14.1,-101.52,0.72,9998.8
USDCHF,A,2025-01-29 15:30:00+00:00,long,0.90748,0.90511,0.90985,0.90511,SL,-23.7,-99.54,0.42,9899.26
USDCHF,A,2025-01-30 22:30:00+00:00,short,0.90825,0.90966,0.90684,0.90966,SL,-14.1,-98.7,0.7,9800.56
USDCHF,A,2025-02-04 23:45:00+00:00,short,0.90507,0.90673,0.90341,0.90341,TP,16.6,97.94,0.59,9898.5
USDCHF,A,2025-02-06 07:30:00+00:00,long,0.90291,0.90166,0.90416,0.90416,TP,12.5,98.75,0.79,9997.25
USDCHF,A,2025-02-06 13:15:00+00:00,long,0.90511,0.90426,0.90596,0.90596,TP,8.5,100.3,1.18,10097.55
USDCHF,A,2025-02-06 16:30:00+00:00,long,0.90545,0.90401,0.90689,0.90401,SL,-14.4,-100.8,0.7,9996.75
USDCHF,A,2025-02-11 13:45:00+00:00,long,0.91268,0.91099,0.91437,0.91099,SL,-16.9,-99.71,0.59,9897.04
USDCHF,A,2025-02-14 23:30:00+00:00,long,0.8995,0.8976,0.9014,0.8976,SL,-19.0,-98.8,0.52,9798.24
USDCHF,A,2025-02-18 07:00:00+00:00,long,0.90292,0.90097,0.90487,0.90097,SL,-19.5,-97.5,0.5,9700.74
USDCHF,A,2025-02-18 11:45:00+00:00,long,0.90055,0.899,0.9021,0.9021,TP,15.5,97.65,0.63,9798.39
USDCHF,A,2025-02-24 09:30:00+00:00,long,0.89674,0.89534,0.89814,0.89814,TP,14.0,98.0,0.7,9896.39
USDCHF,A,2025-02-25 16:00:00+00:00,short,0.89373,0.89739,0.89007,0.89739,SL,-36.6,-98.82,0.27,9797.57
USDCHF,A,2025-02-28 10:30:00+00:00,long,0.90136,0.89847,0.90425,0.89847,SL,-28.9,-98.26,0.34,9699.31
USDCHF,A,2025-03-03 22:30:00+00:00,short,0.89641,0.89834,0.89448,0.89448,TP,19.3,96.5,0.5,9795.81
USDCHF,A,2025-03-04 11:00:00+00:00,short,0.89254,0.89642,0.88866,0.88866,TP,38.8,97.0,0.25,9892.81
USDCHF,A,2025-03-05 22:30:00+00:00,long,0.89076,0.88984,0.89168,0.88984,SL,-9.2,-99.36,1.08,9793.45
USDCHF,A,2025-03-07 08:00:00+00:00,short,0.88167,0.88292,0.88042,0.88042,TP,12.5,97.5,0.78,9890.95
USDCHF,A,2025-03-07 13:00:00+00:00,short,0.87893,0.88132,0.87654,0.88132,SL,-23.9,-97.99,0.41,9792.96
USDCHF,A,2025-03-11 06:15:00+00:00,short,0.87917,0.88011,0.87823,0.88011,SL,-9.4,-97.76,1.04,9695.2
USDCHF,A,2025-03-13 23:00:00+00:00,short,0.88207,0.88388,0.88026,0.88388,SL,-18.1,-97.74,0.54,9597.46
USDCHF,A,2025-03-18 05:00:00+00:00,long,0.88123,0.88026,0.8822,0.88026,SL,-9.7,-96.03,0.99,9501.43
USDCHF,A,2025-03-21 07:15:00+00:00,long,0.88375,0.8816,0.8859,0.8816,SL,-21.5,-94.6,0.44,9406.83
USDCHF,A,2025-04-02 19:00:00+00:00,short,0.88216,0.8839,0.88042,0.8839,SL,-17.4,-93.96,0.54,9312.87
USDCHF,A,2025-04-04 08:30:00+00:00,short,0.85463,0.86003,0.84923,0.84923,TP,54.0,91.8,0.17,9404.67
USDCHF,A,2025-04-09 04:45:00+00:00,short,0.84434,0.84669,0.84199,0.84199,TP,23.5,94.0,0.4,9498.67
USDCHF,A,2025-04-10 19:30:00+00:00,short,0.82785,0.84035,0.81535,0.81535,TP,125.0,100.0,0.08,9598.67
USDCHF,A,2025-04-23 23:45:00+00:00,long,0.8302,0.82845,0.83195,0.82845,SL,-17.5,-96.25,0.55,9502.42
USDCHF,A,2025-04-29 08:00:00+00:00,long,0.82426,0.82071,0.82781,0.82781,TP,35.5,95.85,0.27,9598.27
USDCHF,A,2025-05-06 22:30:00+00:00,short,0.8214,0.82577,0.81703,0.82577,SL,-43.7,-96.14,0.22,9502.13
USDCHF,A,2025-05-08 23:15:00+00:00,long,0.83129,0.83,0.83258,0.83,SL,-12.9,-95.46,0.74,9406.67
USDCHF,A,2025-05-09 12:00:00+00:00,short,0.83032,0.83166,0.82898,0.83166,SL,-13.4,-93.8,0.7,9312.87
USDCHF,A,2025-05-12 12:15:00+00:00,long,0.8416,0.83262,0.85058,0.83262,SL,-89.8,-89.8,0.1,9223.07
USDCHF,A,2025-05-14 22:15:00+00:00,long,0.84265,0.83985,0.84545,0.83985,SL,-28.0,-92.4,0.33,9130.67
USDCHF,A,2025-05-21 04:15:00+00:00,short,0.82584,0.82841,0.82327,0.82327,TP,25.7,92.52,0.36,9223.19
USDCHF,A,2025-05-22 08:00:00+00:00,short,0.82462,0.82526,0.82398,0.82526,SL,-6.4,-92.16,1.44,9131.03
USDCHF,A,2025-05-22 12:00:00+00:00,long,0.82595,0.82361,0.82829,0.82829,TP,23.4,91.26,0.39,9222.29
USDCHF,A,2025-05-23 08:30:00+00:00,short,0.82651,0.8274,0.82562,0.82562,TP,8.9,92.56,1.04,9314.85
USDCHF,A,2025-05-26 11:30:00+00:00,long,0.82125,0.81937,0.82313,0.82313,TP,18.8,94.0,0.5,9408.85
USDCHF,A,2025-05-27 19:15:00+00:00,long,0.82689,0.82394,0.82984,0.82984,TP,29.5,94.4,0.32,9503.25
USDCHF,A,2025-06-03 18:00:00+00:00,long,0.82283,0.8211,0.82456,0.82456,TP,17.3,95.15,0.55,9598.4
USDCHF,A,2025-06-05 11:45:00+00:00,long,0.82041,0.81806,0.82276,0.81806,SL,-23.5,-96.35,0.41,9502.05
USDCHF,A,2025-06-12 17:00:00+00:00,short,0.81256,0.81783,0.80729,0.80729,TP,52.7,94.86,0.18,9596.91
USDCHF,A,2025-06-13 18:45:00+00:00,short,0.81181,0.81441,0.80921,0.80921,TP,26.0,96.2,0.37,9693.11
USDCHF,A,2025-06-18 10:30:00+00:00,long,0.81644,0.81475,0.81813,0.81813,TP,16.9,96.33,0.57,9789.44
USDCHF,A,2025-06-19 10:15:00+00:00,long,0.82088,0.81878,0.82298,0.81878,SL,-21.0,-98.7,0.47,9690.74
USDCHF,A,2025-06-19 13:45:00+00:00,long,0.81776,0.81499,0.82053,0.81499,SL,-27.7,-96.95,0.35,9593.79
USDCHF,A,2025-06-20 15:30:00+00:00,long,0.81745,0.8161,0.8188,0.8161,SL,-13.5,-95.85,0.71,9497.94
USDCHF,A,2025-06-23 04:30:00+00:00,long,0.81874,0.81672,0.82076,0.81672,SL,-20.2,-94.94,0.47,9403.0
USDCHF,A,2025-06-25 08:30:00+00:00,long,0.80504,0.80439,0.80569,0.80439,SL,-6.5,-94.25,1.45,9308.75
USDCHF,A,2025-06-26 13:30:00+00:00,short,0.80037,0.8012,0.79954,0.8012,SL,-8.3,-92.96,1.12,9215.79
USDCHF,A,2025-07-04 14:45:00+00:00,short,0.79361,0.79437,0.79285,0.79285,TP,7.6,91.96,1.21,9307.75
USDCHF,A,2025-07-09 15:30:00+00:00,short,0.79648,0.79792,0.79504,0.79504,TP,14.4,93.6,0.65,9401.35
USDCHF,A,2025-07-10 04:45:00+00:00,short,0.79263,0.79415,0.79111,0.79415,SL,-15.2,-94.24,0.62,9307.11
USDCHF,A,2025-07-11 09:45:00+00:00,short,0.79735,0.79835,0.79635,0.79635,TP,10.0,93.0,0.93,9400.11
USDCHF,A,2025-07-16 17:00:00+00:00,long,0.80494,0.80194,0.80794,0.80194,SL,-30.0,-93.0,0.31,9307.11
USDCHF,A,2025-07-17 13:15:00+00:00,long,0.80426,0.80231,0.80621,0.80621,TP,19.5,93.6,0.48,9400.71
USDCHF,A,2025-07-18 05:00:00+00:00,short,0.80275,0.80356,0.80194,0.80356,SL,-8.1,-93.96,1.16,9306.75
USDCHF,A,2025-07-18 12:45:00+00:00,long,0.80245,0.8009,0.804,0.8009,SL,-15.5,-93.0,0.6,9213.75
USDCHF,A,2025-07-24 16:00:00+00:00,long,0.79451,0.79321,0.79581,0.79321,SL,-13.0,-92.3,0.71,9121.45
USDCHF,A,2025-07-28 15:00:00+00:00,long,0.80042,0.79496,0.80588,0.80588,TP,54.6,92.82,0.17,9214.27
USDCHF,A,2025-07-31 08:30:00+00:00,short,0.81221,0.81473,0.80969,0.81473,SL,-25.2,-93.24,0.37,9121.03
USDCHF,A,2025-08-05 08:15:00+00:00,long,0.80961,0.80769,0.81153,0.81153,TP,19.2,92.16,0.48,9213.19
USDCHF,A,2025-08-07 10:30:00+00:00,short,0.80453,0.80617,0.80289,0.80617,SL,-16.4,-91.84,0.56,9121.35
USDCHF,A,2025-08-21 08:30:00+00:00,long,0.80494,0.8042,0.80568,0.80568,TP,7.4,91.02,1.23,9212.37
USDCHF,A,2025-08-22 09:30:00+00:00,long,0.80976,0.8084,0.81112,0.8084,SL,-13.6,-92.48,0.68,9119.89
USDCHF,A,2025-08-26 19:30:00+00:00,short,0.80282,0.80543,0.80021,0.80543,SL,-26.1,-91.35,0.35,9028.54
USDCHF,A,2025-08-29 05:45:00+00:00,long,0.8029,0.80091,0.80489,0.80091,SL,-19.9,-89.55,0.45,8938.99
USDCHF,A,2025-09-03 13:00:00+00:00,short,0.80373,0.80719,0.80027,0.80027,TP,34.6,89.96,0.26,9028.95
USDCHF,A,2025-09-05 17:30:00+00:00,short,0.79865,0.8044,0.7929,0.7929,TP,57.5,92.0,0.16,9120.95
USDCHF,A,2025-09-09 05:45:00+00:00,short,0.79251,0.79329,0.79173,0.79173,TP,7.8,91.26,1.17,9212.21
USDCHF,A,2025-09-12 07:00:00+00:00,long,0.79668,0.79541,0.79795,0.79795,TP,12.7,92.71,0.73,9304.92
USDCHF,A,2025-09-15 11:15:00+00:00,short,0.79623,0.79774,0.79472,0.79472,TP,15.1,93.62,0.62,9398.54
USDCHF,A,2025-09-16 03:00:00+00:00,long,0.7947,0.79331,0.79609,0.79331,SL,-13.9,-94.52,0.68,9304.02
USDCHF,A,2025-09-17 08:00:00+00:00,long,0.78683,0.78601,0.78765,0.78765,TP,8.2,92.66,1.13,9396.68
USDCHF,A,2025-09-18 08:30:00+00:00,long,0.79022,0.78829,0.79215,0.78829,SL,-19.3,-94.57,0.49,9302.11
USDCHF,A,2025-09-18 14:00:00+00:00,short,0.78826,0.78902,0.7875,0.78902,SL,-7.6,-92.72,1.22,9209.39
USDCHF,A,2025-09-22 04:00:00+00:00,long,0.79643,0.79152,0.80134,0.79152,SL,-49.1,-93.29,0.19,9116.1
USDCHF,A,2025-09-25 19:30:00+00:00,long,0.80023,0.79725,0.80321,0.79725,SL,-29.8,-92.38,0.31,9023.72
USDCHF,A,2025-09-29 12:00:00+00:00,short,0.7959,0.79738,0.79442,0.79738,SL,-14.8,-90.28,0.61,8933.44
USDCHF,A,2025-10-03 09:00:00+00:00,long,0.7975,0.79674,0.79826,0.79674,SL,-7.6,-89.68,1.18,8843.76
USDCHF,A,2025-10-06 06:00:00+00:00,short,0.79589,0.79759,0.79419,0.79759,SL,-17.0,-88.4,0.52,8755.36
USDCHF,A,2025-10-07 15:00:00+00:00,long,0.79837,0.7964,0.80034,0.80034,TP,19.7,86.68,0.44,8842.04
USDCHF,A,2025-10-08 06:30:00+00:00,long,0.80063,0.79825,0.80301,0.80301,TP,23.8,88.06,0.37,8930.1
USDCHF,A,2025-10-10 13:30:00+00:00,short,0.80564,0.80639,0.80489,0.80639,SL,-7.5,-89.25,1.19,8840.85
USDCHF,A,2025-10-17 05:45:00+00:00,short,0.7906,0.79233,0.78887,0.78887,TP,17.3,88.23,0.51,8929.08
USDCHF,A,2025-10-22 04:15:00+00:00,short,0.79577,0.79737,0.79417,0.79737,SL,-16.0,-89.6,0.56,8839.48
USDCHF,A,2025-10-31 07:15:00+00:00,long,0.80185,0.80036,0.80334,0.80334,TP,14.9,87.91,0.59,8927.39
USDCHF,A,2025-11-03 07:30:00+00:00,short,0.80453,0.80542,0.80364,0.80542,SL,-8.9,-89.0,1.0,8838.39
USDCHF,A,2025-11-04 19:00:00+00:00,long,0.809,0.80767,0.81033,0.81033,TP,13.3,87.78,0.66,8926.17
USDCHF,A,2025-11-06 10:45:00+00:00,short,0.80873,0.81019,0.80727,0.80727,TP,14.6,89.06,0.61,9015.23
USDCHF,A,2025-11-07 15:30:00+00:00,short,0.80511,0.80668,0.80354,0.80354,TP,15.7,89.49,0.57,9104.72
USDCHF,A,2025-11-11 13:15:00+00:00,short,0.80185,0.80381,0.79989,0.79989,TP,19.6,90.16,0.46,9194.88
USDCHF,A,2025-11-12 18:15:00+00:00,short,0.7969,0.80006,0.79374,0.79374,TP,31.6,91.64,0.29,9286.52
USDCHF,A,2025-11-19 23:15:00+00:00,long,0.80621,0.80398,0.80844,0.80398,SL,-22.3,-93.66,0.42,9192.86
USDCHF,A,2025-11-21 18:45:00+00:00,long,0.80869,0.80569,0.81169,0.80569,SL,-30.0,-93.0,0.31,9099.86
USDCHF,A,2025-11-27 03:00:00+00:00,short,0.80305,0.80484,0.80126,0.80484,SL,-17.9,-91.29,0.51,9008.57
USDCHF,A,2025-11-27 15:00:00+00:00,long,0.80564,0.805,0.80628,0.805,SL,-6.4,-90.24,1.41,8918.33
USDCHF,A,2025-12-03 09:30:00+00:00,short,0.80158,0.80249,0.80067,0.80249,SL,-9.1,-89.18,0.98,8829.15
USDCHF,A,2025-12-04 09:30:00+00:00,long,0.80093,0.79999,0.80187,0.79999,SL,-9.4,-88.36,0.94,8740.79
USDCHF,A,2025-12-04 22:15:00+00:00,long,0.80334,0.80177,0.80491,0.80491,TP,15.7,87.92,0.56,8828.71
USDCHF,A,2025-12-08 03:45:00+00:00,short,0.80365,0.80541,0.80189,0.80541,SL,-17.6,-88.0,0.5,8740.71
USDCHF,A,2025-12-08 19:00:00+00:00,long,0.80771,0.80481,0.81061,0.80481,SL,-29.0,-87.0,0.3,8653.71
USDCHF,A,2025-12-19 05:00:00+00:00,long,0.79474,0.79387,0.79561,0.79561,TP,8.7,86.13,0.99,8739.84
USDCHF,A,2025-12-19 19:15:00+00:00,long,0.79521,0.79354,0.79688,0.79354,SL,-16.7,-86.84,0.52,8653.0
USDCHF,A,2025-12-22 19:45:00+00:00,short,0.79181,0.79321,0.79041,0.79041,TP,14.0,86.8,0.62,8739.8
USDCHF,A,2025-12-30 08:30:00+00:00,short,0.78841,0.78925,0.78757,0.78925,SL,-8.4,-87.36,1.04,8652.44
USDJPY,A,2025-01-02 11:00:00+00:00,short,156.832,157.259,156.405,157.259,SL,-42.7,-427.0,0.01,9573.0
USDJPY,A,2025-01-10 08:30:00+00:00,long,158.311,158.131,158.491,158.131,SL,-18.0,-180.0,0.01,9393.0
USDJPY,A,2025-01-15 12:00:00+00:00,short,156.908,157.259,156.557,156.557,TP,35.1,351.0,0.01,9744.0
USDJPY,A,2025-01-15 17:15:00+00:00,long,156.303,155.898,156.708,156.708,TP,40.5,405.0,0.01,10149.0
USDJPY,A,2025-01-17 09:45:00+00:00,long,155.586,155.313,155.859,155.859,TP,27.3,273.0,0.01,10422.0
USDJPY,A,2025-01-20 13:45:00+00:00,long,156.365,155.901,156.829,155.901,SL,-46.4,-464.0,0.01,9958.0
USDJPY,A,2025-01-23 16:00:00+00:00,short,156.276,156.646,155.906,155.906,TP,37.0,370.0,0.01,10328.0
USDJPY,A,2025-01-24 04:15:00+00:00,long,156.18,155.958,156.402,155.958,SL,-22.2,-222.0,0.01,10106.0
USDJPY,A,2025-02-04 19:00:00+00:00,short,154.576,155.437,153.715,153.715,TP,86.1,861.0,0.01,10967.0
USDJPY,A,2025-02-05 23:30:00+00:00,long,152.63,152.195,153.065,152.195,SL,-43.5,-435.0,0.01,10532.0
USDJPY,A,2025-02-07 09:30:00+00:00,long,151.748,151.538,151.958,151.958,TP,21.0,210.0,0.01,10742.0
USDJPY,A,2025-02-07 13:00:00+00:00,long,152.121,151.646,152.596,151.646,SL,-47.5,-475.0,0.01,10267.0
USDJPY,A,2025-02-17 16:15:00+00:00,short,151.453,151.577,151.329,151.577,SL,-12.4,-124.0,0.01,10143.0
USDJPY,A,2025-02-18 07:00:00+00:00,long,152.146,151.183,153.109,151.183,SL,-96.3,-963.0,0.01,9180.0
USDJPY,A,2025-03-03 13:15:00+00:00,long,150.855,149.896,151.814,149.896,SL,-95.9,-959.0,0.01,8221.0
USDJPY,A,2025-03-04 15:00:00+00:00,short,148.33,149.124,147.536,149.124,SL,-79.4,-794.0,0.01,7427.0
USDJPY,A,2025-03-07 17:00:00+00:00,long,147.453,147.152,147.754,147.152,SL,-30.1,-301.0,0.01,7126.0
USDJPY,A,2025-03-10 03:45:00+00:00,short,147.332,147.696,146.968,147.696,SL,-36.4,-364.0,0.01,6762.0
USDJPY,A,2025-03-11 14:30:00+00:00,long,147.39,146.708,148.072,148.072,TP,68.2,682.0,0.01,7444.0
USDJPY,A,2025-03-14 09:00:00+00:00,long,148.622,148.38,148.864,148.864,TP,24.2,242.0,0.01,7686.0
USDJPY,A,2025-03-18 06:30:00+00:00,long,149.611,149.348,149.874,149.874,TP,26.3,263.0,0.01,7949.0
USDJPY,A,2025-03-20 04:00:00+00:00,short,148.272,148.923,147.621,148.923,SL,-65.1,-651.0,0.01,7298.0
USDJPY,A,2025-03-21 10:15:00+00:00,long,149.33,149.194,149.466,149.466,TP,13.6,136.0,0.01,7434.0
USDJPY,A,2025-03-27 14:15:00+00:00,long,150.832,150.467,151.197,151.197,TP,36.5,365.0,0.01,7799.0
USDJPY,A,2025-03-31 17:45:00+00:00,long,149.673,149.347,149.999,149.999,TP,32.6,326.0,0.01,8125.0
USDJPY,A,2025-04-01 04:15:00+00:00,short,149.707,150.026,149.388,149.388,TP,31.9,319.0,0.01,8444.0
USDJPY,A,2025-04-03 07:00:00+00:00,short,147.305,147.83,146.78,146.78,TP,52.5,525.0,0.01,8969.0
USDJPY,A,2025-04-15 12:45:00+00:00,short,142.878,143.55,142.206,142.206,TP,67.2,672.0,0.01,9641.0
USDJPY,A,2025-04-16 11:15:00+00:00,short,142.281,142.551,142.011,142.551,SL,-27.0,-270.0,0.01,9371.0
USDJPY,A,2025-05-01 10:30:00+00:00,long,144.385,142.903,145.867,145.867,TP,148.2,1482.0,0.01,10853.0
USDJPY,A,2025-05-12 23:15:00+00:00,long,148.397,148.208,148.586,148.208,SL,-18.9,-189.0,0.01,10664.0
USDJPY,A,2025-05-15 07:15:00+00:00,short,146.062,146.397,145.727,145.727,TP,33.5,335.0,0.01,10999.0
USDJPY,A,2025-05-16 18:30:00+00:00,long,145.938,145.342,146.534,145.342,SL,-59.6,-596.0,0.01,10403.0
USDJPY,A,2025-05-21 07:30:00+00:00,short,143.825,144.392,143.258,144.392,SL,-56.7,-567.0,0.01,9836.0
USDJPY,A,2025-05-23 10:30:00+00:00,short,143.345,143.606,143.084,143.084,TP,26.1,261.0,0.01,10097.0
USDJPY,A,2025-05-27 13:45:00+00:00,long,144.047,143.561,144.533,144.533,TP,48.6,486.0,0.01,10583.0
USDJPY,A,2025-05-29 05:45:00+00:00,short,145.781,146.326,145.236,145.236,TP,54.5,545.0,0.01,11128.0
USDJPY,A,2025-05-30 04:30:00+00:00,short,143.744,144.133,143.355,144.133,SL,-38.9,-389.0,0.01,10739.0
USDJPY,A,2025-06-02 05:45:00+00:00,short,143.547,144.028,143.066,143.066,TP,48.1,481.0,0.01,11220.0
USDJPY,A,2025-06-02 14:30:00+00:00,short,142.686,143.016,142.356,143.016,SL,-33.0,-330.0,0.01,10890.0
USDJPY,A,2025-06-03 22:45:00+00:00,long,143.971,143.78,144.162,143.78,SL,-19.1,-191.0,0.01,10699.0
USDJPY,A,2025-06-04 10:00:00+00:00,long,143.936,143.778,144.094,144.094,TP,15.8,158.0,0.01,10857.0
USDJPY,A,2025-06-09 23:45:00+00:00,long,144.591,144.332,144.85,144.85,TP,25.9,259.0,0.01,11116.0
USDJPY,A,2025-06-12 04:30:00+00:00,short,143.902,144.386,143.418,143.418,TP,48.4,484.0,0.01,11600.0
USDJPY,A,2025-06-16 05:45:00+00:00,long,144.429,144.103,144.755,144.103,SL,-32.6,-326.0,0.01,11274.0
USDJPY,A,2025-06-19 14:15:00+00:00,long,145.605,145.192,146.018,145.192,SL,-41.3,-413.0,0.01,10861.0
USDJPY,A,2025-06-23 05:00:00+00:00,long,146.506,146.084,146.928,146.928,TP,42.2,422.0,0.01,11283.0
USDJPY,A,2025-06-24 14:45:00+00:00,short,144.935,145.186,144.684,145.186,SL,-25.1,-251.0,0.01,11032.0
USDJPY,A,2025-06-25 14:00:00+00:00,long,145.697,145.489,145.905,145.905,TP,20.8,208.0,0.01,11240.0
USDJPY,A,2025-06-25 16:15:00+00:00,long,145.872,145.643,146.101,145.643,SL,-22.9,-229.0,0.01,11011.0
USDJPY,A,2025-07-04 12:30:00+00:00,short,144.307,144.467,144.147,144.467,SL,-16.0,-160.0,0.01,10851.0
USDJPY,A,2025-07-08 12:15:00+00:00,long,146.104,145.94,146.268,146.268,TP,16.4,164.0,0.01,11015.0
USDJPY,A,2025-07-10 17:45:00+00:00,long,146.487,146.148,146.826,146.148,SL,-33.9,-339.0,0.01,10676.0
USDJPY,A,2025-07-15 02:45:00+00:00,long,147.776,147.623,147.929,147.623,SL,-15.3,-153.0,0.01,10523.0
USDJPY,A,2025-07-15 18:45:00+00:00,long,148.9,148.732,149.068,148.732,SL,-16.8,-168.0,0.01,10355.0
USDJPY,A,2025-07-21 19:00:00+00:00,short,147.316,147.552,147.08,147.08,TP,23.6,236.0,0.01,10591.0
USDJPY,A,2025-07-25 14:30:00+00:00,long,147.786,147.608,147.964,147.608,SL,-17.8,-178.0,0.01,10413.0
USDJPY,A,2025-07-28 14:00:00+00:00,long,148.339,148.168,148.51,148.168,SL,-17.1,-171.0,0.01,10242.0
USDJPY,A,2025-07-29 13:15:00+00:00,long,148.498,148.298,148.698,148.698,TP,20.0,200.0,0.01,10442.0
USDJPY,A,2025-07-31 07:00:00+00:00,short,148.826,149.035,148.617,149.035,SL,-20.9,-209.0,0.01,10233.0
USDJPY,A,2025-08-01 06:00:00+00:00,long,150.752,150.574,150.93,150.574,SL,-17.8,-178.0,0.01,10055.0
USDJPY,A,2025-08-06 12:15:00+00:00,long,147.758,147.481,148.035,147.481,SL,-27.7,-277.0,0.01,9778.0
USDJPY,A,2025-08-13 12:30:00+00:00,short,147.231,147.577,146.885,146.885,TP,34.6,346.0,0.01,10124.0
USDJPY,A,2025-08-14 13:15:00+00:00,long,146.557,146.366,146.748,146.748,TP,19.1,191.0,0.01,10315.0
USDJPY,A,2025-08-19 03:00:00+00:00,long,147.892,147.623,148.161,147.623,SL,-26.9,-269.0,0.01,10046.0
USDJPY,A,2025-08-26 19:45:00+00:00,short,147.285,147.763,146.807,147.763,SL,-47.8,-478.0,0.01,9568.0
USDJPY,A,2025-08-29 03:45:00+00:00,long,146.831,146.641,147.021,147.021,TP,19.0,190.0,0.01,9758.0
USDJPY,A,2025-09-01 05:15:00+00:00,long,147.132,146.886,147.378,146.886,SL,-24.6,-246.0,0.01,9512.0
USDJPY,A,2025-09-01 19:45:00+00:00,long,147.218,146.881,147.555,147.555,TP,33.7,337.0,0.01,9849.0
USDJPY,A,2025-09-12 06:30:00+00:00,long,147.441,147.117,147.765,147.765,TP,32.4,324.0,0.01,10173.0
USDJPY,A,2025-09-16 18:45:00+00:00,long,146.606,146.451,146.761,146.451,SL,-15.5,-155.0,0.01,10018.0
USDJPY,A,2025-09-19 23:15:00+00:00,long,147.96,147.794,148.126,148.126,TP,16.6,166.0,0.01,10184.0
USDJPY,A,2025-09-22 07:45:00+00:00,long,148.313,148.253,148.373,148.253,SL,-6.0,-120.0,0.02,10064.0
USDJPY,A,2025-09-24 16:45:00+00:00,long,148.704,148.163,149.245,149.245,TP,54.1,541.0,0.01,10605.0
USDJPY,A,2025-09-25 18:45:00+00:00,long,149.771,149.091,150.451,149.091,SL,-68.0,-680.0,0.01,9925.0
USDJPY,A,2025-09-29 23:15:00+00:00,long,148.649,148.508,148.79,148.508,SL,-14.1,-141.0,0.01,9784.0
USDJPY,A,2025-10-01 10:15:00+00:00,short,147.211,148.049,146.373,148.049,SL,-83.8,-838.0,0.01,8946.0
USDJPY,A,2025-10-06 03:45:00+00:00,long,149.618,149.17,150.066,150.066,TP,44.8,448.0,0.01,9394.0
USDJPY,A,2025-10-07 17:15:00+00:00,long,150.958,150.683,151.233,151.233,TP,27.5,275.0,0.01,9669.0
USDJPY,A,2025-10-07 23:45:00+00:00,long,151.926,151.694,152.158,152.158,TP,23.2,232.0,0.01,9901.0
USDJPY,A,2025-10-08 03:30:00+00:00,long,152.283,151.745,152.821,152.821,TP,53.8,538.0,0.01,10439.0
USDJPY,A,2025-10-14 10:15:00+00:00,short,151.874,151.995,151.753,151.995,SL,-12.1,-121.0,0.01,10318.0
USDJPY,A,2025-10-16 14:30:00+00:00,long,151.255,151.112,151.398,151.112,SL,-14.3,-143.0,0.01,10175.0
USDJPY,A,2025-10-16 22:30:00+00:00,short,150.312,150.471,150.153,150.153,TP,15.9,159.0,0.01,10334.0
USDJPY,A,2025-10-22 17:45:00+00:00,long,151.894,151.676,152.112,151.676,SL,-21.8,-218.0,0.01,10116.0
USDJPY,A,2025-10-23 07:15:00+00:00,long,152.49,152.345,152.635,152.345,SL,-14.5,-145.0,0.01,9971.0
USDJPY,A,2025-10-27 22:15:00+00:00,short,152.885,153.143,152.627,152.627,TP,25.8,258.0,0.01,10229.0
USDJPY,A,2025-10-30 05:15:00+00:00,short,152.569,152.997,152.141,152.997,SL,-42.8,-428.0,0.01,9801.0
USDJPY,A,2025-11-06 04:30:00+00:00,short,153.921,154.19,153.652,153.652,TP,26.9,269.0,0.01,10070.0
USDJPY,A,2025-11-19 11:30:00+00:00,long,155.609,155.358,155.86,155.86,TP,25.1,251.0,0.01,10321.0
USDJPY,A,2025-11-21 14:15:00+00:00,short,156.853,156.941,156.765,156.765,TP,8.8,88.0,0.01,10409.0
USDJPY,A,2025-11-25 16:15:00+00:00,short,156.204,156.558,155.85,155.85,TP,35.4,354.0,0.01,10763.0
USDJPY,A,2025-11-26 09:00:00+00:00,long,156.199,155.6,156.798,155.6,SL,-59.9,-599.0,0.01,10164.0
USDJPY,A,2025-12-03 05:30:00+00:00,short,155.699,155.854,155.544,155.544,TP,15.5,155.0,0.01,10319.0
USDJPY,A,2025-12-08 11:30:00+00:00,long,155.415,155.117,155.713,155.713,TP,29.8,298.0,0.01,10617.0
USDJPY,A,2025-12-10 17:45:00+00:00,short,156.484,156.678,156.29,156.29,TP,19.4,194.0,0.01,10811.0
USDJPY,A,2025-12-15 10:45:00+00:00,short,155.171,155.342,155.0,155.0,TP,17.1,171.0,0.01,10982.0
USDJPY,A,2025-12-16 07:45:00+00:00,short,154.799,154.966,154.632,154.966,SL,-16.7,-167.0,0.01,10815.0
USDJPY,A,2025-12-17 17:45:00+00:00,short,155.455,155.681,155.229,155.681,SL,-22.6,-226.0,0.01,10589.0
USDJPY,A,2025-12-19 07:00:00+00:00,long,156.03,155.684,156.376,156.376,TP,34.6,346.0,0.01,10935.0
USDJPY,A,2025-12-23 09:45:00+00:00,short,156.081,156.237,155.925,155.925,TP,15.6,156.0,0.01,11091.0
USDJPY,A,2025-12-24 05:00:00+00:00,short,155.814,156.33,155.298,156.33,SL,-51.6,-516.0,0.01,10575.0
USDJPY,A,2025-12-29 18:45:00+00:00,short,156.111,156.454,155.768,155.768,TP,34.3,343.0,0.01,10918.0
AUDUSD,A,2025-01-02 09:00:00+00:00,short,0.62145,0.62241,0.62049,0.62049,TP,9.6,99.84,1.04,10099.84
AUDUSD,A,2025-01-03 03:15:00+00:00,long,0.62101,0.61946,0.62256,0.62256,TP,15.5,100.75,0.65,10200.59
AUDUSD,A,2025-01-08 11:30:00+00:00,short,0.62199,0.62365,0.62033,0.62033,TP,16.6,101.26,0.61,10301.85
AUDUSD,A,2025-01-09 12:00:00+00:00,short,0.61941,0.6203,0.61852,0.6203,SL,-8.9,-103.24,1.16,10198.61
AUDUSD,A,2025-01-15 08:45:00+00:00,long,0.61897,0.61771,0.62023,0.62023,TP,12.6,102.06,0.81,10300.67
AUDUSD,A,2025-01-16 06:15:00+00:00,long,0.62102,0.62032,0.62172,0.62032,SL,-7.0,-102.9,1.47,10197.77
AUDUSD,A,2025-01-20 06:45:00+00:00,long,0.62123,0.61925,0.62321,0.62321,TP,19.8,102.96,0.52,10300.73
AUDUSD,A,2025-01-20 16:00:00+00:00,long,0.62527,0.61979,0.63075,0.63075,TP,54.8,104.12,0.19,10404.85
AUDUSD,A,2025-01-27 07:00:00+00:00,short,0.629,0.63067,0.62733,0.63067,SL,-16.7,-103.54,0.62,10301.31
AUDUSD,A,2025-01-29 16:15:00+00:00,short,0.62187,0.6235,0.62024,0.6235,SL,-16.3,-102.69,0.63,10198.62
AUDUSD,A,2025-01-31 09:45:00+00:00,long,0.6233,0.62131,0.62529,0.62131,SL,-19.9,-101.49,0.51,10097.13
AUDUSD,A,2025-02-03 13:15:00+00:00,long,0.61411,0.61325,0.61497,0.61497,TP,8.6,100.62,1.17,10197.75
AUDUSD,A,2025-02-04 06:45:00+00:00,short,0.6199,0.62179,0.61801,0.61801,TP,18.9,102.06,0.54,10299.81
AUDUSD,A,2025-02-04 23:45:00+00:00,long,0.62551,0.62497,0.62605,0.62497,SL,-5.4,-103.14,1.91,10196.67
AUDUSD,A,2025-02-06 08:00:00+00:00,short,0.62649,0.62734,0.62564,0.62564,TP,8.5,102.0,1.2,10298.67
AUDUSD,A,2025-02-10 09:00:00+00:00,long,0.62772,0.62641,0.62903,0.62641,SL,-13.1,-103.49,0.79,10195.18
AUDUSD,A,2025-02-11 18:30:00+00:00,long,0.62939,0.6276,0.63118,0.6276,SL,-17.9,-102.03,0.57,10093.15
AUDUSD,A,2025-02-17 17:45:00+00:00,long,0.63657,0.63587,0.63727,0.63587,SL,-7.0,-100.8,1.44,9992.35
AUDUSD,A,2025-02-19 06:45:00+00:00,short,0.6362,0.63687,0.63553,0.63687,SL,-6.7,-99.83,1.49,9892.52
AUDUSD,A,2025-02-25 13:15:00+00:00,short,0.63333,0.63459,0.63207,0.63459,SL,-12.6,-99.54,0.79,9792.98
AUDUSD,A,2025-02-26 05:30:00+00:00,short,0.63282,0.63458,0.63106,0.63106,TP,17.6,98.56,0.56,9891.54
AUDUSD,A,2025-02-27 19:00:00+00:00,short,0.62547,0.6304,0.62054,0.62054,TP,49.3,98.6,0.2,9990.14
AUDUSD,A,2025-02-28 23:45:00+00:00,short,0.62027,0.62199,0.61855,0.62199,SL,-17.2,-99.76,0.58,9890.38
AUDUSD,A,2025-03-04 07:00:00+00:00,short,0.62009,0.62153,0.61865,0.62153,SL,-14.4,-99.36,0.69,9791.02
AUDUSD,A,2025-03-05 03:30:00+00:00,long,0.62562,0.62491,0.62633,0.62491,SL,-7.1,-97.98,1.38,9693.04
AUDUSD,A,2025-03-05 13:15:00+00:00,long,0.62792,0.62417,0.63167,0.63167,TP,37.5,97.5,0.26,9790.54
AUDUSD,A,2025-03-13 13:30:00+00:00,short,0.62892,0.6296,0.62824,0.62824,TP,6.8,97.92,1.44,9888.46
AUDUSD,A,2025-03-14 06:30:00+00:00,long,0.62929,0.62749,0.63109,0.63109,TP,18.0,99.0,0.55,9987.46
AUDUSD,A,2025-03-18 07:45:00+00:00,short,0.63719,0.6393,0.63508,0.63508,TP,21.1,99.17,0.47,10086.63
AUDUSD,A,2025-03-19 16:45:00+00:00,long,0.63333,0.63175,0.63491,0.63491,TP,15.8,101.12,0.64,10187.75
AUDUSD,A,2025-03-20 16:00:00+00:00,short,0.62829,0.62953,0.62705,0.62953,SL,-12.4,-101.68,0.82,10086.07
AUDUSD,A,2025-03-27 14:45:00+00:00,long,0.63105,0.62977,0.63233,0.62977,SL,-12.8,-101.12,0.79,9984.95
AUDUSD,A,2025-04-02 03:00:00+00:00,long,0.62836,0.62621,0.63051,0.63051,TP,21.5,98.9,0.46,10083.85
AUDUSD,A,2025-04-07 06:30:00+00:00,long,0.60157,0.59988,0.60326,0.60326,TP,16.9,101.4,0.6,10185.25
AUDUSD,A,2025-04-14 13:15:00+00:00,long,0.63242,0.63121,0.63363,0.63121,SL,-12.1,-101.64,0.84,10083.61
AUDUSD,A,2025-04-21 12:45:00+00:00,long,0.64281,0.64185,0.64377,0.64185,SL,-9.6,-100.8,1.05,9982.81
AUDUSD,A,2025-04-23 06:30:00+00:00,short,0.63824,0.64005,0.63643,0.64005,SL,-18.1,-99.55,0.55,9883.26
AUDUSD,A,2025-04-23 12:30:00+00:00,long,0.64135,0.63852,0.64418,0.63852,SL,-28.3,-99.05,0.35,9784.21
AUDUSD,A,2025-04-24 23:45:00+00:00,long,0.64084,0.63987,0.64181,0.63987,SL,-9.7,-97.97,1.01,9686.24
AUDUSD,A,2025-04-25 07:30:00+00:00,short,0.64086,0.6425,0.63922,0.63922,TP,16.4,96.76,0.59,9783.0
AUDUSD,A,2025-04-29 23:45:00+00:00,short,0.63834,0.63963,0.63705,0.63963,SL,-12.9,-98.04,0.76,9684.96
AUDUSD,A,2025-04-30 05:30:00+00:00,long,0.6398,0.63728,0.64232,0.63728,SL,-25.2,-95.76,0.38,9589.2
AUDUSD,A,2025-05-05 23:00:00+00:00,short,0.64697,0.64771,0.64623,0.64623,TP,7.4,96.2,1.3,9685.4
AUDUSD,A,2025-05-07 19:30:00+00:00,short,0.64577,0.64752,0.64402,0.64402,TP,17.5,96.25,0.55,9781.65
AUDUSD,A,2025-05-12 08:15:00+00:00,long,0.64296,0.64199,0.64393,0.64393,TP,9.7,97.97,1.01,9879.62
AUDUSD,A,2025-05-12 14:45:00+00:00,short,0.63895,0.6419,0.636,0.636,TP,29.5,97.35,0.33,9976.97
AUDUSD,A,2025-05-12 23:30:00+00:00,short,0.63706,0.63764,0.63648,0.63648,TP,5.8,99.76,1.72,10076.73
AUDUSD,A,2025-05-15 05:00:00+00:00,long,0.64405,0.64159,0.64651,0.64159,SL,-24.6,-100.86,0.41,9975.87
AUDUSD,A,2025-05-15 14:00:00+00:00,short,0.64089,0.64285,0.63893,0.64285,SL,-19.6,-99.96,0.51,9875.91
AUDUSD,A,2025-05-16 16:15:00+00:00,short,0.64145,0.6427,0.6402,0.6402,TP,12.5,98.75,0.79,9974.66
AUDUSD,A,2025-05-16 19:00:00+00:00,short,0.6394,0.64221,0.63659,0.64221,SL,-28.1,-98.35,0.35,9876.31
AUDUSD,A,2025-05-19 14:00:00+00:00,long,0.64452,0.64135,0.64769,0.64135,SL,-31.7,-98.27,0.31,9778.04
AUDUSD,A,2025-05-22 13:15:00+00:00,short,0.64209,0.64627,0.63791,0.64627,SL,-41.8,-96.14,0.23,9681.9
AUDUSD,A,2025-05-26 19:45:00+00:00,short,0.64893,0.65156,0.6463,0.6463,TP,26.3,97.31,0.37,9779.21
AUDUSD,A,2025-05-27 23:45:00+00:00,long,0.64408,0.64344,0.64472,0.64344,SL,-6.4,-97.92,1.53,9681.29
AUDUSD,A,2025-06-02 05:30:00+00:00,long,0.64629,0.64366,0.64892,0.64892,TP,26.3,97.31,0.37,9778.6
AUDUSD,A,2025-06-03 09:45:00+00:00,short,0.64604,0.64731,0.64477,0.64477,TP,12.7,97.79,0.77,9876.39
AUDUSD,A,2025-06-04 15:30:00+00:00,long,0.64853,0.64675,0.65031,0.65031,TP,17.8,97.9,0.55,9974.29
AUDUSD,A,2025-06-05 11:30:00+00:00,long,0.6502,0.64819,0.65221,0.65221,TP,20.1,100.5,0.5,10074.79
AUDUSD,A,2025-06-05 23:45:00+00:00,short,0.65076,0.65223,0.64929,0.64929,TP,14.7,101.43,0.69,10176.22
AUDUSD,A,2025-06-09 19:45:00+00:00,short,0.65231,0.65308,0.65154,0.65154,TP,7.7,101.64,1.32,10277.86
AUDUSD,A,2025-06-16 05:30:00+00:00,long,0.64833,0.64702,0.64964,0.64702,SL,-13.1,-102.18,0.78,10175.68
AUDUSD,A,2025-06-19 07:45:00+00:00,short,0.64897,0.64981,0.64813,0.64813,TP,8.4,101.64,1.21,10277.32
AUDUSD,A,2025-06-19 10:15:00+00:00,short,0.64685,0.64981,0.64389,0.64389,TP,29.6,103.6,0.35,10380.92
AUDUSD,A,2025-06-23 03:45:00+00:00,short,0.64324,0.64531,0.64117,0.64117,TP,20.7,103.5,0.5,10484.42
AUDUSD,A,2025-07-07 09:45:00+00:00,short,0.65021,0.65158,0.64884,0.64884,TP,13.7,105.49,0.77,10589.91
AUDUSD,A,2025-07-10 08:45:00+00:00,long,0.65463,0.65325,0.65601,0.65601,TP,13.8,106.26,0.77,10696.17
AUDUSD,A,2025-07-10 12:30:00+00:00,long,0.65618,0.65478,0.65758,0.65478,SL,-14.0,-106.4,0.76,10589.77
AUDUSD,A,2025-07-17 07:30:00+00:00,short,0.64846,0.65251,0.64441,0.65251,SL,-40.5,-105.3,0.26,10484.47
AUDUSD,A,2025-07-21 15:00:00+00:00,long,0.65221,0.6503,0.65412,0.65412,TP,19.1,105.05,0.55,10589.52
AUDUSD,A,2025-07-23 06:45:00+00:00,long,0.65619,0.65483,0.65755,0.65755,TP,13.6,106.08,0.78,10695.6
AUDUSD,A,2025-07-24 02:45:00+00:00,long,0.66003,0.6592,0.66086,0.66086,TP,8.3,107.07,1.29,10802.67
AUDUSD,A,2025-07-25 13:30:00+00:00,short,0.65623,0.65681,0.65565,0.65565,TP,5.8,107.88,1.86,10910.55
AUDUSD,A,2025-07-28 02:30:00+00:00,long,0.65714,0.65635,0.65793,0.65793,TP,7.9,109.02,1.38,11019.57
AUDUSD,A,2025-07-28 11:15:00+00:00,short,0.65219,0.65693,0.64745,0.64745,TP,47.4,109.02,0.23,11128.59
AUDUSD,A,2025-07-31 04:45:00+00:00,long,0.64442,0.64276,0.64608,0.64608,TP,16.6,111.22,0.67,11239.81
AUDUSD,A,2025-08-01 12:30:00+00:00,short,0.64208,0.64369,0.64047,0.64369,SL,-16.1,-112.7,0.7,11127.11
AUDUSD,A,2025-08-05 10:30:00+00:00,long,0.6467,0.64533,0.64807,0.64533,SL,-13.7,-110.97,0.81,11016.14
AUDUSD,A,2025-08-11 08:00:00+00:00,long,0.65227,0.65132,0.65322,0.65132,SL,-9.5,-110.2,1.16,10905.94
AUDUSD,A,2025-08-18 07:00:00+00:00,long,0.65192,0.65061,0.65323,0.65061,SL,-13.1,-108.73,0.83,10797.21
AUDUSD,A,2025-08-18 18:45:00+00:00,short,0.64909,0.6519,0.64628,0.64628,TP,28.1,106.78,0.38,10903.99
AUDUSD,A,2025-08-21 08:15:00+00:00,short,0.64212,0.64288,0.64136,0.64288,SL,-7.6,-108.68,1.43,10795.31
AUDUSD,A,2025-08-21 17:00:00+00:00,short,0.64207,0.64351,0.64063,0.64351,SL,-14.4,-108.0,0.75,10687.31
AUDUSD,A,2025-08-26 03:00:00+00:00,short,0.64814,0.64882,0.64746,0.64882,SL,-6.8,-106.76,1.57,10580.55
AUDUSD,A,2025-09-02 08:30:00+00:00,short,0.65352,0.65508,0.65196,0.65196,TP,15.6,106.08,0.68,10686.63
AUDUSD,A,2025-09-04 11:00:00+00:00,short,0.65255,0.65323,0.65187,0.65187,TP,6.8,106.76,1.57,10793.39
AUDUSD,A,2025-09-04 13:30:00+00:00,short,0.65202,0.65328,0.65076,0.65076,TP,12.6,108.36,0.86,10901.75
AUDUSD,A,2025-09-05 03:00:00+00:00,long,0.65211,0.65082,0.6534,0.6534,TP,12.9,109.65,0.85,11011.4
AUDUSD,A,2025-09-09 07:00:00+00:00,long,0.65992,0.65861,0.66123,0.66123,TP,13.1,110.04,0.84,11121.44
AUDUSD,A,2025-09-10 18:45:00+00:00,long,0.66252,0.65961,0.66543,0.65961,SL,-29.1,-110.58,0.38,11010.86
AUDUSD,A,2025-09-12 16:30:00+00:00,short,0.66373,0.66588,0.66158,0.66588,SL,-21.5,-109.65,0.51,10901.21
AUDUSD,A,2025-09-18 09:00:00+00:00,short,0.66226,0.6656,0.65892,0.6656,SL,-33.4,-110.22,0.33,10790.99
AUDUSD,A,2025-09-19 06:45:00+00:00,long,0.66086,0.65942,0.6623,0.65942,SL,-14.4,-108.0,0.75,10682.99
AUDUSD,A,2025-09-23 09:15:00+00:00,short,0.65876,0.65962,0.6579,0.65962,SL,-8.6,-106.64,1.24,10576.35
AUDUSD,A,2025-09-24 16:45:00+00:00,short,0.65882,0.6617,0.65594,0.65594,TP,28.8,106.56,0.37,10682.91
AUDUSD,A,2025-09-26 23:30:00+00:00,long,0.65474,0.65413,0.65535,0.65535,TP,6.1,106.75,1.75,10789.66
AUDUSD,A,2025-09-29 06:30:00+00:00,long,0.65635,0.65423,0.65847,0.65847,TP,21.2,108.12,0.51,10897.78
AUDUSD,A,2025-10-02 17:15:00+00:00,short,0.65913,0.66116,0.6571,0.66116,SL,-20.3,-109.62,0.54,10788.16
AUDUSD,A,2025-10-07 22:30:00+00:00,short,0.65793,0.65967,0.65619,0.65619,TP,17.4,107.88,0.62,10896.04
AUDUSD,A,2025-10-09 11:00:00+00:00,long,0.658,0.65654,0.65946,0.65946,TP,14.6,109.5,0.75,11005.54
AUDUSD,A,2025-10-13 19:15:00+00:00,long,0.65197,0.64999,0.65395,0.64999,SL,-19.8,-110.88,0.56,10894.66
AUDUSD,A,2025-10-14 12:15:00+00:00,short,0.64558,0.64708,0.64408,0.64408,TP,15.0,109.5,0.73,11004.16
AUDUSD,A,2025-10-16 18:45:00+00:00,short,0.64939,0.65123,0.64755,0.64755,TP,18.4,110.4,0.6,11114.56
AUDUSD,A,2025-10-20 10:00:00+00:00,short,0.64993,0.65133,0.64853,0.64853,TP,14.0,110.6,0.79,11225.16
AUDUSD,A,2025-10-22 09:00:00+00:00,long,0.65014,0.64846,0.65182,0.64846,SL,-16.8,-112.56,0.67,11112.6
AUDUSD,A,2025-10-27 17:15:00+00:00,short,0.6549,0.65568,0.65412,0.65568,SL,-7.8,-110.76,1.42,11001.84
AUDUSD,A,2025-10-30 14:45:00+00:00,short,0.65462,0.65846,0.65078,0.65078,TP,38.4,111.36,0.29,11113.2
AUDUSD,A,2025-11-04 14:15:00+00:00,short,0.64955,0.65096,0.64814,0.64814,TP,14.1,111.39,0.79,11224.59
AUDUSD,A,2025-11-05 05:15:00+00:00,long,0.64825,0.64533,0.65117,0.65117,TP,29.2,110.96,0.38,11335.55
AUDUSD,A,2025-11-06 19:15:00+00:00,long,0.64672,0.6458,0.64764,0.64764,TP,9.2,113.16,1.23,11448.71
AUDUSD,A,2025-11-07 06:15:00+00:00,short,0.64697,0.64837,0.64557,0.64837,SL,-14.0,-114.8,0.82,11333.91
AUDUSD,A,2025-11-10 11:15:00+00:00,long,0.65302,0.6523,0.65374,0.65374,TP,7.2,113.04,1.57,11446.95
AUDUSD,A,2025-11-11 05:45:00+00:00,short,0.65293,0.65375,0.65211,0.65211,TP,8.2,114.8,1.4,11561.75
AUDUSD,A,2025-11-11 16:15:00+00:00,long,0.65302,0.65167,0.65437,0.65167,SL,-13.5,-116.1,0.86,11445.65
AUDUSD,A,2025-11-12 13:15:00+00:00,long,0.6532,0.65252,0.65388,0.65388,TP,6.8,114.24,1.68,11559.89
AUDUSD,A,2025-11-12 14:30:00+00:00,long,0.6541,0.65252,0.65568,0.65568,TP,15.8,115.34,0.73,11675.23
AUDUSD,A,2025-11-13 05:30:00+00:00,short,0.65629,0.65699,0.65559,0.65559,TP,7.0,116.9,1.67,11792.13
AUDUSD,A,2025-11-17 03:15:00+00:00,short,0.65241,0.65396,0.65086,0.65086,TP,15.5,117.8,0.76,11909.93
AUDUSD,A,2025-11-24 16:00:00+00:00,long,0.64533,0.64388,0.64678,0.64678,TP,14.5,118.9,0.82,12028.83
AUDUSD,A,2025-11-25 16:30:00+00:00,short,0.64533,0.64743,0.64323,0.64743,SL,-21.0,-119.7,0.57,11909.13
AUDUSD,A,2025-11-26 09:15:00+00:00,long,0.65036,0.64944,0.65128,0.64944,SL,-9.2,-118.68,1.29,11790.45
AUDUSD,A,2025-11-27 12:00:00+00:00,short,0.65239,0.65378,0.651,0.65378,SL,-13.9,-118.15,0.85,11672.3
AUDUSD,A,2025-12-01 23:15:00+00:00,short,0.6542,0.65491,0.65349,0.65491,SL,-7.1,-116.44,1.64,11555.86
AUDUSD,A,2025-12-02 06:45:00+00:00,long,0.655,0.65407,0.65593,0.65593,TP,9.3,115.32,1.24,11671.18
AUDUSD,A,2025-12-03 08:30:00+00:00,long,0.65805,0.65655,0.65955,0.65955,TP,15.0,117.0,0.78,11788.18
AUDUSD,A,2025-12-04 02:45:00+00:00,long,0.66085,0.65905,0.66265,0.66265,TP,18.0,117.0,0.65,11905.18
AUDUSD,A,2025-12-10 02:15:00+00:00,long,0.66391,0.66332,0.6645,0.6645,TP,5.9,119.18,2.02,12024.36
AUDUSD,A,2025-12-10 12:00:00+00:00,long,0.66472,0.66404,0.6654,0.66404,SL,-6.8,-120.36,1.77,11904.0
AUDUSD,A,2025-12-16 10:30:00+00:00,long,0.66376,0.66314,0.66438,0.66438,TP,6.2,119.04,1.92,12023.04
AUDUSD,A,2025-12-18 06:45:00+00:00,short,0.65981,0.66077,0.65885,0.66077,SL,-9.6,-120.0,1.25,11903.04
AUDUSD,A,2025-12-22 19:00:00+00:00,long,0.66563,0.66386,0.6674,0.6674,TP,17.7,118.59,0.67,12021.63
AUDUSD,A,2025-12-23 15:00:00+00:00,long,0.66931,0.66859,0.67003,0.67003,TP,7.2,120.24,1.67,12141.87
AUDUSD,A,2025-12-24 06:30:00+00:00,long,0.67048,0.66925,0.67171,0.67171,TP,12.3,121.77,0.99,12263.64
AUDUSD,A,2025-12-26 05:15:00+00:00,long,0.67119,0.67034,0.67204,0.67034,SL,-8.5,-122.4,1.44,12141.24
AUDUSD,A,2025-12-30 06:15:00+00:00,long,0.67074,0.66915,0.67233,0.66915,SL,-15.9,-120.84,0.76,12020.4
GBPUSD,A,2025-01-02 23:15:00+00:00,long,1.23801,1.23588,1.24014,1.24014,TP,21.3,100.11,0.47,10100.11
GBPUSD,A,2025-01-08 08:30:00+00:00,long,1.24899,1.24739,1.25059,1.24739,SL,-16.0,-100.8,0.63,9999.31
GBPUSD,A,2025-01-10 15:00:00+00:00,long,1.23126,1.22812,1.2344,1.22812,SL,-31.4,-100.48,0.32,9898.83
GBPUSD,A,2025-01-13 07:30:00+00:00,short,1.21402,1.21615,1.21189,1.21615,SL,-21.3,-97.98,0.46,9800.85
GBPUSD,A,2025-01-14 19:15:00+00:00,short,1.21829,1.22175,1.21483,1.22175,SL,-34.6,-96.88,0.28,9703.97
GBPUSD,A,2025-01-17 08:45:00+00:00,short,1.22152,1.22424,1.2188,1.2188,TP,27.2,97.92,0.36,9801.89
GBPUSD,A,2025-01-20 03:00:00+00:00,long,1.2181,1.21543,1.22077,1.22077,TP,26.7,98.79,0.37,9900.68
GBPUSD,A,2025-01-22 02:45:00+00:00,long,1.23477,1.23171,1.23783,1.23171,SL,-30.6,-97.92,0.32,9802.76
GBPUSD,A,2025-01-29 07:30:00+00:00,long,1.24496,1.24366,1.24626,1.24626,TP,13.0,97.5,0.75,9900.26
GBPUSD,A,2025-02-04 08:45:00+00:00,short,1.24054,1.24319,1.23789,1.24319,SL,-26.5,-98.05,0.37,9802.21
GBPUSD,A,2025-02-07 09:00:00+00:00,short,1.2428,1.24341,1.24219,1.24341,SL,-6.1,-98.21,1.61,9704.0
GBPUSD,A,2025-02-07 18:15:00+00:00,short,1.24224,1.24712,1.23736,1.23736,TP,48.8,97.6,0.2,9801.6
GBPUSD,A,2025-02-11 19:30:00+00:00,long,1.24231,1.23981,1.24481,1.24481,TP,25.0,97.5,0.39,9899.1
GBPUSD,A,2025-02-11 23:00:00+00:00,long,1.24438,1.24158,1.24718,1.24158,SL,-28.0,-98.0,0.35,9801.1
GBPUSD,A,2025-02-13 10:15:00+00:00,long,1.24862,1.24374,1.2535,1.2535,TP,48.8,97.6,0.2,9898.7
GBPUSD,A,2025-02-19 14:15:00+00:00,short,1.25822,1.26343,1.25301,1.26343,SL,-52.1,-98.99,0.19,9799.71
GBPUSD,A,2025-02-20 23:00:00+00:00,long,1.2669,1.26484,1.26896,1.26484,SL,-20.6,-98.88,0.48,9700.83
GBPUSD,A,2025-02-25 16:30:00+00:00,long,1.26649,1.26424,1.26874,1.26424,SL,-22.5,-96.75,0.43,9604.08
GBPUSD,A,2025-02-26 15:00:00+00:00,short,1.26535,1.26629,1.26441,1.26629,SL,-9.4,-95.88,1.02,9508.2
GBPUSD,A,2025-02-27 05:00:00+00:00,short,1.26625,1.26748,1.26502,1.26502,TP,12.3,94.71,0.77,9602.91
GBPUSD,A,2025-02-27 19:30:00+00:00,short,1.26212,1.26394,1.2603,1.2603,TP,18.2,96.46,0.53,9699.37
GBPUSD,A,2025-03-05 09:15:00+00:00,long,1.27991,1.27801,1.28181,1.28181,TP,19.0,96.9,0.51,9796.27
GBPUSD,A,2025-03-06 13:00:00+00:00,short,1.28765,1.29193,1.28337,1.29193,SL,-42.8,-98.44,0.23,9697.83
GBPUSD,A,2025-03-10 03:15:00+00:00,long,1.29398,1.2925,1.29546,1.2925,SL,-14.8,-97.68,0.66,9600.15
GBPUSD,A,2025-03-11 08:45:00+00:00,long,1.28933,1.2868,1.29186,1.29186,TP,25.3,96.14,0.38,9696.29
GBPUSD,A,2025-03-17 06:45:00+00:00,long,1.29353,1.29257,1.29449,1.29449,TP,9.6,96.96,1.01,9793.25
GBPUSD,A,2025-03-17 19:00:00+00:00,long,1.29904,1.29762,1.30046,1.29762,SL,-14.2,-97.98,0.69,9695.27
GBPUSD,A,2025-03-18 06:30:00+00:00,short,1.29745,1.29921,1.29569,1.29921,SL,-17.6,-96.8,0.55,9598.47
GBPUSD,A,2025-03-19 10:00:00+00:00,short,1.29772,1.29959,1.29585,1.29585,TP,18.7,95.37,0.51,9693.84
GBPUSD,A,2025-03-21 07:15:00+00:00,short,1.29379,1.2973,1.29028,1.29028,TP,35.1,98.28,0.28,9792.12
GBPUSD,A,2025-03-27 23:45:00+00:00,short,1.29482,1.29608,1.29356,1.29608,SL,-12.6,-98.28,0.78,9693.84
GBPUSD,A,2025-03-31 13:45:00+00:00,short,1.29416,1.29767,1.29065,1.29065,TP,35.1,98.28,0.28,9792.12
GBPUSD,A,2025-04-04 22:15:00+00:00,short,1.28788,1.29183,1.28393,1.28393,TP,39.5,98.75,0.25,9890.87
GBPUSD,A,2025-04-08 19:15:00+00:00,short,1.27652,1.27801,1.27503,1.27801,SL,-14.9,-98.34,0.66,9792.53
GBPUSD,A,2025-04-10 10:00:00+00:00,long,1.2849,1.28162,1.28818,1.28818,TP,32.8,98.4,0.3,9890.93
GBPUSD,A,2025-04-21 06:15:00+00:00,long,1.33713,1.33368,1.34058,1.34058,TP,34.5,100.05,0.29,9990.98
GBPUSD,A,2025-04-23 14:45:00+00:00,long,1.33031,1.32848,1.33214,1.32848,SL,-18.3,-100.65,0.55,9890.33
GBPUSD,A,2025-04-25 11:45:00+00:00,short,1.32965,1.33089,1.32841,1.33089,SL,-12.4,-99.2,0.8,9791.13
GBPUSD,A,2025-04-25 16:30:00+00:00,long,1.33079,1.32814,1.33344,1.32814,SL,-26.5,-98.05,0.37,9693.08
GBPUSD,A,2025-04-28 13:30:00+00:00,long,1.33419,1.32823,1.34015,1.34015,TP,59.6,95.36,0.16,9788.44
GBPUSD,A,2025-04-29 07:00:00+00:00,short,1.34111,1.34464,1.33758,1.33758,TP,35.3,98.84,0.28,9887.28
GBPUSD,A,2025-04-30 15:15:00+00:00,short,1.33621,1.33781,1.33461,1.33461,TP,16.0,99.2,0.62,9986.48
GBPUSD,A,2025-05-01 06:45:00+00:00,short,1.3299,1.33208,1.32772,1.32772,TP,21.8,100.28,0.46,10086.76
GBPUSD,A,2025-05-02 02:45:00+00:00,short,1.32837,1.329,1.32774,1.32774,TP,6.3,100.8,1.6,10187.56
GBPUSD,A,2025-05-13 11:00:00+00:00,long,1.32033,1.31835,1.32231,1.32231,TP,19.8,100.98,0.51,10288.54
GBPUSD,A,2025-05-14 17:45:00+00:00,short,1.32995,1.33332,1.32658,1.32658,TP,33.7,104.47,0.31,10393.01
GBPUSD,A,2025-05-16 18:30:00+00:00,short,1.32647,1.3303,1.32264,1.3303,SL,-38.3,-103.41,0.27,10289.6
GBPUSD,A,2025-05-19 05:30:00+00:00,long,1.32969,1.32885,1.33053,1.33053,TP,8.4,102.48,1.22,10392.08
GBPUSD,A,2025-05-21 02:30:00+00:00,long,1.33946,1.3372,1.34172,1.34172,TP,22.6,103.96,0.46,10496.04
GBPUSD,A,2025-05-22 14:15:00+00:00,short,1.3412,1.34447,1.33793,1.34447,SL,-32.7,-104.64,0.32,10391.4
GBPUSD,A,2025-05-23 09:15:00+00:00,long,1.34565,1.34396,1.34734,1.34734,TP,16.9,103.09,0.61,10494.49
GBPUSD,A,2025-05-26 07:00:00+00:00,long,1.35783,1.3527,1.36296,1.3527,SL,-51.3,-102.6,0.2,10391.89
GBPUSD,A,2025-06-04 09:00:00+00:00,short,1.3513,1.3531,1.3495,1.3531,SL,-18.0,-104.4,0.58,10287.49
GBPUSD,A,2025-06-10 02:15:00+00:00,short,1.35519,1.35579,1.35459,1.35579,SL,-6.0,-102.6,1.71,10184.89
GBPUSD,A,2025-06-12 17:45:00+00:00,long,1.36002,1.35818,1.36186,1.35818,SL,-18.4,-101.2,0.55,10083.69
GBPUSD,A,2025-06-13 07:45:00+00:00,short,1.3539,1.35585,1.35195,1.35585,SL,-19.5,-101.4,0.52,9982.29
GBPUSD,A,2025-06-13 14:00:00+00:00,short,1.35343,1.3557,1.35116,1.3557,SL,-22.7,-99.88,0.44,9882.41
GBPUSD,A,2025-06-17 23:45:00+00:00,short,1.34241,1.34413,1.34069,1.34413,SL,-17.2,-98.04,0.57,9784.37
GBPUSD,A,2025-06-19 07:30:00+00:00,short,1.34074,1.34199,1.33949,1.33949,TP,12.5,97.5,0.78,9881.87
GBPUSD,A,2025-06-19 09:15:00+00:00,short,1.3392,1.34155,1.33685,1.34155,SL,-23.5,-98.7,0.42,9783.17
GBPUSD,A,2025-06-20 19:00:00+00:00,short,1.34653,1.34848,1.34458,1.34458,TP,19.5,97.5,0.5,9880.67
GBPUSD,A,2025-06-24 05:45:00+00:00,long,1.35496,1.35297,1.35695,1.35695,TP,19.9,99.5,0.5,9980.17
GBPUSD,A,2025-06-24 18:30:00+00:00,long,1.36255,1.35851,1.36659,1.36659,TP,40.4,101.0,0.25,10081.17
GBPUSD,A,2025-07-01 03:15:00+00:00,long,1.3732,1.36945,1.37695,1.37695,TP,37.5,101.25,0.27,10182.42
GBPUSD,A,2025-07-04 16:00:00+00:00,short,1.36373,1.36598,1.36148,1.36148,TP,22.5,101.25,0.45,10283.67
GBPUSD,A,2025-07-07 09:45:00+00:00,short,1.36082,1.36303,1.35861,1.35861,TP,22.1,103.87,0.47,10387.54
GBPUSD,A,2025-07-08 23:15:00+00:00,long,1.35875,1.35791,1.35959,1.35791,SL,-8.4,-104.16,1.24,10283.38
GBPUSD,A,2025-07-22 11:00:00+00:00,short,1.34717,1.34781,1.34653,1.34781,SL,-6.4,-103.04,1.61,10180.34
GBPUSD,A,2025-07-24 13:30:00+00:00,short,1.35399,1.357,1.35098,1.35098,TP,30.1,102.34,0.34,10282.68
GBPUSD,A,2025-07-25 14:45:00+00:00,short,1.34494,1.34683,1.34305,1.34305,TP,18.9,102.06,0.54,10384.74
GBPUSD,A,2025-07-28 03:30:00+00:00,long,1.34391,1.34239,1.34543,1.34239,SL,-15.2,-103.36,0.68,10281.38
GBPUSD,A,2025-07-30 22:30:00+00:00,short,1.3243,1.33167,1.31693,1.31693,TP,73.7,103.18,0.14,10384.56
GBPUSD,A,2025-08-04 11:30:00+00:00,short,1.3275,1.32882,1.32618,1.32882,SL,-13.2,-104.28,0.79,10280.28
GBPUSD,A,2025-08-05 09:15:00+00:00,short,1.32836,1.33038,1.32634,1.32634,TP,20.2,103.02,0.51,10383.3
GBPUSD,A,2025-08-11 09:30:00+00:00,long,1.34671,1.34574,1.34768,1.34574,SL,-9.7,-103.79,1.07,10279.51
GBPUSD,A,2025-08-12 05:45:00+00:00,long,1.34346,1.34224,1.34468,1.34224,SL,-12.2,-102.48,0.84,10177.03
GBPUSD,A,2025-08-13 18:45:00+00:00,long,1.35704,1.35479,1.35929,1.35929,TP,22.5,101.25,0.45,10278.28
GBPUSD,A,2025-08-20 06:00:00+00:00,short,1.347,1.34875,1.34525,1.34875,SL,-17.5,-103.25,0.59,10175.03
GBPUSD,A,2025-09-08 05:45:00+00:00,long,1.34995,1.34855,1.35135,1.35135,TP,14.0,102.2,0.73,10277.23
GBPUSD,A,2025-09-11 07:00:00+00:00,short,1.35277,1.35349,1.35205,1.35205,TP,7.2,102.96,1.43,10380.19
GBPUSD,A,2025-09-12 06:30:00+00:00,short,1.35556,1.35786,1.35326,1.35326,TP,23.0,103.5,0.45,10483.69
GBPUSD,A,2025-09-18 09:30:00+00:00,short,1.36019,1.36354,1.35684,1.36354,SL,-33.5,-103.85,0.31,10379.84
GBPUSD,A,2025-09-23 15:30:00+00:00,long,1.35133,1.34942,1.35324,1.35324,TP,19.1,103.14,0.54,10482.98
GBPUSD,A,2025-09-24 16:45:00+00:00,short,1.34376,1.3476,1.33992,1.33992,TP,38.4,103.68,0.27,10586.66
GBPUSD,A,2025-09-25 19:30:00+00:00,short,1.33515,1.33995,1.33035,1.33995,SL,-48.0,-105.6,0.22,10481.06
GBPUSD,A,2025-09-30 03:15:00+00:00,short,1.34352,1.34427,1.34277,1.34277,TP,7.5,105.0,1.4,10586.06
GBPUSD,A,2025-09-30 11:15:00+00:00,long,1.34406,1.34232,1.3458,1.34232,SL,-17.4,-106.14,0.61,10479.92
GBPUSD,A,2025-10-06 02:45:00+00:00,short,1.34326,1.34903,1.33749,1.33749,TP,57.7,103.86,0.18,10583.78
GBPUSD,A,2025-10-10 08:30:00+00:00,long,1.33097,1.32999,1.33195,1.32999,SL,-9.8,-105.84,1.08,10477.94
GBPUSD,A,2025-10-17 13:15:00+00:00,short,1.34354,1.34442,1.34266,1.34266,TP,8.8,104.72,1.19,10582.66
GBPUSD,A,2025-10-23 14:30:00+00:00,short,1.33418,1.33594,1.33242,1.33242,TP,17.6,105.6,0.6,10688.26
GBPUSD,A,2025-10-24 15:00:00+00:00,short,1.33088,1.33303,1.32873,1.33303,SL,-21.5,-107.5,0.5,10580.76
GBPUSD,A,2025-10-30 15:30:00+00:00,short,1.31487,1.31956,1.31018,1.31018,TP,46.9,107.87,0.23,10688.63
GBPUSD,A,2025-11-07 13:00:00+00:00,long,1.31066,1.30897,1.31235,1.31235,TP,16.9,106.47,0.63,10795.1
GBPUSD,A,2025-11-13 19:30:00+00:00,long,1.32082,1.31531,1.32633,1.31531,SL,-55.1,-110.2,0.2,10684.9
GBPUSD,A,2025-11-18 19:00:00+00:00,long,1.31431,1.313,1.31562,1.31562,TP,13.1,107.42,0.82,10792.32
GBPUSD,A,2025-11-19 13:00:00+00:00,short,1.31183,1.31426,1.3094,1.3094,TP,24.3,106.92,0.44,10899.24
GBPUSD,A,2025-11-19 19:45:00+00:00,short,1.30628,1.30904,1.30352,1.30904,SL,-27.6,-107.64,0.39,10791.6
GBPUSD,A,2025-11-20 18:00:00+00:00,short,1.30999,1.31282,1.30716,1.30716,TP,28.3,107.54,0.38,10899.14
GBPUSD,A,2025-11-25 12:30:00+00:00,long,1.31262,1.31041,1.31483,1.31483,TP,22.1,108.29,0.49,11007.43
GBPUSD,A,2025-11-26 03:45:00+00:00,long,1.31742,1.3156,1.31924,1.31924,TP,18.2,109.2,0.6,11116.63
GBPUSD,A,2025-11-26 06:00:00+00:00,long,1.31962,1.31799,1.32125,1.31799,SL,-16.3,-110.84,0.68,11005.79
GBPUSD,A,2025-11-27 08:15:00+00:00,long,1.32606,1.32425,1.32787,1.32425,SL,-18.1,-110.41,0.61,10895.38
GBPUSD,A,2025-12-01 19:00:00+00:00,short,1.3232,1.32644,1.31996,1.31996,TP,32.4,110.16,0.34,11005.54
GBPUSD,A,2025-12-03 09:15:00+00:00,long,1.3245,1.32214,1.32686,1.32686,TP,23.6,110.92,0.47,11116.46
GBPUSD,A,2025-12-03 12:30:00+00:00,long,1.32849,1.32323,1.33375,1.33375,TP,52.6,110.46,0.21,11226.92
GBPUSD,A,2025-12-11 03:45:00+00:00,long,1.33799,1.33605,1.33993,1.33605,SL,-19.4,-112.52,0.58,11114.4
GBPUSD,A,2025-12-15 03:30:00+00:00,short,1.33636,1.33768,1.33504,1.33768,SL,-13.2,-110.88,0.84,11003.52
GBPUSD,A,2025-12-16 05:45:00+00:00,short,1.33653,1.33791,1.33515,1.33791,SL,-13.8,-110.4,0.8,10893.12
GBPUSD,A,2025-12-16 14:30:00+00:00,long,1.34292,1.34066,1.34518,1.34518,TP,22.6,108.48,0.48,11001.6
GBPUSD,A,2025-12-17 10:30:00+00:00,short,1.33274,1.3417,1.32378,1.3417,SL,-89.6,-107.52,0.12,10894.08
GBPUSD,A,2025-12-23 07:45:00+00:00,long,1.34894,1.34802,1.34986,1.34802,SL,-9.2,-108.56,1.18,10785.52
GBPUSD,A,2025-12-26 11:45:00+00:00,short,1.34882,1.35054,1.3471,1.35054,SL,-17.2,-108.36,0.63,10677.16
GBPUSD,A,2025-12-29 12:00:00+00:00,short,1.34938,1.35028,1.34848,1.35028,SL,-9.0,-107.1,1.19,10570.06
CADJPY,B,2025-01-14 12:00:00+00:00,long,109.803,109.358,110.248,109.358,SL,-44.5,-445.0,0.01,9555.0
CADJPY,B,2025-01-17 11:15:00+00:00,short,108.063,108.144,107.982,107.982,TP,8.1,81.0,0.01,9636.0
CADJPY,B,2025-01-24 05:15:00+00:00,long,108.69,108.362,109.018,108.362,SL,-32.8,-328.0,0.01,9308.0
CADJPY,B,2025-01-24 11:15:00+00:00,short,108.414,108.69,108.138,108.69,SL,-27.6,-276.0,0.01,9032.0
CADJPY,B,2025-01-29 06:30:00+00:00,long,107.907,107.832,107.982,107.832,SL,-7.5,-75.0,0.01,8957.0
CADJPY,B,2025-01-30 07:45:00+00:00,short,107.167,107.315,107.019,107.019,TP,14.8,148.0,0.01,9105.0
CADJPY,B,2025-02-05 15:30:00+00:00,long,107.071,106.82,107.322,106.82,SL,-25.1,-251.0,0.01,8854.0
CADJPY,B,2025-02-10 03:30:00+00:00,long,105.977,105.112,106.842,106.055,FLIP,7.8,78.0,0.01,8932.0
CADJPY,B,2025-02-10 14:45:00+00:00,short,106.073,106.223,105.923,105.923,TP,15.0,150.0,0.01,9082.0
CADJPY,B,2025-02-11 06:15:00+00:00,long,106.037,105.89,106.184,105.89,SL,-14.7,-147.0,0.01,8935.0
CADJPY,B,2025-02-18 13:45:00+00:00,short,106.988,107.232,106.744,106.744,TP,24.4,244.0,0.01,9179.0
CADJPY,B,2025-02-26 05:45:00+00:00,long,104.242,103.922,104.562,103.922,SL,-32.0,-320.0,0.01,8859.0
CADJPY,B,2025-03-11 15:30:00+00:00,long,102.547,102.288,102.806,102.288,SL,-25.9,-259.0,0.01,8600.0
CADJPY,B,2025-03-20 11:30:00+00:00,long,103.466,103.374,103.558,103.374,SL,-9.2,-92.0,0.01,8508.0
CADJPY,B,2025-03-25 07:45:00+00:00,short,105.06,105.326,104.794,104.794,TP,26.6,266.0,0.01,8774.0
CADJPY,B,2025-03-26 05:30:00+00:00,long,105.348,104.893,105.803,105.803,TP,45.5,455.0,0.01,9229.0
CADJPY,B,2025-05-01 10:15:00+00:00,long,104.653,104.261,105.045,105.045,TP,39.2,392.0,0.01,9621.0
CADJPY,B,2025-05-02 22:45:00+00:00,long,104.945,104.719,105.171,104.719,SL,-22.6,-226.0,0.01,9395.0
CADJPY,B,2025-05-26 07:45:00+00:00,long,103.98,103.803,104.157,104.157,TP,17.7,177.0,0.01,9572.0
CADJPY,B,2025-06-02 18:30:00+00:00,long,104.141,103.968,104.314,103.968,SL,-17.3,-173.0,0.01,9399.0
CADJPY,B,2025-06-05 11:00:00+00:00,long,104.812,104.531,105.093,105.093,TP,28.1,281.0,0.01,9680.0
CADJPY,B,2025-06-19 06:15:00+00:00,long,105.854,105.537,106.171,106.171,TP,31.7,317.0,0.01,9997.0
CADJPY,B,2025-07-03 17:45:00+00:00,long,106.737,106.438,107.036,106.438,SL,-29.9,-299.0,0.01,9698.0
CADJPY,B,2025-07-14 18:30:00+00:00,short,107.82,107.874,107.766,107.874,SL,-5.4,-108.0,0.02,9590.0
CADJPY,B,2025-08-05 05:45:00+00:00,long,106.764,106.626,106.902,106.902,TP,13.8,138.0,0.01,9728.0
CADJPY,B,2025-08-07 11:00:00+00:00,short,107.049,107.54,106.558,107.54,SL,-49.1,-491.0,0.01,9237.0
CADJPY,B,2025-08-27 02:30:00+00:00,short,106.567,106.658,106.476,106.658,SL,-9.1,-91.0,0.01,9146.0
CADJPY,B,2025-09-02 19:30:00+00:00,short,107.584,107.946,107.222,107.615,FLIP,-3.1,-31.0,0.01,9115.0
CADJPY,B,2025-09-03 02:45:00+00:00,long,107.739,107.464,108.014,107.464,SL,-27.5,-275.0,0.01,8840.0
CADJPY,B,2025-09-04 05:15:00+00:00,long,107.266,107.077,107.455,107.455,TP,18.9,189.0,0.01,9029.0
CADJPY,B,2025-09-11 16:15:00+00:00,short,106.455,106.757,106.153,106.757,SL,-30.2,-302.0,0.01,8727.0
CADJPY,B,2025-09-16 11:00:00+00:00,short,106.703,106.857,106.549,106.857,SL,-15.4,-154.0,0.01,8573.0
CADJPY,B,2025-10-03 19:30:00+00:00,long,105.751,105.552,105.95,105.95,TP,19.9,199.0,0.01,8772.0
CADJPY,B,2025-10-08 19:00:00+00:00,long,109.443,109.243,109.643,109.643,TP,20.0,200.0,0.01,8972.0
CADJPY,B,2025-10-16 14:00:00+00:00,short,107.702,107.886,107.518,107.518,TP,18.4,184.0,0.01,9156.0
CADJPY,B,2025-10-21 06:00:00+00:00,long,107.545,107.195,107.895,107.895,TP,35.0,350.0,0.01,9506.0
CADJPY,B,2025-11-07 05:00:00+00:00,long,108.416,108.266,108.566,108.566,TP,15.0,150.0,0.01,9656.0
CADJPY,B,2025-12-05 08:15:00+00:00,short,110.894,111.223,110.565,111.223,SL,-32.9,-329.0,0.01,9327.0
CADJPY,B,2025-12-08 02:45:00+00:00,short,112.207,112.372,112.042,112.372,SL,-16.5,-165.0,0.01,9162.0
CADJPY,B,2025-12-09 04:30:00+00:00,long,112.498,112.431,112.565,112.565,TP,6.7,67.0,0.01,9229.0
CADJPY,B,2025-12-24 07:15:00+00:00,short,113.869,114.082,113.656,113.931,FLIP,-6.2,-62.0,0.01,9167.0
CADJPY,B,2025-12-24 12:15:00+00:00,long,113.946,113.751,114.141,114.141,TP,19.5,195.0,0.01,9362.0
USDCHF,B,2025-01-08 07:30:00+00:00,short,0.90909,0.91003,0.90815,0.91003,SL,-9.4,-99.64,1.06,9900.36
USDCHF,B,2025-01-10 10:45:00+00:00,short,0.91267,0.91357,0.91177,0.91357,SL,-9.0,-99.0,1.1,9801.36
USDCHF,B,2025-01-15 06:15:00+00:00,long,0.91227,0.91166,0.91288,0.91166,SL,-6.1,-98.21,1.61,9703.15
USDCHF,B,2025-01-22 11:15:00+00:00,short,0.90608,0.90734,0.90482,0.90482,TP,12.6,97.02,0.77,9800.17
USDCHF,B,2025-01-23 19:30:00+00:00,long,0.90709,0.90632,0.90786,0.90632,SL,-7.7,-97.79,1.27,9702.38
USDCHF,B,2025-01-23 23:15:00+00:00,long,0.90732,0.90591,0.90873,0.90591,SL,-14.1,-97.29,0.69,9605.09
USDCHF,B,2025-01-24 14:15:00+00:00,long,0.90558,0.90219,0.90897,0.9048,FLIP,-7.8,-21.84,0.28,9583.25
USDCHF,B,2025-01-27 10:00:00+00:00,short,0.90634,0.90769,0.90499,0.90499,TP,13.5,95.85,0.71,9679.1
USDCHF,B,2025-02-11 13:45:00+00:00,long,0.91268,0.91099,0.91437,0.91099,SL,-16.9,-96.33,0.57,9582.77
USDCHF,B,2025-03-04 09:15:00+00:00,short,0.89528,0.89668,0.89388,0.89388,TP,14.0,95.2,0.68,9677.97
USDCHF,B,2025-03-04 11:00:00+00:00,short,0.89254,0.89642,0.88866,0.88866,TP,38.8,97.0,0.25,9774.97
USDCHF,B,2025-03-18 05:00:00+00:00,long,0.88123,0.88026,0.8822,0.88026,SL,-9.7,-97.97,1.01,9677.0
USDCHF,B,2025-05-08 23:15:00+00:00,long,0.83129,0.83,0.83258,0.83,SL,-12.9,-96.75,0.75,9580.25
USDCHF,B,2025-05-12 06:15:00+00:00,short,0.83358,0.83543,0.83173,0.83543,SL,-18.5,-96.2,0.52,9484.05
USDCHF,B,2025-05-13 04:45:00+00:00,short,0.84357,0.84605,0.84109,0.84109,TP,24.8,94.24,0.38,9578.29
USDCHF,B,2025-06-04 12:00:00+00:00,short,0.82255,0.82409,0.82101,0.82409,SL,-15.4,-95.48,0.62,9482.81
USDCHF,B,2025-06-09 16:00:00+00:00,long,0.82169,0.81863,0.82475,0.82125,FLIP,-4.4,-13.64,0.31,9469.17
USDCHF,B,2025-06-10 02:15:00+00:00,short,0.8215,0.82215,0.82085,0.82215,SL,-6.5,-94.9,1.46,9374.27
USDCHF,B,2025-06-11 06:15:00+00:00,long,0.82257,0.82188,0.82326,0.82326,TP,6.9,93.84,1.36,9468.11
USDCHF,B,2025-06-12 10:45:00+00:00,long,0.81646,0.81511,0.81781,0.81511,SL,-13.5,-94.5,0.7,9373.61
USDCHF,B,2025-06-13 18:45:00+00:00,short,0.81181,0.81441,0.80921,0.80921,TP,26.0,93.6,0.36,9467.21
USDCHF,B,2025-06-18 10:30:00+00:00,long,0.81644,0.81475,0.81813,0.81813,TP,16.9,94.64,0.56,9561.85
USDCHF,B,2025-06-20 15:30:00+00:00,long,0.81745,0.8161,0.8188,0.8161,SL,-13.5,-95.85,0.71,9466.0
USDCHF,B,2025-06-24 06:15:00+00:00,short,0.81176,0.81343,0.81009,0.81009,TP,16.7,95.19,0.57,9561.19
USDCHF,B,2025-07-10 22:30:00+00:00,short,0.79656,0.7983,0.79482,0.7983,SL,-17.4,-95.7,0.55,9465.49
USDCHF,B,2025-07-29 03:15:00+00:00,short,0.80345,0.80403,0.80287,0.80287,TP,5.8,94.54,1.63,9560.03
USDCHF,B,2025-08-11 12:00:00+00:00,long,0.80815,0.80549,0.81081,0.81081,TP,26.6,95.76,0.36,9655.79
USDCHF,B,2025-08-19 06:00:00+00:00,long,0.80737,0.80678,0.80796,0.80678,SL,-5.9,-96.76,1.64,9559.03
USDCHF,B,2025-09-03 09:45:00+00:00,short,0.80498,0.80593,0.80403,0.80593,SL,-9.5,-95.95,1.01,9463.08
USDCHF,B,2025-09-03 13:00:00+00:00,short,0.80373,0.80719,0.80027,0.80591,FLIP,-21.8,-58.86,0.27,9404.22
USDCHF,B,2025-09-04 15:30:00+00:00,long,0.80452,0.80371,0.80533,0.80533,TP,8.1,93.96,1.16,9498.18
USDCHF,B,2025-09-09 08:30:00+00:00,long,0.7921,0.79156,0.79264,0.79156,SL,-5.4,-95.04,1.76,9403.14
USDCHF,B,2025-09-11 23:45:00+00:00,short,0.79582,0.79646,0.79518,0.79518,TP,6.4,94.08,1.47,9497.22
USDCHF,B,2025-09-16 18:45:00+00:00,long,0.78834,0.78686,0.78982,0.78686,SL,-14.8,-94.72,0.64,9402.5
USDCHF,B,2025-09-18 14:00:00+00:00,short,0.78826,0.78902,0.7875,0.78902,SL,-7.6,-94.24,1.24,9308.26
USDCHF,B,2025-09-23 02:45:00+00:00,long,0.79242,0.79117,0.79367,0.79117,SL,-12.5,-92.5,0.74,9215.76
USDCHF,B,2025-10-02 19:30:00+00:00,long,0.79847,0.79459,0.80235,0.79459,SL,-38.8,-93.12,0.24,9122.64
USDCHF,B,2025-10-09 11:30:00+00:00,long,0.80255,0.79989,0.80521,0.80521,TP,26.6,90.44,0.34,9213.08
USDCHF,B,2025-10-15 14:00:00+00:00,long,0.80041,0.79852,0.8023,0.79852,SL,-18.9,-92.61,0.49,9120.47
USDCHF,B,2025-10-23 17:45:00+00:00,short,0.79558,0.79914,0.79202,0.79586,FLIP,-2.8,-7.28,0.26,9113.19
USDCHF,B,2025-10-24 07:00:00+00:00,long,0.79598,0.79417,0.79779,0.79417,SL,-18.1,-90.5,0.5,9022.69
USDCHF,B,2025-10-29 18:45:00+00:00,short,0.79641,0.79838,0.79444,0.79838,SL,-19.7,-90.62,0.46,8932.07
USDCHF,B,2025-10-31 07:15:00+00:00,long,0.80185,0.80036,0.80334,0.80334,TP,14.9,89.4,0.6,9021.47
USDCHF,B,2025-11-06 10:45:00+00:00,short,0.80873,0.81019,0.80727,0.80727,TP,14.6,90.52,0.62,9111.99
USDCHF,B,2025-11-07 13:00:00+00:00,short,0.80715,0.80889,0.80541,0.80541,TP,17.4,90.48,0.52,9202.47
USDCHF,B,2025-11-07 15:30:00+00:00,short,0.80511,0.80668,0.80354,0.80354,TP,15.7,92.63,0.59,9295.1
USDCHF,B,2025-11-07 23:45:00+00:00,long,0.80503,0.80429,0.80577,0.80429,SL,-7.4,-93.24,1.26,9201.86
USDCHF,B,2025-11-21 18:45:00+00:00,long,0.80869,0.80569,0.81169,0.80851,FLIP,-1.8,-5.58,0.31,9196.28
USDCHF,B,2025-11-24 05:00:00+00:00,short,0.80843,0.80966,0.8072,0.80966,SL,-12.3,-92.25,0.75,9104.03
USDCHF,B,2025-12-08 03:45:00+00:00,short,0.80365,0.80541,0.80189,0.80541,SL,-17.6,-91.52,0.52,9012.51
USDCHF,B,2025-12-10 14:00:00+00:00,long,0.80519,0.80437,0.80601,0.80437,SL,-8.2,-90.2,1.1,8922.31
USDCHF,B,2025-12-30 07:15:00+00:00,short,0.78843,0.78967,0.78719,0.78967,SL,-12.4,-89.28,0.72,8833.03
USDJPY,B,2025-02-11 04:15:00+00:00,long,151.954,151.634,152.274,152.274,TP,32.0,320.0,0.01,10320.0
USDJPY,B,2025-02-17 10:30:00+00:00,long,151.81,151.549,152.071,151.549,SL,-26.1,-261.0,0.01,10059.0
USDJPY,B,2025-03-07 17:45:00+00:00,short,147.569,147.764,147.374,147.374,TP,19.5,195.0,0.01,10254.0
USDJPY,B,2025-03-20 06:45:00+00:00,long,148.375,148.25,148.5,148.25,SL,-12.5,-125.0,0.01,10129.0
USDJPY,B,2025-03-28 16:30:00+00:00,short,150.098,150.827,149.369,149.369,TP,72.9,729.0,0.01,10858.0
USDJPY,B,2025-04-01 04:15:00+00:00,short,149.707,150.026,149.388,149.388,TP,31.9,319.0,0.01,11177.0
USDJPY,B,2025-04-09 18:30:00+00:00,long,144.818,144.477,145.159,145.159,TP,34.1,341.0,0.01,11518.0
USDJPY,B,2025-04-16 19:30:00+00:00,long,142.566,142.26,142.872,142.26,SL,-30.6,-306.0,0.01,11212.0
USDJPY,B,2025-04-25 17:15:00+00:00,long,143.616,143.253,143.979,143.979,TP,36.3,363.0,0.01,11575.0
USDJPY,B,2025-05-05 13:45:00+00:00,long,143.899,143.745,144.053,143.745,SL,-15.4,-154.0,0.01,11421.0
USDJPY,B,2025-05-08 17:00:00+00:00,short,144.657,144.902,144.412,144.902,SL,-24.5,-245.0,0.01,11176.0
USDJPY,B,2025-05-12 07:15:00+00:00,short,145.832,145.967,145.697,145.967,SL,-13.5,-135.0,0.01,11041.0
USDJPY,B,2025-05-16 18:30:00+00:00,long,145.938,145.342,146.534,145.342,SL,-59.6,-596.0,0.01,10445.0
USDJPY,B,2025-05-26 22:15:00+00:00,short,142.754,142.83,142.678,142.83,SL,-7.6,-76.0,0.01,10369.0
USDJPY,B,2025-06-04 05:45:00+00:00,long,143.88,143.613,144.147,144.147,TP,26.7,267.0,0.01,10636.0
USDJPY,B,2025-06-04 10:00:00+00:00,long,143.936,143.778,144.094,144.094,TP,15.8,158.0,0.01,10794.0
USDJPY,B,2025-06-18 11:30:00+00:00,long,145.049,144.796,145.302,144.796,SL,-25.3,-253.0,0.01,10541.0
USDJPY,B,2025-08-01 06:00:00+00:00,long,150.752,150.574,150.93,150.574,SL,-17.8,-178.0,0.01,10363.0
USDJPY,B,2025-08-06 12:15:00+00:00,long,147.758,147.481,148.035,147.481,SL,-27.7,-277.0,0.01,10086.0
USDJPY,B,2025-08-07 23:30:00+00:00,short,147.038,147.61,146.466,147.61,SL,-57.2,-572.0,0.01,9514.0
USDJPY,B,2025-08-21 06:00:00+00:00,short,147.363,147.548,147.178,147.548,SL,-18.5,-185.0,0.01,9329.0
USDJPY,B,2025-08-22 04:45:00+00:00,short,148.459,148.515,148.403,148.515,SL,-5.6,-112.0,0.02,9217.0
USDJPY,B,2025-08-22 08:45:00+00:00,short,148.661,148.819,148.503,148.503,TP,15.8,158.0,0.01,9375.0
USDJPY,B,2025-08-27 06:45:00+00:00,long,147.818,147.347,148.289,147.347,SL,-47.1,-471.0,0.01,8904.0
USDJPY,B,2025-09-01 19:45:00+00:00,long,147.218,146.881,147.555,147.555,TP,33.7,337.0,0.01,9241.0
USDJPY,B,2025-09-02 19:00:00+00:00,short,148.257,148.984,147.53,148.984,SL,-72.7,-727.0,0.01,8514.0
USDJPY,B,2025-09-11 17:45:00+00:00,short,147.182,148.235,146.129,146.129,TP,105.3,1053.0,0.01,9567.0
USDJPY,B,2025-09-24 02:30:00+00:00,short,147.623,147.679,147.567,147.567,TP,5.6,112.0,0.02,9679.0
USDJPY,B,2025-09-24 07:15:00+00:00,long,147.892,147.672,148.112,148.112,TP,22.0,220.0,0.01,9899.0
USDJPY,B,2025-09-24 16:45:00+00:00,long,148.704,148.163,149.245,148.78,FLIP,7.6,76.0,0.01,9975.0
USDJPY,B,2025-09-25 04:15:00+00:00,short,148.694,148.871,148.517,148.871,SL,-17.7,-177.0,0.01,9798.0
USDJPY,B,2025-09-29 23:15:00+00:00,long,148.649,148.508,148.79,148.508,SL,-14.1,-141.0,0.01,9657.0
USDJPY,B,2025-10-03 07:30:00+00:00,long,147.659,147.134,148.184,147.134,SL,-52.5,-525.0,0.01,9132.0
USDJPY,B,2025-10-07 17:15:00+00:00,long,150.958,150.683,151.233,151.233,TP,27.5,275.0,0.01,9407.0
USDJPY,B,2025-10-07 23:45:00+00:00,long,151.926,151.694,152.158,152.158,TP,23.2,232.0,0.01,9639.0
USDJPY,B,2025-10-08 03:30:00+00:00,long,152.283,151.745,152.821,152.821,TP,53.8,538.0,0.01,10177.0
USDJPY,B,2025-11-05 04:30:00+00:00,short,153.196,153.796,152.596,153.796,SL,-60.0,-600.0,0.01,9577.0
USDJPY,B,2025-11-06 04:30:00+00:00,short,153.945,154.19,153.7,153.7,TP,24.5,245.0,0.01,9822.0
USDJPY,B,2025-11-27 18:00:00+00:00,short,156.343,156.439,156.247,156.247,TP,9.6,96.0,0.01,9918.0
USDJPY,B,2025-12-05 10:00:00+00:00,short,154.714,155.206,154.222,155.206,SL,-49.2,-492.0,0.01,9426.0
USDJPY,B,2025-12-10 23:45:00+00:00,long,156.045,155.744,156.346,155.744,SL,-30.1,-301.0,0.01,9125.0
USDJPY,B,2025-12-15 10:45:00+00:00,short,155.171,155.342,155.0,155.0,TP,17.1,171.0,0.01,9296.0
USDJPY,B,2025-12-17 16:00:00+00:00,short,155.455,155.687,155.223,155.687,SL,-23.2,-232.0,0.01,9064.0
AUDUSD,B,2025-01-08 11:30:00+00:00,short,0.62199,0.62365,0.62033,0.62033,TP,16.6,99.6,0.6,10099.6
AUDUSD,B,2025-02-10 02:15:00+00:00,long,0.62597,0.62266,0.62928,0.6277,FLIP,17.3,53.63,0.31,10153.23
AUDUSD,B,2025-02-18 18:30:00+00:00,long,0.6352,0.63358,0.63682,0.63682,TP,16.2,102.06,0.63,10255.29
AUDUSD,B,2025-02-21 18:45:00+00:00,short,0.63739,0.6397,0.63508,0.63508,TP,23.1,101.64,0.44,10356.93
AUDUSD,B,2025-03-11 19:15:00+00:00,short,0.62835,0.62933,0.62737,0.62933,SL,-9.8,-103.88,1.06,10253.05
AUDUSD,B,2025-03-27 14:45:00+00:00,long,0.63105,0.62977,0.63233,0.62977,SL,-12.8,-102.4,0.8,10150.65
AUDUSD,B,2025-04-02 09:00:00+00:00,short,0.62982,0.63062,0.62902,0.63062,SL,-8.0,-101.6,1.27,10049.05
AUDUSD,B,2025-04-25 07:30:00+00:00,short,0.64086,0.6425,0.63922,0.63922,TP,16.4,100.04,0.61,10149.09
AUDUSD,B,2025-04-25 15:15:00+00:00,long,0.63789,0.63689,0.63889,0.63889,TP,10.0,101.0,1.01,10250.09
AUDUSD,B,2025-05-01 02:15:00+00:00,short,0.64083,0.64171,0.63995,0.64171,SL,-8.8,-102.08,1.16,10148.01
AUDUSD,B,2025-05-12 08:15:00+00:00,long,0.64296,0.64199,0.64393,0.64393,TP,9.7,101.85,1.05,10249.86
AUDUSD,B,2025-05-12 14:45:00+00:00,short,0.63895,0.6419,0.636,0.636,TP,29.5,103.25,0.35,10353.11
AUDUSD,B,2025-05-30 19:45:00+00:00,long,0.6424,0.64025,0.64455,0.64455,TP,21.5,103.2,0.48,10456.31
AUDUSD,B,2025-06-02 05:30:00+00:00,long,0.64629,0.64366,0.64892,0.64892,TP,26.3,105.2,0.4,10561.51
AUDUSD,B,2025-06-05 11:30:00+00:00,long,0.6502,0.64819,0.65221,0.65221,TP,20.1,106.53,0.53,10668.04
AUDUSD,B,2025-06-19 07:45:00+00:00,short,0.64897,0.64981,0.64813,0.64813,TP,8.4,106.68,1.27,10774.72
AUDUSD,B,2025-06-19 10:15:00+00:00,short,0.64685,0.64981,0.64389,0.64389,TP,29.6,106.56,0.36,10881.28
AUDUSD,B,2025-06-23 03:45:00+00:00,short,0.64324,0.64531,0.64117,0.64117,TP,20.7,109.71,0.53,10990.99
AUDUSD,B,2025-07-04 12:45:00+00:00,long,0.6559,0.65432,0.65748,0.65432,SL,-15.8,-110.6,0.7,10880.39
AUDUSD,B,2025-07-16 23:45:00+00:00,short,0.65265,0.6541,0.6512,0.6512,TP,14.5,108.75,0.75,10989.14
AUDUSD,B,2025-07-22 15:15:00+00:00,long,0.65202,0.65045,0.65359,0.65359,TP,15.7,109.9,0.7,11099.04
AUDUSD,B,2025-07-24 11:00:00+00:00,short,0.66128,0.66206,0.6605,0.66206,SL,-7.8,-110.76,1.42,10988.28
AUDUSD,B,2025-07-28 11:15:00+00:00,short,0.65219,0.65693,0.64745,0.64745,TP,47.4,109.02,0.23,11097.3
AUDUSD,B,2025-08-01 12:30:00+00:00,short,0.64208,0.64369,0.64047,0.64369,SL,-16.1,-111.09,0.69,10986.21
AUDUSD,B,2025-08-05 10:30:00+00:00,long,0.6467,0.64533,0.64807,0.64533,SL,-13.7,-109.6,0.8,10876.61
AUDUSD,B,2025-08-08 02:30:00+00:00,long,0.65264,0.64981,0.65547,0.65145,FLIP,-11.9,-45.22,0.38,10831.39
AUDUSD,B,2025-08-11 10:45:00+00:00,short,0.65159,0.65328,0.6499,0.6499,TP,16.9,108.16,0.64,10939.55
AUDUSD,B,2025-08-14 05:00:00+00:00,long,0.65635,0.65441,0.65829,0.65441,SL,-19.4,-108.64,0.56,10830.91
AUDUSD,B,2025-08-21 17:00:00+00:00,short,0.64207,0.64351,0.64063,0.64208,FLIP,-0.1,-0.75,0.75,10830.16
AUDUSD,B,2025-08-21 23:00:00+00:00,long,0.64206,0.64139,0.64273,0.64139,SL,-6.7,-108.54,1.62,10721.62
AUDUSD,B,2025-09-11 15:00:00+00:00,long,0.66024,0.65935,0.66113,0.65935,SL,-8.9,-106.8,1.2,10614.82
AUDUSD,B,2025-09-11 16:15:00+00:00,long,0.66246,0.6585,0.66642,0.66642,TP,39.6,106.92,0.27,10721.74
AUDUSD,B,2025-09-24 11:45:00+00:00,short,0.66136,0.66274,0.65998,0.65998,TP,13.8,107.64,0.78,10829.38
AUDUSD,B,2025-09-24 16:45:00+00:00,short,0.65882,0.6617,0.65594,0.65594,TP,28.8,109.44,0.38,10938.82
AUDUSD,B,2025-10-02 09:15:00+00:00,long,0.66173,0.66088,0.66258,0.66088,SL,-8.5,-109.65,1.29,10829.17
AUDUSD,B,2025-10-30 23:00:00+00:00,long,0.65504,0.65413,0.65595,0.65595,TP,9.1,108.29,1.19,10937.46
AUDUSD,B,2025-11-03 04:00:00+00:00,long,0.65468,0.65317,0.65619,0.65619,TP,15.1,108.72,0.72,11046.18
AUDUSD,B,2025-11-06 04:15:00+00:00,short,0.65101,0.65157,0.65045,0.65157,SL,-5.6,-110.32,1.97,10935.86
AUDUSD,B,2025-11-06 19:15:00+00:00,long,0.64672,0.6458,0.64764,0.64764,TP,9.2,109.48,1.19,11045.34
AUDUSD,B,2025-11-11 16:15:00+00:00,long,0.65302,0.65167,0.65437,0.65167,SL,-13.5,-110.7,0.82,10934.64
AUDUSD,B,2025-11-12 10:30:00+00:00,long,0.6536,0.65106,0.65614,0.65323,FLIP,-3.7,-15.91,0.43,10918.73
AUDUSD,B,2025-11-13 02:15:00+00:00,short,0.65347,0.65474,0.6522,0.65474,SL,-12.7,-109.22,0.86,10809.51
AUDUSD,B,2025-11-13 05:30:00+00:00,short,0.65629,0.65699,0.65559,0.65559,TP,7.0,107.8,1.54,10917.31
AUDUSD,B,2025-11-25 16:30:00+00:00,short,0.64533,0.64743,0.64323,0.64743,SL,-21.0,-109.2,0.52,10808.11
AUDUSD,B,2025-12-02 04:00:00+00:00,long,0.65448,0.65325,0.65571,0.65571,TP,12.3,108.24,0.88,10916.35
AUDUSD,B,2025-12-03 08:30:00+00:00,long,0.65805,0.65655,0.65955,0.65955,TP,15.0,109.5,0.73,11025.85
AUDUSD,B,2025-12-04 15:45:00+00:00,short,0.66093,0.66189,0.65997,0.66189,SL,-9.6,-110.4,1.15,10915.45
AUDUSD,B,2025-12-09 08:15:00+00:00,short,0.6641,0.66531,0.66289,0.66381,FLIP,2.9,26.1,0.9,10941.55
AUDUSD,B,2025-12-09 13:45:00+00:00,long,0.66366,0.66302,0.6643,0.6643,TP,6.4,109.44,1.71,11050.99
AUDUSD,B,2025-12-10 02:15:00+00:00,long,0.66391,0.66332,0.6645,0.6645,TP,5.9,110.33,1.87,11161.32
AUDUSD,B,2025-12-12 19:00:00+00:00,short,0.66396,0.66752,0.6604,0.6604,TP,35.6,110.36,0.31,11271.68
AUDUSD,B,2025-12-22 19:00:00+00:00,long,0.66563,0.66386,0.6674,0.6674,TP,17.7,113.28,0.64,11384.96
AUDUSD,B,2025-12-26 05:15:00+00:00,long,0.67119,0.67034,0.67204,0.67034,SL,-8.5,-113.9,1.34,11271.06
GBPUSD,B,2025-01-20 03:15:00+00:00,long,1.21763,1.21543,1.21983,1.21983,TP,22.0,99.0,0.45,10099.0
GBPUSD,B,2025-01-31 07:15:00+00:00,long,1.24222,1.24091,1.24353,1.24353,TP,13.1,100.87,0.77,10199.87
GBPUSD,B,2025-02-20 19:00:00+00:00,long,1.26369,1.26001,1.26737,1.26737,TP,36.8,103.04,0.28,10302.91
GBPUSD,B,2025-03-17 19:00:00+00:00,long,1.29904,1.29762,1.30046,1.29762,SL,-14.2,-103.66,0.73,10199.25
GBPUSD,B,2025-03-19 03:45:00+00:00,short,1.29937,1.30084,1.2979,1.2979,TP,14.7,101.43,0.69,10300.68
GBPUSD,B,2025-03-19 10:00:00+00:00,short,1.29772,1.29959,1.29585,1.29585,TP,18.7,102.85,0.55,10403.53
GBPUSD,B,2025-03-20 17:00:00+00:00,long,1.29542,1.29309,1.29775,1.29309,SL,-23.3,-104.85,0.45,10298.68
GBPUSD,B,2025-03-21 12:30:00+00:00,long,1.29349,1.29171,1.29527,1.29527,TP,17.8,103.24,0.58,10401.92
GBPUSD,B,2025-04-01 10:15:00+00:00,short,1.29192,1.2945,1.28934,1.28934,TP,25.8,103.2,0.4,10505.12
GBPUSD,B,2025-04-23 14:45:00+00:00,long,1.33031,1.32848,1.33214,1.32848,SL,-18.3,-104.31,0.57,10400.81
GBPUSD,B,2025-04-24 02:15:00+00:00,long,1.32681,1.32389,1.32973,1.32973,TP,29.2,105.12,0.36,10505.93
GBPUSD,B,2025-05-22 14:15:00+00:00,short,1.3412,1.34447,1.33793,1.34447,SL,-32.7,-104.64,0.32,10401.29
GBPUSD,B,2025-06-13 07:45:00+00:00,short,1.3539,1.35585,1.35195,1.35585,SL,-19.5,-103.35,0.53,10297.94
GBPUSD,B,2025-06-13 14:00:00+00:00,short,1.35343,1.3557,1.35116,1.3557,SL,-22.7,-102.15,0.45,10195.79
GBPUSD,B,2025-06-18 16:45:00+00:00,short,1.34447,1.3468,1.34214,1.3468,SL,-23.3,-102.52,0.44,10093.27
GBPUSD,B,2025-06-20 17:45:00+00:00,short,1.34699,1.35151,1.34247,1.34247,TP,45.2,99.44,0.22,10192.71
GBPUSD,B,2025-07-28 03:30:00+00:00,long,1.34391,1.34239,1.34543,1.34239,SL,-15.2,-101.84,0.67,10090.87
GBPUSD,B,2025-07-28 15:15:00+00:00,long,1.34273,1.33971,1.34575,1.33971,SL,-30.2,-99.66,0.33,9991.21
GBPUSD,B,2025-08-04 11:30:00+00:00,short,1.3275,1.32882,1.32618,1.32882,SL,-13.2,-100.32,0.76,9890.89
GBPUSD,B,2025-08-08 12:15:00+00:00,long,1.34356,1.34184,1.34528,1.34184,SL,-17.2,-99.76,0.58,9791.13
GBPUSD,B,2025-08-12 05:45:00+00:00,long,1.34346,1.34224,1.34468,1.34224,SL,-12.2,-97.6,0.8,9693.53
GBPUSD,B,2025-09-12 11:00:00+00:00,long,1.35637,1.35398,1.35876,1.35398,SL,-23.9,-97.99,0.41,9595.54
GBPUSD,B,2025-09-22 05:45:00+00:00,long,1.34606,1.34522,1.3469,1.3469,TP,8.4,95.76,1.14,9691.3
GBPUSD,B,2025-09-25 03:45:00+00:00,long,1.34509,1.34434,1.34584,1.34584,TP,7.5,96.75,1.29,9788.05
GBPUSD,B,2025-09-25 06:00:00+00:00,long,1.34556,1.34434,1.34678,1.34434,SL,-12.2,-97.6,0.8,9690.45
GBPUSD,B,2025-10-16 06:15:00+00:00,short,1.34289,1.34471,1.34107,1.34107,TP,18.2,96.46,0.53,9786.91
GBPUSD,B,2025-10-17 13:15:00+00:00,short,1.34354,1.34442,1.34266,1.34266,TP,8.8,97.68,1.11,9884.59
GBPUSD,B,2025-10-20 10:30:00+00:00,short,1.34241,1.34462,1.3402,1.3402,TP,22.1,99.45,0.45,9984.04
GBPUSD,B,2025-10-20 23:00:00+00:00,short,1.34092,1.34181,1.34003,1.34003,TP,8.9,99.68,1.12,10083.72
GBPUSD,B,2025-11-04 06:45:00+00:00,long,1.31267,1.312,1.31334,1.312,SL,-6.7,-101.17,1.51,9982.55
GBPUSD,B,2025-11-07 13:00:00+00:00,long,1.31066,1.30897,1.31235,1.31235,TP,16.9,99.71,0.59,10082.26
GBPUSD,B,2025-11-18 19:00:00+00:00,long,1.31431,1.313,1.31562,1.31562,TP,13.1,100.87,0.77,10183.13
GBPUSD,B,2025-11-19 11:00:00+00:00,short,1.31376,1.31602,1.3115,1.3115,TP,22.6,101.7,0.45,10284.83
GBPUSD,B,2025-11-19 13:00:00+00:00,short,1.31183,1.31426,1.3094,1.3094,TP,24.3,102.06,0.42,10386.89
GBPUSD,B,2025-11-20 18:00:00+00:00,short,1.30999,1.31282,1.30716,1.30716,TP,28.3,104.71,0.37,10491.6
GBPUSD,B,2025-11-28 03:00:00+00:00,short,1.32358,1.32494,1.32222,1.32222,TP,13.6,104.72,0.77,10596.32
GBPUSD,B,2025-12-16 05:45:00+00:00,short,1.33653,1.33791,1.33515,1.33791,SL,-13.8,-106.26,0.77,10490.06
GBPUSD,B,2025-12-16 14:30:00+00:00,long,1.34292,1.34066,1.34518,1.34518,TP,22.6,103.96,0.46,10594.02
GBPUSD,B,2025-12-23 07:45:00+00:00,long,1.34894,1.34802,1.34986,1.34802,SL,-9.2,-105.8,1.15,10488.22
CADJPY,C,2025-01-06 07:45:00+00:00,long,109.617,108.535,110.699,108.535,SL,-108.2,-1082.0,0.01,8918.0
CADJPY,C,2025-01-17 06:45:00+00:00,short,107.925,108.045,107.805,108.045,SL,-12.0,-120.0,0.01,8798.0
CADJPY,C,2025-01-17 13:00:00+00:00,long,108.066,107.808,108.324,107.808,SL,-25.8,-258.0,0.01,8540.0
CADJPY,C,2025-01-20 04:00:00+00:00,short,107.884,108.142,107.626,108.142,SL,-25.8,-258.0,0.01,8282.0
CADJPY,C,2025-01-20 11:45:00+00:00,long,107.955,107.705,108.205,108.205,TP,25.0,250.0,0.01,8532.0
CADJPY,C,2025-01-22 04:00:00+00:00,long,108.577,108.294,108.86,108.86,TP,28.3,283.0,0.01,8815.0
CADJPY,C,2025-01-23 19:15:00+00:00,long,108.651,108.304,108.998,108.998,TP,34.7,347.0,0.01,9162.0
CADJPY,C,2025-01-27 23:15:00+00:00,long,107.524,107.014,108.034,108.034,TP,51.0,510.0,0.01,9672.0
CADJPY,C,2025-01-28 10:00:00+00:00,long,108.075,107.014,109.136,107.014,SL,-106.1,-1061.0,0.01,8611.0
CADJPY,C,2025-01-30 10:45:00+00:00,long,107.188,106.98,107.396,106.98,SL,-20.8,-208.0,0.01,8403.0
CADJPY,C,2025-02-05 08:30:00+00:00,short,107.04,108.063,106.017,106.017,TP,102.3,1023.0,0.01,9426.0
CADJPY,C,2025-02-07 06:15:00+00:00,short,105.852,106.144,105.56,106.144,SL,-29.2,-292.0,0.01,9134.0
CADJPY,C,2025-02-07 23:00:00+00:00,long,105.909,105.326,106.492,105.326,SL,-58.3,-583.0,0.01,8551.0
CADJPY,C,2025-02-10 09:15:00+00:00,long,105.968,105.773,106.163,106.163,TP,19.5,195.0,0.01,8746.0
CADJPY,C,2025-02-11 07:30:00+00:00,short,106.016,106.148,105.884,105.884,TP,13.2,132.0,0.01,8878.0
CADJPY,C,2025-02-11 18:15:00+00:00,long,106.417,105.762,107.072,107.072,TP,65.5,655.0,0.01,9533.0
CADJPY,C,2025-02-13 07:15:00+00:00,long,108.218,107.744,108.692,107.744,SL,-47.4,-474.0,0.01,9059.0
CADJPY,C,2025-02-21 10:30:00+00:00,short,106.099,106.236,105.962,105.962,TP,13.7,137.0,0.01,9196.0
CADJPY,C,2025-02-24 03:45:00+00:00,short,105.11,106.208,104.012,104.012,TP,109.8,1098.0,0.01,10294.0
CADJPY,C,2025-02-26 13:30:00+00:00,long,104.254,104.161,104.347,104.161,SL,-9.3,-93.0,0.01,10201.0
CADJPY,C,2025-02-28 23:45:00+00:00,long,104.046,103.893,104.199,104.199,TP,15.3,153.0,0.01,10354.0
CADJPY,C,2025-03-03 07:15:00+00:00,short,104.188,104.615,103.761,104.615,SL,-42.7,-427.0,0.01,9927.0
CADJPY,C,2025-03-04 04:00:00+00:00,long,102.722,102.491,102.953,102.953,TP,23.1,231.0,0.01,10158.0
CADJPY,C,2025-03-04 17:15:00+00:00,short,102.439,103.472,101.406,103.472,SL,-103.3,-1033.0,0.01,9125.0
CADJPY,C,2025-03-05 03:30:00+00:00,long,103.922,102.142,105.702,102.142,SL,-178.0,-1780.0,0.01,7345.0
CADJPY,C,2025-03-10 03:00:00+00:00,short,102.591,103.182,102.0,102.0,TP,59.1,591.0,0.01,7936.0
CADJPY,C,2025-03-13 14:30:00+00:00,short,102.913,103.204,102.622,102.622,TP,29.1,291.0,0.01,8227.0
CADJPY,C,2025-03-18 14:15:00+00:00,short,104.789,105.031,104.547,104.547,TP,24.2,242.0,0.01,8469.0
CADJPY,C,2025-03-19 10:00:00+00:00,short,104.367,104.715,104.019,104.715,SL,-34.8,-348.0,0.01,8121.0
CADJPY,C,2025-03-20 17:00:00+00:00,long,103.572,103.11,104.034,104.034,TP,46.2,462.0,0.01,8583.0
CADJPY,C,2025-03-26 12:15:00+00:00,short,105.277,105.679,104.875,105.679,SL,-40.2,-402.0,0.01,8181.0
CADJPY,C,2025-03-26 17:45:00+00:00,long,105.742,105.165,106.319,105.165,SL,-57.7,-577.0,0.01,7604.0
CADJPY,C,2025-03-27 14:00:00+00:00,long,105.646,104.954,106.338,104.954,SL,-69.2,-692.0,0.01,6912.0
CADJPY,C,2025-04-01 04:30:00+00:00,short,104.005,104.548,103.462,104.548,SL,-54.3,-543.0,0.01,6369.0
CADJPY,C,2025-04-02 02:30:00+00:00,long,104.788,104.008,105.568,104.008,SL,-78.0,-780.0,0.01,5589.0
CADJPY,C,2025-04-03 18:45:00+00:00,long,103.796,103.33,104.262,103.33,SL,-46.6,-466.0,0.01,5123.0
CADJPY,C,2025-04-04 04:00:00+00:00,short,103.882,104.272,103.492,103.492,TP,39.0,390.0,0.01,5513.0
CADJPY,C,2025-04-04 08:30:00+00:00,short,103.428,104.136,102.72,102.72,TP,70.8,708.0,0.01,6221.0
CADJPY,C,2025-04-07 10:45:00+00:00,short,102.404,103.099,101.709,103.099,SL,-69.5,-695.0,0.01,5526.0
CADJPY,C,2025-04-08 08:45:00+00:00,long,104.203,103.566,104.84,103.566,SL,-63.7,-637.0,0.01,4889.0
CADJPY,C,2025-04-09 04:00:00+00:00,short,102.102,104.362,99.842,104.362,SL,-226.0,-2260.0,0.01,2629.0
CADJPY,C,2025-04-10 15:15:00+00:00,short,103.406,104.646,102.166,102.166,TP,124.0,1240.0,0.01,3869.0
CADJPY,C,2025-04-17 08:30:00+00:00,short,102.666,102.963,102.369,102.963,SL,-29.7,-297.0,0.01,3572.0
CADJPY,C,2025-04-17 15:45:00+00:00,short,102.548,103.149,101.947,101.947,TP,60.1,601.0,0.01,4173.0
CADJPY,C,2025-04-21 17:30:00+00:00,short,101.996,102.19,101.802,101.802,TP,19.4,194.0,0.01,4367.0
CADJPY,C,2025-04-22 18:45:00+00:00,long,101.807,101.282,102.332,102.332,TP,52.5,525.0,0.01,4892.0
CADJPY,C,2025-04-23 13:30:00+00:00,long,102.622,102.346,102.898,102.898,TP,27.6,276.0,0.01,5168.0
CADJPY,C,2025-04-24 09:15:00+00:00,long,102.939,102.745,103.133,102.745,SL,-19.4,-194.0,0.01,4974.0
CADJPY,C,2025-04-24 18:00:00+00:00,short,102.765,103.119,102.411,103.119,SL,-35.4,-354.0,0.01,4620.0
CADJPY,C,2025-04-25 08:15:00+00:00,long,103.508,102.488,104.528,102.488,SL,-102.0,-1020.0,0.01,3600.0
CADJPY,C,2025-05-05 07:30:00+00:00,short,104.486,105.094,103.878,103.878,TP,60.8,608.0,0.01,4208.0
CADJPY,C,2025-05-07 11:45:00+00:00,long,103.869,103.572,104.166,104.166,TP,29.7,297.0,0.01,4505.0
CADJPY,C,2025-05-08 02:15:00+00:00,short,103.951,104.164,103.738,104.164,SL,-21.3,-213.0,0.01,4292.0
CADJPY,C,2025-05-08 12:00:00+00:00,long,104.371,103.761,104.981,104.981,TP,61.0,610.0,0.01,4902.0
CADJPY,C,2025-05-13 14:30:00+00:00,short,105.814,106.003,105.625,105.625,TP,18.9,189.0,0.01,5091.0
CADJPY,C,2025-05-14 02:15:00+00:00,long,105.786,105.61,105.962,105.61,SL,-17.6,-176.0,0.01,4915.0
CADJPY,C,2025-05-14 17:00:00+00:00,short,104.601,105.051,104.151,105.051,SL,-45.0,-450.0,0.01,4465.0
CADJPY,C,2025-05-15 07:15:00+00:00,short,104.577,105.145,104.009,104.009,TP,56.8,568.0,0.01,5033.0
CADJPY,C,2025-05-15 19:30:00+00:00,short,103.999,104.55,103.448,103.448,TP,55.1,551.0,0.01,5584.0
CADJPY,C,2025-05-20 16:30:00+00:00,long,103.975,103.324,104.626,103.324,SL,-65.1,-651.0,0.01,4933.0
CADJPY,C,2025-05-23 13:30:00+00:00,long,103.779,103.597,103.961,103.597,SL,-18.2,-182.0,0.01,4751.0
CADJPY,C,2025-05-26 14:00:00+00:00,short,104.119,104.33,103.908,103.908,TP,21.1,211.0,0.01,4962.0
CADJPY,C,2025-05-27 04:30:00+00:00,short,103.634,104.099,103.169,104.099,SL,-46.5,-465.0,0.01,4497.0
CADJPY,C,2025-05-27 12:15:00+00:00,long,104.534,103.461,105.607,105.607,TP,107.3,1073.0,0.01,5570.0
CADJPY,C,2025-06-06 23:15:00+00:00,short,105.725,106.041,105.409,105.409,TP,31.6,316.0,0.01,5886.0
CADJPY,C,2025-06-10 02:30:00+00:00,short,105.525,105.736,105.314,105.736,SL,-21.1,-211.0,0.01,5675.0
CADJPY,C,2025-06-10 18:30:00+00:00,long,105.873,105.437,106.309,105.437,SL,-43.6,-436.0,0.01,5239.0
CADJPY,C,2025-06-12 22:45:00+00:00,short,105.507,105.76,105.254,105.254,TP,25.3,253.0,0.01,5492.0
CADJPY,C,2025-06-13 22:45:00+00:00,short,105.866,106.178,105.554,106.178,SL,-31.2,-312.0,0.01,5180.0
CADJPY,C,2025-06-19 15:45:00+00:00,long,106.095,105.694,106.496,106.496,TP,40.1,401.0,0.01,5581.0
CADJPY,C,2025-06-23 22:30:00+00:00,long,106.407,106.16,106.654,106.16,SL,-24.7,-247.0,0.01,5334.0
CADJPY,C,2025-06-24 15:30:00+00:00,long,105.733,105.574,105.892,105.892,TP,15.9,159.0,0.01,5493.0
CADJPY,C,2025-06-25 04:15:00+00:00,short,105.537,105.658,105.416,105.416,TP,12.1,121.0,0.01,5614.0
CADJPY,C,2025-06-25 17:00:00+00:00,long,106.047,105.292,106.802,105.292,SL,-75.5,-755.0,0.01,4859.0
CADJPY,C,2025-06-30 08:30:00+00:00,short,105.315,105.712,104.918,105.712,SL,-39.7,-397.0,0.01,4462.0
CADJPY,C,2025-06-30 19:00:00+00:00,long,105.78,105.162,106.398,105.162,SL,-61.8,-618.0,0.01,3844.0
CADJPY,C,2025-07-01 12:45:00+00:00,short,105.092,105.795,104.389,105.795,SL,-70.3,-703.0,0.01,3141.0
CADJPY,C,2025-07-04 10:30:00+00:00,short,106.248,107.058,105.438,107.058,SL,-81.0,-810.0,0.01,2331.0
CADJPY,C,2025-07-08 09:00:00+00:00,short,107.026,107.21,106.842,107.21,SL,-18.4,-184.0,0.01,2147.0
CADJPY,C,2025-07-10 06:30:00+00:00,long,106.835,106.701,106.969,106.969,TP,13.4,134.0,0.01,2281.0
CADJPY,C,2025-07-14 06:00:00+00:00,short,107.523,107.88,107.166,107.88,SL,-35.7,-357.0,0.01,1924.0
CADJPY,C,2025-07-14 23:00:00+00:00,long,107.827,107.507,108.147,108.147,TP,32.0,320.0,0.01,2244.0
CADJPY,C,2025-07-15 17:45:00+00:00,long,108.492,107.64,109.344,107.64,SL,-85.2,-852.0,0.01,1392.0
CADJPY,C,2025-07-17 12:30:00+00:00,short,108.183,108.43,107.936,107.936,TP,24.7,247.0,0.01,1639.0
CADJPY,C,2025-07-21 04:15:00+00:00,long,108.081,107.686,108.476,107.686,SL,-39.5,-395.0,0.01,1244.0
CADJPY,C,2025-07-22 12:15:00+00:00,short,107.855,108.093,107.617,107.617,TP,23.8,238.0,0.01,1482.0
CADJPY,C,2025-07-25 08:15:00+00:00,short,107.715,108.059,107.371,108.059,SL,-34.4,-344.0,0.01,1138.0
CADJPY,C,2025-07-25 19:15:00+00:00,short,107.716,108.191,107.241,108.191,SL,-47.5,-475.0,0.01,663.0
CADJPY,C,2025-07-29 08:45:00+00:00,short,107.949,108.244,107.654,107.654,TP,29.5,295.0,0.01,958.0
CADJPY,C,2025-07-30 06:30:00+00:00,short,107.513,107.878,107.148,107.878,SL,-36.5,-365.0,0.01,593.0
CADJPY,C,2025-07-31 06:45:00+00:00,short,107.608,108.148,107.068,108.148,SL,-54.0,-540.0,0.01,53.0
CADJPY,C,2025-07-31 14:00:00+00:00,long,108.258,107.407,109.109,107.407,SL,-85.1,-851.0,0.01,-798.0
USDCHF,C,2025-01-02 10:15:00+00:00,long,0.90515,0.90372,0.90658,0.90658,TP,14.3,100.1,0.7,10100.1
USDCHF,C,2025-01-02 15:45:00+00:00,long,0.90813,0.90372,0.91254,0.91254,TP,44.1,101.43,0.23,10201.53
USDCHF,C,2025-01-06 08:45:00+00:00,short,0.90956,0.91094,0.90818,0.90818,TP,13.8,102.12,0.74,10303.65
USDCHF,C,2025-01-06 17:00:00+00:00,short,0.90502,0.91094,0.8991,0.91094,SL,-59.2,-100.64,0.17,10203.01
USDCHF,C,2025-01-08 11:00:00+00:00,long,0.91147,0.90823,0.91471,0.91471,TP,32.4,100.44,0.31,10303.45
USDCHF,C,2025-01-13 06:00:00+00:00,long,0.91726,0.9144,0.92012,0.9144,SL,-28.6,-102.96,0.36,10200.49
USDCHF,C,2025-01-15 04:45:00+00:00,long,0.9127,0.91097,0.91443,0.91097,SL,-17.3,-102.07,0.59,10098.42
USDCHF,C,2025-01-15 23:00:00+00:00,short,0.91245,0.91507,0.90983,0.90983,TP,26.2,102.18,0.39,10200.6
USDCHF,C,2025-01-17 07:00:00+00:00,long,0.91116,0.90859,0.91373,0.91373,TP,25.7,102.8,0.4,10303.4
USDCHF,C,2025-01-23 04:15:00+00:00,long,0.90615,0.90435,0.90795,0.90795,TP,18.0,102.6,0.57,10406.0
USDCHF,C,2025-01-27 08:00:00+00:00,short,0.90678,0.90767,0.90589,0.90589,TP,8.9,104.13,1.17,10510.13
USDCHF,C,2025-01-27 23:15:00+00:00,long,0.90166,0.89597,0.90735,0.90735,TP,56.9,102.42,0.18,10612.55
USDCHF,C,2025-01-29 15:30:00+00:00,long,0.90748,0.90261,0.91235,0.91235,TP,48.7,107.14,0.22,10719.69
USDCHF,C,2025-02-03 12:00:00+00:00,long,0.91688,0.9148,0.91896,0.9148,SL,-20.8,-108.16,0.52,10611.53
USDCHF,C,2025-02-05 09:45:00+00:00,short,0.90399,0.90638,0.9016,0.9016,TP,23.9,105.16,0.44,10716.69
USDCHF,C,2025-02-06 07:30:00+00:00,long,0.90291,0.89962,0.9062,0.9062,TP,32.9,108.57,0.33,10825.26
USDCHF,C,2025-02-07 15:15:00+00:00,long,0.90744,0.905,0.90988,0.905,SL,-24.4,-107.36,0.44,10717.9
USDCHF,C,2025-02-10 12:30:00+00:00,short,0.91004,0.91269,0.90739,0.91269,SL,-26.5,-106.0,0.4,10611.9
USDCHF,C,2025-02-12 13:45:00+00:00,short,0.91085,0.91407,0.90763,0.91407,SL,-32.2,-106.26,0.33,10505.64
USDCHF,C,2025-02-12 23:15:00+00:00,long,0.9134,0.91075,0.91605,0.91075,SL,-26.5,-106.0,0.4,10399.64
USDCHF,C,2025-02-13 05:00:00+00:00,long,0.91264,0.91023,0.91505,0.91023,SL,-24.1,-103.63,0.43,10296.01
USDCHF,C,2025-02-13 12:45:00+00:00,short,0.90677,0.91447,0.89907,0.89907,TP,77.0,100.1,0.13,10396.11
USDCHF,C,2025-02-17 07:45:00+00:00,long,0.90005,0.89666,0.90344,0.90344,TP,33.9,105.09,0.31,10501.2
USDCHF,C,2025-02-19 03:00:00+00:00,long,0.90409,0.90064,0.90754,0.90064,SL,-34.5,-103.5,0.3,10397.7
USDCHF,C,2025-02-24 09:30:00+00:00,long,0.89674,0.89482,0.89866,0.89866,TP,19.2,103.68,0.54,10501.38
USDCHF,C,2025-02-24 23:45:00+00:00,short,0.89724,0.90024,0.89424,0.89424,TP,30.0,105.0,0.35,10606.38
USDCHF,C,2025-02-25 16:00:00+00:00,short,0.89373,0.89787,0.88959,0.89787,SL,-41.4,-107.64,0.26,10498.74
USDCHF,C,2025-02-28 07:30:00+00:00,short,0.89915,0.90058,0.89772,0.90058,SL,-14.3,-104.39,0.73,10394.35
USDCHF,C,2025-03-03 22:30:00+00:00,short,0.89641,0.90221,0.89061,0.89061,TP,58.0,104.4,0.18,10498.75
USDCHF,C,2025-03-05 22:30:00+00:00,long,0.89096,0.88506,0.89686,0.88506,SL,-59.0,-106.2,0.18,10392.55
USDCHF,C,2025-03-07 04:00:00+00:00,short,0.88272,0.88465,0.88079,0.88079,TP,19.3,104.22,0.54,10496.77
USDCHF,C,2025-03-07 10:00:00+00:00,short,0.8805,0.88465,0.87635,0.87635,TP,41.5,103.75,0.25,10600.52
USDCHF,C,2025-03-11 04:15:00+00:00,short,0.8786,0.88261,0.87459,0.88261,SL,-40.1,-104.26,0.26,10496.26
USDCHF,C,2025-03-13 08:45:00+00:00,short,0.88116,0.88247,0.87985,0.88247,SL,-13.1,-104.8,0.8,10391.46
USDCHF,C,2025-03-14 18:00:00+00:00,short,0.88531,0.88685,0.88377,0.88377,TP,15.4,103.18,0.67,10494.64
USDCHF,C,2025-03-17 05:15:00+00:00,short,0.88386,0.88568,0.88204,0.88204,TP,18.2,105.56,0.58,10600.2
USDCHF,C,2025-03-18 07:45:00+00:00,short,0.88119,0.88208,0.8803,0.8803,TP,8.9,105.91,1.19,10706.11
USDCHF,C,2025-03-18 19:30:00+00:00,short,0.87672,0.88113,0.87231,0.88113,SL,-44.1,-105.84,0.24,10600.27
USDCHF,C,2025-03-20 12:15:00+00:00,long,0.88096,0.87501,0.88691,0.87501,SL,-59.5,-107.1,0.18,10493.17
USDCHF,C,2025-04-07 16:30:00+00:00,short,0.85604,0.85878,0.8533,0.85878,SL,-27.4,-104.12,0.38,10389.05
USDCHF,C,2025-04-08 03:15:00+00:00,short,0.85943,0.86095,0.85791,0.85791,TP,15.2,103.36,0.68,10492.41
USDCHF,C,2025-04-08 10:30:00+00:00,short,0.85738,0.86095,0.85381,0.85381,TP,35.7,103.53,0.29,10595.94
USDCHF,C,2025-04-09 09:45:00+00:00,long,0.84298,0.83755,0.84841,0.83755,SL,-54.3,-108.6,0.2,10487.34
USDCHF,C,2025-04-14 02:15:00+00:00,short,0.8175,0.81975,0.81525,0.81525,TP,22.5,105.75,0.47,10593.09
USDCHF,C,2025-04-16 03:45:00+00:00,short,0.81839,0.82433,0.81245,0.81245,TP,59.4,106.92,0.18,10700.01
USDCHF,C,2025-04-18 09:15:00+00:00,long,0.81829,0.81687,0.81971,0.81687,SL,-14.2,-106.5,0.75,10593.51
USDCHF,C,2025-04-21 07:30:00+00:00,long,0.80884,0.8063,0.81138,0.8063,SL,-25.4,-106.68,0.42,10486.83
USDCHF,C,2025-04-23 07:30:00+00:00,long,0.82253,0.81642,0.82864,0.82864,TP,61.1,103.87,0.17,10590.7
USDCHF,C,2025-04-23 23:45:00+00:00,long,0.8302,0.8191,0.8413,0.8191,SL,-111.0,-111.0,0.1,10479.7
USDCHF,C,2025-04-29 05:00:00+00:00,long,0.82207,0.81857,0.82557,0.82557,TP,35.0,105.0,0.3,10584.7
USDCHF,C,2025-04-30 14:45:00+00:00,short,0.82501,0.8267,0.82332,0.82332,TP,16.9,106.47,0.63,10691.17
USDCHF,C,2025-05-01 05:30:00+00:00,short,0.82638,0.82766,0.8251,0.82766,SL,-12.8,-107.52,0.84,10583.65
USDCHF,C,2025-05-02 22:30:00+00:00,short,0.8268,0.82844,0.82516,0.82516,TP,16.4,106.6,0.65,10690.25
USDCHF,C,2025-05-06 14:45:00+00:00,short,0.82479,0.82539,0.82419,0.82539,SL,-6.0,-106.8,1.78,10583.45
USDCHF,C,2025-05-06 16:00:00+00:00,short,0.82445,0.82694,0.82196,0.82196,TP,24.9,107.07,0.43,10690.52
USDCHF,C,2025-05-06 22:30:00+00:00,short,0.8214,0.82694,0.81586,0.82694,SL,-55.4,-105.26,0.19,10585.26
USDCHF,C,2025-05-07 05:15:00+00:00,long,0.82609,0.82017,0.83201,0.82017,SL,-59.2,-106.56,0.18,10478.7
USDCHF,C,2025-05-08 02:45:00+00:00,short,0.82339,0.82483,0.82195,0.82483,SL,-14.4,-105.12,0.73,10373.58
USDCHF,C,2025-05-08 14:15:00+00:00,long,0.82525,0.82175,0.82875,0.82875,TP,35.0,105.0,0.3,10478.58
USDCHF,C,2025-05-12 08:00:00+00:00,long,0.83401,0.83245,0.83557,0.83557,TP,15.6,104.52,0.67,10583.1
USDCHF,C,2025-05-12 12:15:00+00:00,long,0.8416,0.83245,0.85075,0.83245,SL,-91.5,-109.8,0.12,10473.3
USDCHF,C,2025-05-15 15:15:00+00:00,long,0.83749,0.83536,0.83962,0.83536,SL,-21.3,-104.37,0.49,10368.93
USDCHF,C,2025-05-19 16:00:00+00:00,long,0.83353,0.83125,0.83581,0.83581,TP,22.8,102.6,0.45,10471.53
USDCHF,C,2025-05-21 04:15:00+00:00,short,0.82584,0.83517,0.81651,0.81651,TP,93.3,102.63,0.11,10574.16
USDCHF,C,2025-06-03 03:00:00+00:00,short,0.81607,0.81889,0.81325,0.81889,SL,-28.2,-104.34,0.37,10469.82
USDCHF,C,2025-06-03 14:30:00+00:00,long,0.82094,0.81627,0.82561,0.81627,SL,-46.7,-102.74,0.22,10367.08
USDCHF,C,2025-06-05 02:30:00+00:00,short,0.81787,0.81954,0.8162,0.81954,SL,-16.7,-103.54,0.62,10263.54
USDCHF,C,2025-06-05 11:45:00+00:00,long,0.82041,0.81659,0.82423,0.82423,TP,38.2,103.14,0.27,10366.68
USDCHF,C,2025-06-06 18:00:00+00:00,long,0.82319,0.82044,0.82594,0.82044,SL,-27.5,-104.5,0.38,10262.18
USDCHF,C,2025-06-10 05:15:00+00:00,long,0.82362,0.82019,0.82705,0.82019,SL,-34.3,-102.9,0.3,10159.28
USDCHF,C,2025-06-12 14:15:00+00:00,short,0.81201,0.81796,0.80606,0.80606,TP,59.5,101.15,0.17,10260.43
USDCHF,C,2025-06-13 08:45:00+00:00,long,0.80975,0.80498,0.81452,0.81452,TP,47.7,104.94,0.22,10365.37
USDCHF,C,2025-06-16 03:00:00+00:00,long,0.81181,0.8091,0.81452,0.8091,SL,-27.1,-102.98,0.38,10262.39
USDCHF,C,2025-06-17 18:15:00+00:00,long,0.8142,0.81143,0.81697,0.81697,TP,27.7,102.49,0.37,10364.88
USDCHF,C,2025-06-18 07:00:00+00:00,long,0.81655,0.81138,0.82172,0.81138,SL,-51.7,-103.4,0.2,10261.48
USDCHF,C,2025-06-24 03:45:00+00:00,short,0.81257,0.8132,0.81194,0.81194,TP,6.3,102.69,1.63,10364.17
USDCHF,C,2025-06-25 08:30:00+00:00,long,0.80524,0.80366,0.80682,0.80682,TP,15.8,104.28,0.66,10468.45
USDCHF,C,2025-06-26 08:15:00+00:00,long,0.80354,0.80261,0.80447,0.80261,SL,-9.3,-105.09,1.13,10363.36
USDCHF,C,2025-06-26 13:30:00+00:00,short,0.80017,0.80456,0.79578,0.79578,TP,43.9,105.36,0.24,10468.72
USDCHF,C,2025-06-27 23:30:00+00:00,short,0.79929,0.8011,0.79748,0.79748,TP,18.1,104.98,0.58,10573.7
USDCHF,C,2025-06-30 17:45:00+00:00,short,0.79603,0.79974,0.79232,0.79232,TP,37.1,107.59,0.29,10681.29
USDCHF,C,2025-07-01 12:45:00+00:00,short,0.78812,0.79318,0.78306,0.79318,SL,-50.6,-106.26,0.21,10575.03
USDCHF,C,2025-07-08 11:15:00+00:00,short,0.79653,0.79809,0.79497,0.79809,SL,-15.6,-106.08,0.68,10468.95
USDCHF,C,2025-07-08 22:45:00+00:00,long,0.79613,0.79472,0.79754,0.79754,TP,14.1,104.34,0.74,10573.29
USDCHF,C,2025-07-09 15:30:00+00:00,short,0.79648,0.79829,0.79467,0.79467,TP,18.1,104.98,0.58,10678.27
USDCHF,C,2025-07-09 23:15:00+00:00,long,0.79464,0.79334,0.79594,0.79334,SL,-13.0,-106.6,0.82,10571.67
USDCHF,C,2025-07-10 07:15:00+00:00,long,0.79394,0.79334,0.79454,0.79454,TP,6.0,105.6,1.76,10677.27
USDCHF,C,2025-07-11 04:00:00+00:00,long,0.79743,0.79466,0.8002,0.8002,TP,27.7,108.03,0.39,10785.3
USDCHF,C,2025-07-17 04:45:00+00:00,long,0.80167,0.79408,0.80926,0.79408,SL,-75.9,-106.26,0.14,10679.04
USDCHF,C,2025-07-23 03:45:00+00:00,long,0.79326,0.79106,0.79546,0.79106,SL,-22.0,-107.8,0.49,10571.24
USDCHF,C,2025-07-23 19:00:00+00:00,short,0.79409,0.79535,0.79283,0.79283,TP,12.6,105.84,0.84,10677.08
USDCHF,C,2025-07-24 02:30:00+00:00,short,0.79182,0.79535,0.78829,0.79535,SL,-35.3,-105.9,0.3,10571.18
USDCHF,C,2025-07-25 16:45:00+00:00,long,0.79677,0.79413,0.79941,0.79941,TP,26.4,105.6,0.4,10676.78
USDCHF,C,2025-07-28 15:00:00+00:00,long,0.80042,0.79382,0.80702,0.80702,TP,66.0,105.6,0.16,10782.38
USDCHF,C,2025-07-30 06:00:00+00:00,short,0.80425,0.80625,0.80225,0.80625,SL,-20.0,-108.0,0.54,10674.38
USDCHF,C,2025-07-31 03:15:00+00:00,short,0.81301,0.81549,0.81053,0.81549,SL,-24.8,-106.64,0.43,10567.74
USDCHF,C,2025-08-04 03:00:00+00:00,short,0.80394,0.80858,0.7993,0.80858,SL,-46.4,-106.72,0.23,10461.02
USDCHF,C,2025-08-04 11:45:00+00:00,long,0.80896,0.80415,0.81377,0.80415,SL,-48.1,-105.82,0.22,10355.2
USDCHF,C,2025-08-13 23:30:00+00:00,short,0.80533,0.80623,0.80443,0.80443,TP,9.0,103.5,1.15,10458.7
USDCHF,C,2025-08-14 05:15:00+00:00,long,0.80494,0.80204,0.80784,0.80784,TP,29.0,104.4,0.36,10563.1
USDCHF,C,2025-08-14 23:30:00+00:00,long,0.80747,0.80444,0.8105,0.80444,SL,-30.3,-106.05,0.35,10457.05
USDCHF,C,2025-08-18 22:15:00+00:00,short,0.80725,0.8085,0.806,0.806,TP,12.5,105.0,0.84,10562.05
USDCHF,C,2025-08-19 16:00:00+00:00,long,0.80544,0.80414,0.80674,0.80674,TP,13.0,105.3,0.81,10667.35
USDCHF,C,2025-08-22 09:30:00+00:00,long,0.80976,0.80586,0.81366,0.80586,SL,-39.0,-105.3,0.27,10562.05
USDCHF,C,2025-08-25 02:30:00+00:00,long,0.80236,0.79916,0.80556,0.80556,TP,32.0,105.6,0.33,10667.65
USDCHF,C,2025-08-26 03:00:00+00:00,long,0.80629,0.80134,0.81124,0.80134,SL,-49.5,-108.9,0.22,10558.75
USDCHF,C,2025-08-28 07:00:00+00:00,short,0.80133,0.80226,0.8004,0.8004,TP,9.3,106.02,1.14,10664.77
USDCHF,C,2025-08-28 18:15:00+00:00,long,0.80202,0.7988,0.80524,0.7988,SL,-32.2,-106.26,0.33,10558.51
USDCHF,C,2025-09-01 22:30:00+00:00,short,0.8004,0.80167,0.79913,0.80167,SL,-12.7,-105.41,0.83,10453.1
USDCHF,C,2025-09-02 13:30:00+00:00,long,0.80475,0.80022,0.80928,0.80022,SL,-45.3,-104.19,0.23,10348.91
USDCHF,C,2025-09-05 17:30:00+00:00,short,0.79865,0.80623,0.79107,0.79107,TP,75.8,106.12,0.14,10455.03
USDCHF,C,2025-09-16 15:45:00+00:00,long,0.79084,0.79022,0.79146,0.79022,SL,-6.2,-104.78,1.69,10350.25
USDCHF,C,2025-09-17 03:00:00+00:00,short,0.78577,0.78709,0.78445,0.78709,SL,-13.2,-102.96,0.78,10247.29
USDCHF,C,2025-09-19 22:30:00+00:00,long,0.79551,0.79357,0.79745,0.79357,SL,-19.4,-102.82,0.53,10144.47
USDCHF,C,2025-09-22 04:00:00+00:00,long,0.79643,0.79357,0.79929,0.79357,SL,-28.6,-100.1,0.35,10044.37
USDCHF,C,2025-09-22 17:15:00+00:00,short,0.79369,0.79776,0.78962,0.79776,SL,-40.7,-101.75,0.25,9942.62
USDCHF,C,2025-09-25 17:45:00+00:00,long,0.79978,0.79457,0.80499,0.79457,SL,-52.1,-98.99,0.19,9843.63
USDCHF,C,2025-09-30 22:30:00+00:00,short,0.79598,0.79901,0.79295,0.79295,TP,30.3,96.96,0.32,9940.59
USDCHF,C,2025-10-01 15:15:00+00:00,long,0.79713,0.7923,0.80196,0.80196,TP,48.3,101.43,0.21,10042.02
USDCHF,C,2025-10-09 07:15:00+00:00,long,0.80048,0.79972,0.80124,0.80124,TP,7.6,100.32,1.32,10142.34
USDCHF,C,2025-10-10 04:45:00+00:00,long,0.80659,0.80462,0.80856,0.80462,SL,-19.7,-100.47,0.51,10041.87
USDCHF,C,2025-10-13 06:30:00+00:00,long,0.80126,0.80036,0.80216,0.80036,SL,-9.0,-100.8,1.12,9941.07
USDCHF,C,2025-10-13 16:00:00+00:00,long,0.80462,0.79947,0.80977,0.79947,SL,-51.5,-97.85,0.19,9843.22
USDCHF,C,2025-10-15 07:15:00+00:00,short,0.8,0.80194,0.79806,0.79806,TP,19.4,98.94,0.51,9942.16
USDCHF,C,2025-10-17 05:45:00+00:00,short,0.7906,0.79893,0.78227,0.79893,SL,-83.3,-99.96,0.12,9842.2
USDCHF,C,2025-10-31 02:30:00+00:00,long,0.80145,0.80084,0.80206,0.80206,TP,6.1,98.21,1.61,9940.41
USDCHF,C,2025-10-31 16:00:00+00:00,long,0.80389,0.80087,0.80691,0.80691,TP,30.2,99.66,0.33,10040.07
USDCHF,C,2025-11-03 13:00:00+00:00,long,0.80704,0.8033,0.81078,0.81078,TP,37.4,100.98,0.27,10141.05
USDCHF,C,2025-11-05 06:30:00+00:00,short,0.80948,0.8113,0.80766,0.8113,SL,-18.2,-101.92,0.56,10039.13
USDCHF,C,2025-11-05 13:45:00+00:00,long,0.81028,0.80739,0.81317,0.80739,SL,-28.9,-101.15,0.35,9937.98
USDCHF,C,2025-11-06 18:00:00+00:00,short,0.80747,0.80993,0.80501,0.80501,TP,24.6,98.4,0.4,10036.38
USDCHF,C,2025-11-10 06:45:00+00:00,short,0.80604,0.80769,0.80439,0.80439,TP,16.5,100.65,0.61,10137.03
USDCHF,C,2025-11-10 23:45:00+00:00,long,0.80472,0.80388,0.80556,0.80556,TP,8.4,101.64,1.21,10238.67
USDCHF,C,2025-11-11 06:15:00+00:00,short,0.80481,0.80662,0.803,0.803,TP,18.1,103.17,0.57,10341.84
USDCHF,C,2025-11-11 13:15:00+00:00,short,0.80185,0.80662,0.79708,0.79708,TP,47.7,104.94,0.22,10446.78
USDCHF,C,2025-11-12 23:15:00+00:00,long,0.79804,0.79621,0.79987,0.79621,SL,-18.3,-104.31,0.57,10342.47
USDCHF,C,2025-11-13 14:15:00+00:00,short,0.79565,0.79987,0.79143,0.79143,TP,42.2,105.5,0.25,10447.97
USDCHF,C,2025-11-14 02:45:00+00:00,long,0.79333,0.7903,0.79636,0.7903,SL,-30.3,-103.02,0.34,10344.95
USDCHF,C,2025-11-14 17:15:00+00:00,long,0.79182,0.78726,0.79638,0.79638,TP,45.6,104.88,0.23,10449.83
USDCHF,C,2025-11-19 04:15:00+00:00,long,0.80054,0.79788,0.8032,0.8032,TP,26.6,103.74,0.39,10553.57
USDCHF,C,2025-11-19 23:15:00+00:00,long,0.80621,0.80033,0.81209,0.80033,SL,-58.8,-105.84,0.18,10447.73
USDCHF,C,2025-12-01 19:00:00+00:00,long,0.80323,0.79907,0.80739,0.79907,SL,-41.6,-104.0,0.25,10343.73
USDCHF,C,2025-12-04 05:00:00+00:00,long,0.80041,0.79848,0.80234,0.80234,TP,19.3,104.22,0.54,10447.95
USDCHF,C,2025-12-04 22:15:00+00:00,long,0.80334,0.799,0.80768,0.80768,TP,43.4,104.16,0.24,10552.11
USDCHF,C,2025-12-09 05:30:00+00:00,short,0.80595,0.80767,0.80423,0.80767,SL,-17.2,-104.92,0.61,10447.19
USDCHF,C,2025-12-10 12:15:00+00:00,long,0.80517,0.80445,0.80589,0.80445,SL,-7.2,-104.4,1.45,10342.79
USDCHF,C,2025-12-11 23:30:00+00:00,long,0.79492,0.79188,0.79796,0.79796,TP,30.4,103.36,0.34,10446.15
USDCHF,C,2025-12-17 15:30:00+00:00,short,0.79578,0.79921,0.79235,0.79235,TP,34.3,102.9,0.3,10549.05
USDCHF,C,2025-12-22 19:45:00+00:00,short,0.79181,0.79427,0.78935,0.78935,TP,24.6,105.78,0.43,10654.83
USDJPY,C,2025-01-02 22:30:00+00:00,short,157.618,157.898,157.338,157.338,TP,28.0,280.0,0.01,10280.0
USDJPY,C,2025-01-03 08:15:00+00:00,short,157.278,157.508,157.048,157.048,TP,23.0,230.0,0.01,10510.0
USDJPY,C,2025-01-08 17:15:00+00:00,short,158.331,158.602,158.06,158.06,TP,27.1,271.0,0.01,10781.0
USDJPY,C,2025-01-10 08:30:00+00:00,long,158.311,157.987,158.635,157.987,SL,-32.4,-324.0,0.01,10457.0
USDJPY,C,2025-01-13 09:00:00+00:00,long,157.51,157.219,157.801,157.219,SL,-29.1,-291.0,0.01,10166.0
USDJPY,C,2025-01-13 15:00:00+00:00,short,157.105,157.719,156.491,157.719,SL,-61.4,-614.0,0.01,9552.0
USDJPY,C,2025-01-14 15:15:00+00:00,short,157.84,158.079,157.601,157.601,TP,23.9,239.0,0.01,9791.0
USDJPY,C,2025-01-16 12:45:00+00:00,short,155.707,156.363,155.051,155.051,TP,65.6,656.0,0.01,10447.0
USDJPY,C,2025-01-17 04:00:00+00:00,short,155.236,155.532,154.94,155.532,SL,-29.6,-296.0,0.01,10151.0
USDJPY,C,2025-01-17 15:45:00+00:00,short,155.69,155.898,155.482,155.898,SL,-20.8,-208.0,0.01,9943.0
USDJPY,C,2025-01-17 23:45:00+00:00,long,156.205,156.055,156.355,156.355,TP,15.0,150.0,0.01,10093.0
USDJPY,C,2025-01-20 09:15:00+00:00,long,156.216,155.657,156.775,155.657,SL,-55.9,-559.0,0.01,9534.0
USDJPY,C,2025-01-20 22:15:00+00:00,short,155.614,156.1,155.128,155.128,TP,48.6,486.0,0.01,10020.0
USDJPY,C,2025-01-23 11:15:00+00:00,short,156.508,156.8,156.216,156.216,TP,29.2,292.0,0.01,10312.0
USDJPY,C,2025-01-23 16:00:00+00:00,short,156.276,156.8,155.752,155.752,TP,52.4,524.0,0.01,10836.0
USDJPY,C,2025-01-24 04:15:00+00:00,long,156.18,155.693,156.667,155.693,SL,-48.7,-487.0,0.01,10349.0
USDJPY,C,2025-01-27 03:15:00+00:00,short,155.508,156.048,154.968,156.048,SL,-54.0,-540.0,0.01,9809.0
USDJPY,C,2025-01-27 17:15:00+00:00,long,154.378,153.662,155.094,155.094,TP,71.6,716.0,0.01,10525.0
USDJPY,C,2025-01-29 14:00:00+00:00,long,155.394,154.959,155.829,154.959,SL,-43.5,-435.0,0.01,10090.0
USDJPY,C,2025-01-30 16:15:00+00:00,short,154.159,154.651,153.667,154.651,SL,-49.2,-492.0,0.01,9598.0
USDJPY,C,2025-02-03 17:00:00+00:00,short,154.584,155.765,153.403,153.403,TP,118.1,1181.0,0.01,10779.0
USDJPY,C,2025-02-07 07:30:00+00:00,short,151.728,151.784,151.672,151.784,SL,-5.6,-112.0,0.02,10667.0
USDJPY,C,2025-02-10 08:45:00+00:00,short,151.846,152.259,151.433,152.259,SL,-41.3,-413.0,0.01,10254.0
USDJPY,C,2025-02-11 07:30:00+00:00,short,151.976,152.099,151.853,151.853,TP,12.3,123.0,0.01,10377.0
USDJPY,C,2025-02-14 04:00:00+00:00,short,152.624,153.394,151.854,151.854,TP,77.0,770.0,0.01,11147.0
USDJPY,C,2025-02-17 12:30:00+00:00,short,151.759,151.993,151.525,151.525,TP,23.4,234.0,0.01,11381.0
USDJPY,C,2025-02-17 16:15:00+00:00,short,151.453,151.993,150.913,151.993,SL,-54.0,-540.0,0.01,10841.0
USDJPY,C,2025-02-18 07:00:00+00:00,long,152.146,151.288,153.004,151.288,SL,-85.8,-858.0,0.01,9983.0
USDJPY,C,2025-02-24 22:15:00+00:00,short,149.657,149.923,149.391,149.923,SL,-26.6,-266.0,0.01,9717.0
USDJPY,C,2025-02-26 07:45:00+00:00,long,149.459,148.564,150.354,150.354,TP,89.5,895.0,0.01,10612.0
USDJPY,C,2025-03-03 09:00:00+00:00,long,150.38,150.193,150.567,150.193,SL,-18.7,-187.0,0.01,10425.0
USDJPY,C,2025-03-03 13:15:00+00:00,long,150.855,150.193,151.517,150.193,SL,-66.2,-662.0,0.01,9763.0
USDJPY,C,2025-03-04 15:00:00+00:00,short,148.33,149.622,147.038,149.622,SL,-129.2,-1292.0,0.01,8471.0
USDJPY,C,2025-03-05 15:15:00+00:00,long,149.541,149.047,150.035,149.047,SL,-49.4,-494.0,0.01,7977.0
USDJPY,C,2025-03-06 02:45:00+00:00,long,149.176,148.688,149.664,148.688,SL,-48.8,-488.0,0.01,7489.0
USDJPY,C,2025-03-10 03:45:00+00:00,short,147.332,148.249,146.415,148.249,SL,-91.7,-917.0,0.01,6572.0
USDJPY,C,2025-03-13 06:45:00+00:00,short,147.917,148.423,147.411,148.423,SL,-50.6,-506.0,0.01,6066.0
USDJPY,C,2025-03-14 05:30:00+00:00,long,148.27,147.664,148.876,148.876,TP,60.6,606.0,0.01,6672.0
USDJPY,C,2025-03-18 23:30:00+00:00,long,149.263,149.045,149.481,149.481,TP,21.8,218.0,0.01,6890.0
USDJPY,C,2025-03-24 15:15:00+00:00,short,149.797,150.001,149.593,150.001,SL,-20.4,-204.0,0.01,6686.0
USDJPY,C,2025-03-26 11:30:00+00:00,short,150.175,150.667,149.683,150.667,SL,-49.2,-492.0,0.01,6194.0
USDJPY,C,2025-03-27 07:15:00+00:00,short,150.169,150.666,149.672,150.666,SL,-49.7,-497.0,0.01,5697.0
USDJPY,C,2025-03-27 14:15:00+00:00,long,150.832,150.003,151.661,150.003,SL,-82.9,-829.0,0.01,4868.0
USDJPY,C,2025-03-31 17:45:00+00:00,long,149.673,148.665,150.681,148.665,SL,-100.8,-1008.0,0.01,3860.0
USDJPY,C,2025-04-07 10:45:00+00:00,short,145.72,146.894,144.546,146.894,SL,-117.4,-1174.0,0.01,2686.0
USDJPY,C,2025-04-08 09:15:00+00:00,short,147.569,148.161,146.977,146.977,TP,59.2,592.0,0.01,3278.0
USDJPY,C,2025-04-15 12:45:00+00:00,short,142.878,143.633,142.123,142.123,TP,75.5,755.0,0.01,4033.0
USDJPY,C,2025-04-16 11:15:00+00:00,short,142.281,143.321,141.241,141.241,TP,104.0,1040.0,0.01,5073.0
USDJPY,C,2025-04-21 17:30:00+00:00,short,140.815,141.118,140.512,141.118,SL,-30.3,-303.0,0.01,4770.0
USDJPY,C,2025-04-22 15:45:00+00:00,short,140.469,140.671,140.267,140.671,SL,-20.2,-202.0,0.01,4568.0
USDJPY,C,2025-04-28 07:00:00+00:00,short,143.579,143.919,143.239,143.239,TP,34.0,340.0,0.01,4908.0
USDJPY,C,2025-04-30 15:00:00+00:00,short,143.027,143.194,142.86,142.86,TP,16.7,167.0,0.01,5075.0
USDJPY,C,2025-05-02 07:00:00+00:00,short,145.289,145.961,144.617,144.617,TP,67.2,672.0,0.01,5747.0
USDJPY,C,2025-05-05 09:15:00+00:00,long,144.188,144.006,144.37,144.37,TP,18.2,182.0,0.01,5929.0
USDJPY,C,2025-05-06 09:30:00+00:00,long,143.718,143.5,143.936,143.5,SL,-21.8,-218.0,0.01,5711.0
USDJPY,C,2025-05-06 15:00:00+00:00,short,142.913,143.97,141.856,143.97,SL,-105.7,-1057.0,0.01,4654.0
USDJPY,C,2025-05-12 23:15:00+00:00,long,148.397,147.755,149.039,147.755,SL,-64.2,-642.0,0.01,4012.0
USDJPY,C,2025-05-15 07:15:00+00:00,short,146.062,146.941,145.183,145.183,TP,87.9,879.0,0.01,4891.0
USDJPY,C,2025-05-16 23:30:00+00:00,short,145.932,146.139,145.725,145.725,TP,20.7,207.0,0.01,5098.0
USDJPY,C,2025-05-20 15:00:00+00:00,long,144.547,144.032,145.062,144.032,SL,-51.5,-515.0,0.01,4583.0
USDJPY,C,2025-05-21 07:30:00+00:00,short,143.825,145.017,142.633,142.633,TP,119.2,1192.0,0.01,5775.0
USDJPY,C,2025-05-26 08:45:00+00:00,long,142.469,142.168,142.77,142.77,TP,30.1,301.0,0.01,6076.0
USDJPY,C,2025-05-26 15:15:00+00:00,short,142.904,143.031,142.777,142.777,TP,12.7,127.0,0.01,6203.0
USDJPY,C,2025-05-27 04:30:00+00:00,short,142.251,142.949,141.553,142.949,SL,-69.8,-698.0,0.01,5505.0
USDJPY,C,2025-05-27 13:45:00+00:00,long,144.047,142.056,146.038,146.038,TP,199.1,1991.0,0.01,7496.0
USDJPY,C,2025-05-29 12:00:00+00:00,long,145.179,144.679,145.679,144.679,SL,-50.0,-500.0,0.01,6996.0
USDJPY,C,2025-05-30 04:30:00+00:00,short,143.744,146.134,141.354,146.134,SL,-239.0,-2390.0,0.01,4606.0
USDJPY,C,2025-06-23 05:00:00+00:00,long,146.506,145.192,147.82,147.82,TP,131.4,1314.0,0.01,5920.0
USDJPY,C,2025-06-24 15:30:00+00:00,long,145.011,144.792,145.23,144.792,SL,-21.9,-219.0,0.01,5701.0
USDJPY,C,2025-06-24 23:30:00+00:00,short,144.846,145.239,144.453,145.239,SL,-39.3,-393.0,0.01,5308.0
USDJPY,C,2025-06-25 12:45:00+00:00,long,145.624,144.549,146.699,144.549,SL,-107.5,-1075.0,0.01,4233.0
USDJPY,C,2025-06-26 15:30:00+00:00,short,144.34,145.006,143.674,143.674,TP,66.6,666.0,0.01,4899.0
USDJPY,C,2025-07-01 23:00:00+00:00,long,143.635,142.623,144.647,144.647,TP,101.2,1012.0,0.01,5911.0
USDJPY,C,2025-07-03 18:15:00+00:00,long,144.894,143.422,146.366,146.366,TP,147.2,1472.0,0.01,7383.0
USDJPY,C,2025-07-08 12:15:00+00:00,long,146.104,145.824,146.384,146.384,TP,28.0,280.0,0.01,7663.0
USDJPY,C,2025-07-10 14:45:00+00:00,long,146.236,146.006,146.466,146.466,TP,23.0,230.0,0.01,7893.0
USDJPY,C,2025-07-10 17:45:00+00:00,long,146.487,146.006,146.968,146.968,TP,48.1,481.0,0.01,8374.0
USDJPY,C,2025-07-15 02:45:00+00:00,long,147.776,147.097,148.455,148.455,TP,67.9,679.0,0.01,9053.0
USDJPY,C,2025-07-15 18:45:00+00:00,long,148.9,147.552,150.248,147.552,SL,-134.8,-1348.0,0.01,7705.0
USDJPY,C,2025-07-17 02:30:00+00:00,short,147.864,148.97,146.758,148.97,SL,-110.6,-1106.0,0.01,6599.0
USDJPY,C,2025-07-18 14:45:00+00:00,short,148.504,148.924,148.084,148.084,TP,42.0,420.0,0.01,7019.0
USDJPY,C,2025-07-21 04:00:00+00:00,short,148.379,148.895,147.863,147.863,TP,51.6,516.0,0.01,7535.0
USDJPY,C,2025-07-21 11:45:00+00:00,short,147.907,148.602,147.212,147.212,TP,69.5,695.0,0.01,8230.0
USDJPY,C,2025-07-21 22:30:00+00:00,long,147.288,147.026,147.55,147.55,TP,26.2,262.0,0.01,8492.0
USDJPY,C,2025-07-22 12:30:00+00:00,short,147.585,147.754,147.416,147.416,TP,16.9,169.0,0.01,8661.0
USDJPY,C,2025-07-24 11:15:00+00:00,long,146.35,145.797,146.903,146.903,TP,55.3,553.0,0.01,9214.0
USDJPY,C,2025-07-25 07:30:00+00:00,long,147.202,146.299,148.105,148.105,TP,90.3,903.0,0.01,10117.0
USDJPY,C,2025-07-28 14:00:00+00:00,long,148.339,147.461,149.217,149.217,TP,87.8,878.0,0.01,10995.0
USDJPY,C,2025-07-31 07:00:00+00:00,short,148.826,149.596,148.056,149.596,SL,-77.0,-770.0,0.01,10225.0
USDJPY,C,2025-08-01 02:30:00+00:00,long,150.719,150.588,150.85,150.85,TP,13.1,131.0,0.01,10356.0
USDJPY,C,2025-08-01 14:45:00+00:00,short,150.431,150.672,150.19,150.19,TP,24.1,241.0,0.01,10597.0
USDJPY,C,2025-08-05 03:15:00+00:00,short,146.874,147.157,146.591,147.157,SL,-28.3,-283.0,0.01,10314.0
USDJPY,C,2025-08-05 09:30:00+00:00,short,147.153,147.31,146.996,147.31,SL,-15.7,-157.0,0.01,10157.0
USDJPY,C,2025-08-06 19:45:00+00:00,short,147.407,147.934,146.88,146.88,TP,52.7,527.0,0.01,10684.0
USDJPY,C,2025-08-08 04:30:00+00:00,long,147.259,146.888,147.63,147.63,TP,37.1,371.0,0.01,11055.0
USDJPY,C,2025-08-11 03:30:00+00:00,short,147.699,147.946,147.452,147.452,TP,24.7,247.0,0.01,11302.0
USDJPY,C,2025-08-11 08:15:00+00:00,long,147.471,147.416,147.526,147.526,TP,5.5,110.0,0.02,11412.0
USDJPY,C,2025-08-11 12:00:00+00:00,long,147.496,147.369,147.623,147.623,TP,12.7,127.0,0.01,11539.0
USDJPY,C,2025-08-14 13:15:00+00:00,long,146.557,146.157,146.957,146.957,TP,40.0,400.0,0.01,11939.0
USDJPY,C,2025-08-18 07:00:00+00:00,short,147.45,147.626,147.274,147.274,TP,17.6,176.0,0.01,12115.0
USDJPY,C,2025-08-19 03:00:00+00:00,long,147.892,147.603,148.181,147.603,SL,-28.9,-289.0,0.01,11826.0
USDJPY,C,2025-08-20 22:30:00+00:00,long,147.257,146.813,147.701,147.701,TP,44.4,444.0,0.01,12270.0
USDJPY,C,2025-08-21 23:45:00+00:00,short,148.375,148.444,148.306,148.306,TP,6.9,138.0,0.02,12408.0
USDJPY,C,2025-08-26 06:30:00+00:00,long,147.65,146.931,148.369,146.931,SL,-71.9,-719.0,0.01,11689.0
USDJPY,C,2025-08-28 22:45:00+00:00,long,146.908,146.603,147.213,147.213,TP,30.5,305.0,0.01,11994.0
USDJPY,C,2025-09-01 05:15:00+00:00,long,147.132,146.711,147.553,147.553,TP,42.1,421.0,0.01,12415.0
USDJPY,C,2025-09-02 23:00:00+00:00,long,148.353,147.879,148.827,148.827,TP,47.4,474.0,0.01,12889.0
USDJPY,C,2025-09-03 13:30:00+00:00,short,148.634,149.179,148.089,148.089,TP,54.5,545.0,0.01,13434.0
USDJPY,C,2025-09-05 11:30:00+00:00,short,148.16,148.323,147.997,147.997,TP,16.3,163.0,0.01,13597.0
USDJPY,C,2025-09-05 22:30:00+00:00,short,147.444,148.323,146.565,148.323,SL,-87.9,-879.0,0.01,12718.0
USDJPY,C,2025-09-09 11:15:00+00:00,long,147.206,147.106,147.306,147.106,SL,-10.0,-100.0,0.01,12618.0
USDJPY,C,2025-09-09 14:15:00+00:00,short,146.604,147.452,145.756,147.452,SL,-84.8,-848.0,0.01,11770.0
USDJPY,C,2025-09-11 05:30:00+00:00,long,147.455,147.231,147.679,147.679,TP,22.4,224.0,0.01,11994.0
USDJPY,C,2025-09-11 14:30:00+00:00,short,147.969,148.04,147.898,147.898,TP,7.1,142.0,0.02,12136.0
USDJPY,C,2025-09-11 22:45:00+00:00,long,147.162,146.935,147.389,147.389,TP,22.7,227.0,0.01,12363.0
USDJPY,C,2025-09-12 06:30:00+00:00,long,147.441,147.065,147.817,147.817,TP,37.6,376.0,0.01,12739.0
USDJPY,C,2025-09-15 02:30:00+00:00,short,147.692,147.844,147.54,147.54,TP,15.2,152.0,0.01,12891.0
USDJPY,C,2025-09-15 05:45:00+00:00,short,147.552,147.844,147.26,147.26,TP,29.2,292.0,0.01,13183.0
USDJPY,C,2025-09-16 03:45:00+00:00,long,147.442,147.192,147.692,147.192,SL,-25.0,-250.0,0.01,12933.0
USDJPY,C,2025-09-17 12:00:00+00:00,short,146.45,146.656,146.244,146.244,TP,20.6,206.0,0.01,13139.0
USDJPY,C,2025-09-18 10:00:00+00:00,long,147.283,146.72,147.846,147.846,TP,56.3,563.0,0.01,13702.0
USDJPY,C,2025-09-19 22:30:00+00:00,long,147.96,147.738,148.182,148.182,TP,22.2,222.0,0.01,13924.0
USDJPY,C,2025-09-22 07:30:00+00:00,long,148.333,147.768,148.898,147.768,SL,-56.5,-565.0,0.01,13359.0
USDJPY,C,2025-09-23 04:30:00+00:00,short,147.684,147.832,147.536,147.832,SL,-14.8,-148.0,0.01,13211.0
USDJPY,C,2025-09-23 15:45:00+00:00,long,147.814,147.457,148.171,148.171,TP,35.7,357.0,0.01,13568.0
USDJPY,C,2025-09-25 10:00:00+00:00,long,148.698,148.509,148.887,148.887,TP,18.9,189.0,0.01,13757.0
USDJPY,C,2025-09-29 14:45:00+00:00,long,148.643,148.418,148.868,148.418,SL,-22.5,-225.0,0.01,13532.0
USDJPY,C,2025-10-01 13:30:00+00:00,long,147.145,146.847,147.443,146.847,SL,-29.8,-298.0,0.01,13234.0
USDJPY,C,2025-10-03 09:45:00+00:00,short,147.602,147.822,147.382,147.382,TP,22.0,220.0,0.01,13454.0
USDJPY,C,2025-10-03 13:15:00+00:00,short,147.349,147.822,146.876,147.822,SL,-47.3,-473.0,0.01,12981.0
USDJPY,C,2025-10-06 03:45:00+00:00,long,149.618,147.016,152.22,152.22,TP,260.2,2602.0,0.01,15583.0
USDJPY,C,2025-10-08 09:30:00+00:00,short,152.474,152.696,152.252,152.696,SL,-22.2,-222.0,0.01,15361.0
USDJPY,C,2025-10-08 12:45:00+00:00,long,152.893,152.206,153.58,152.206,SL,-68.7,-687.0,0.01,14674.0
USDJPY,C,2025-10-10 02:30:00+00:00,long,153.049,152.77,153.328,152.77,SL,-27.9,-279.0,0.01,14395.0
USDJPY,C,2025-10-13 19:45:00+00:00,long,152.265,151.669,152.861,151.669,SL,-59.6,-596.0,0.01,13799.0
USDJPY,C,2025-10-14 10:15:00+00:00,short,151.874,152.663,151.085,151.085,TP,78.9,789.0,0.01,14588.0
USDJPY,C,2025-10-15 06:15:00+00:00,short,151.036,151.924,150.148,150.148,TP,88.8,888.0,0.01,15476.0
USDJPY,C,2025-10-17 16:15:00+00:00,long,150.251,149.328,151.174,151.174,TP,92.3,923.0,0.01,16399.0
USDJPY,C,2025-10-21 18:30:00+00:00,short,151.79,152.224,151.356,152.224,SL,-43.4,-434.0,0.01,15965.0
USDJPY,C,2025-10-23 07:15:00+00:00,long,152.49,151.455,153.525,153.525,TP,103.5,1035.0,0.01,17000.0
USDJPY,C,2025-10-31 13:15:00+00:00,short,154.111,154.463,153.759,154.463,SL,-35.2,-352.0,0.01,16648.0
USDJPY,C,2025-11-04 22:15:00+00:00,long,153.651,153.287,154.015,153.287,SL,-36.4,-364.0,0.01,16284.0
USDJPY,C,2025-11-05 03:30:00+00:00,short,153.103,153.739,152.467,153.739,SL,-63.6,-636.0,0.01,15648.0
USDJPY,C,2025-11-06 08:30:00+00:00,long,153.881,153.746,154.016,153.746,SL,-13.5,-135.0,0.01,15513.0
USDJPY,C,2025-11-06 11:15:00+00:00,short,153.735,154.076,153.394,153.394,TP,34.1,341.0,0.01,15854.0
USDJPY,C,2025-11-07 10:00:00+00:00,long,153.371,152.77,153.972,153.972,TP,60.1,601.0,0.01,16455.0
USDJPY,C,2025-11-12 19:30:00+00:00,short,154.624,155.096,154.152,154.152,TP,47.2,472.0,0.01,16927.0
USDJPY,C,2025-11-13 23:15:00+00:00,long,154.56,154.077,155.043,154.077,SL,-48.3,-483.0,0.01,16444.0
USDJPY,C,2025-11-17 06:30:00+00:00,long,154.615,154.366,154.864,154.864,TP,24.9,249.0,0.01,16693.0
USDJPY,C,2025-11-18 03:00:00+00:00,long,155.219,155.02,155.418,155.02,SL,-19.9,-199.0,0.01,16494.0
USDJPY,C,2025-11-19 05:15:00+00:00,short,155.33,155.642,155.018,155.642,SL,-31.2,-312.0,0.01,16182.0
USDJPY,C,2025-11-19 11:30:00+00:00,long,155.609,155.162,156.056,156.056,TP,44.7,447.0,0.01,16629.0
USDJPY,C,2025-11-21 19:15:00+00:00,short,156.62,157.015,156.225,157.015,SL,-39.5,-395.0,0.01,16234.0
USDJPY,C,2025-11-24 22:30:00+00:00,long,156.82,156.689,156.951,156.951,TP,13.1,131.0,0.01,16365.0
USDJPY,C,2025-11-25 05:15:00+00:00,short,156.648,157.03,156.266,156.266,TP,38.2,382.0,0.01,16747.0
USDJPY,C,2025-11-25 16:15:00+00:00,short,156.204,156.898,155.51,155.51,TP,69.4,694.0,0.01,17441.0
USDJPY,C,2025-12-01 08:30:00+00:00,long,155.612,155.342,155.882,155.342,SL,-27.0,-270.0,0.01,17171.0
USDJPY,C,2025-12-01 12:30:00+00:00,short,155.236,155.74,154.732,154.732,TP,50.4,504.0,0.01,17675.0
USDJPY,C,2025-12-02 03:15:00+00:00,long,155.654,155.333,155.975,155.975,TP,32.1,321.0,0.01,17996.0
USDJPY,C,2025-12-02 22:15:00+00:00,short,155.874,156.227,155.521,155.521,TP,35.3,353.0,0.01,18349.0
USDJPY,C,2025-12-03 17:00:00+00:00,short,155.5,155.803,155.197,155.197,TP,30.3,303.0,0.01,18652.0
USDJPY,C,2025-12-04 08:00:00+00:00,short,155.301,155.59,155.012,155.012,TP,28.9,289.0,0.01,18941.0
USDJPY,C,2025-12-05 04:45:00+00:00,short,155.068,155.271,154.865,154.865,TP,20.3,203.0,0.01,19144.0
USDJPY,C,2025-12-05 23:45:00+00:00,long,155.333,155.189,155.477,155.189,SL,-14.4,-144.0,0.01,19000.0
USDJPY,C,2025-12-08 06:30:00+00:00,short,155.087,155.433,154.741,155.433,SL,-34.6,-346.0,0.01,18654.0
USDJPY,C,2025-12-09 06:00:00+00:00,short,155.853,156.086,155.62,156.086,SL,-23.3,-233.0,0.01,18421.0
USDJPY,C,2025-12-10 09:45:00+00:00,long,156.704,156.508,156.9,156.508,SL,-19.6,-196.0,0.01,18225.0
USDJPY,C,2025-12-11 09:15:00+00:00,long,155.915,155.439,156.391,155.439,SL,-47.6,-476.0,0.01,17749.0
USDJPY,C,2025-12-12 13:15:00+00:00,long,155.934,155.487,156.381,155.487,SL,-44.7,-447.0,0.01,17302.0
USDJPY,C,2025-12-15 23:30:00+00:00,short,155.208,155.452,154.964,154.964,TP,24.4,244.0,0.01,17546.0
USDJPY,C,2025-12-16 07:45:00+00:00,short,154.799,155.452,154.146,155.452,SL,-65.3,-653.0,0.01,16893.0
USDJPY,C,2025-12-19 07:00:00+00:00,long,156.03,155.369,156.691,156.691,TP,66.1,661.0,0.01,17554.0
USDJPY,C,2025-12-19 23:45:00+00:00,long,157.737,157.348,158.126,157.348,SL,-38.9,-389.0,0.01,17165.0
USDJPY,C,2025-12-23 04:45:00+00:00,short,156.35,157.12,155.58,155.58,TP,77.0,770.0,0.01,17935.0
USDJPY,C,2025-12-24 23:45:00+00:00,short,155.927,156.123,155.731,156.123,SL,-19.6,-196.0,0.01,17739.0
USDJPY,C,2025-12-26 22:15:00+00:00,short,156.486,156.781,156.191,156.191,TP,29.5,295.0,0.01,18034.0
USDJPY,C,2025-12-29 15:15:00+00:00,short,156.31,156.449,156.171,156.171,TP,13.9,139.0,0.01,18173.0
USDJPY,C,2025-12-29 18:45:00+00:00,short,156.111,156.474,155.748,155.748,TP,36.3,363.0,0.01,18536.0
AUDUSD,C,2025-01-02 08:30:00+00:00,short,0.62141,0.62273,0.62009,0.62009,TP,13.2,100.32,0.76,10100.32
AUDUSD,C,2025-01-03 03:15:00+00:00,long,0.62101,0.61867,0.62335,0.62335,TP,23.4,100.62,0.43,10200.94
AUDUSD,C,2025-01-06 05:45:00+00:00,short,0.62234,0.62444,0.62024,0.62444,SL,-21.0,-102.9,0.49,10098.04
AUDUSD,C,2025-01-06 19:45:00+00:00,short,0.62386,0.63067,0.61705,0.61705,TP,68.1,102.15,0.15,10200.19
AUDUSD,C,2025-01-13 13:30:00+00:00,short,0.6148,0.61675,0.61285,0.61675,SL,-19.5,-101.4,0.52,10098.79
AUDUSD,C,2025-01-14 18:45:00+00:00,long,0.61803,0.61608,0.61998,0.61998,TP,19.5,101.4,0.52,10200.19
AUDUSD,C,2025-01-16 06:15:00+00:00,long,0.62102,0.62038,0.62166,0.62038,SL,-6.4,-101.76,1.59,10098.43
AUDUSD,C,2025-01-16 15:30:00+00:00,short,0.61972,0.62244,0.617,0.62244,SL,-27.2,-100.64,0.37,9997.79
AUDUSD,C,2025-01-17 02:45:00+00:00,long,0.62075,0.62003,0.62147,0.62147,TP,7.2,100.08,1.39,10097.87
AUDUSD,C,2025-01-17 23:00:00+00:00,short,0.61952,0.62319,0.61585,0.62319,SL,-36.7,-102.76,0.28,9995.11
AUDUSD,C,2025-01-20 16:00:00+00:00,long,0.62527,0.61915,0.63139,0.63139,TP,61.2,97.92,0.16,10093.03
AUDUSD,C,2025-01-24 13:45:00+00:00,short,0.63145,0.63352,0.62938,0.62938,TP,20.7,101.43,0.49,10194.46
AUDUSD,C,2025-01-27 07:00:00+00:00,short,0.629,0.63312,0.62488,0.62488,TP,41.2,103.0,0.25,10297.46
AUDUSD,C,2025-01-29 06:30:00+00:00,long,0.62377,0.62216,0.62538,0.62216,SL,-16.1,-103.04,0.64,10194.42
AUDUSD,C,2025-01-29 16:15:00+00:00,short,0.62187,0.62543,0.61831,0.62543,SL,-35.6,-103.24,0.29,10091.18
AUDUSD,C,2025-02-03 12:15:00+00:00,long,0.61431,0.60824,0.62038,0.62038,TP,60.7,103.19,0.17,10194.37
AUDUSD,C,2025-02-04 08:30:00+00:00,short,0.61919,0.62419,0.61419,0.62419,SL,-50.0,-100.0,0.2,10094.37
AUDUSD,C,2025-02-04 23:30:00+00:00,short,0.62571,0.62642,0.625,0.625,TP,7.1,100.82,1.42,10195.19
AUDUSD,C,2025-02-05 22:15:00+00:00,short,0.62832,0.63015,0.62649,0.62649,TP,18.3,102.48,0.56,10297.67
AUDUSD,C,2025-02-06 07:30:00+00:00,short,0.62658,0.63015,0.62301,0.63015,SL,-35.7,-103.53,0.29,10194.14
AUDUSD,C,2025-02-13 02:30:00+00:00,long,0.62833,0.62645,0.63021,0.62645,SL,-18.8,-101.52,0.54,10092.62
AUDUSD,C,2025-02-13 12:30:00+00:00,short,0.62694,0.63036,0.62352,0.63036,SL,-34.2,-102.6,0.3,9990.02
AUDUSD,C,2025-02-18 13:45:00+00:00,long,0.63566,0.6344,0.63692,0.6344,SL,-12.6,-99.54,0.79,9890.48
AUDUSD,C,2025-02-18 22:45:00+00:00,long,0.63509,0.63384,0.63634,0.63634,TP,12.5,98.75,0.79,9989.23
AUDUSD,C,2025-02-20 03:30:00+00:00,long,0.63409,0.63258,0.6356,0.6356,TP,15.1,99.66,0.66,10088.89
AUDUSD,C,2025-02-21 05:00:00+00:00,long,0.6403,0.63834,0.64226,0.63834,SL,-19.6,-99.96,0.51,9988.93
AUDUSD,C,2025-02-24 06:30:00+00:00,long,0.63781,0.63463,0.64099,0.63463,SL,-31.8,-98.58,0.31,9890.35
AUDUSD,C,2025-02-25 07:15:00+00:00,short,0.63523,0.6361,0.63436,0.63436,TP,8.7,99.18,1.14,9989.53
AUDUSD,C,2025-02-25 13:15:00+00:00,short,0.63333,0.6361,0.63056,0.63056,TP,27.7,99.72,0.36,10089.25
AUDUSD,C,2025-02-27 02:15:00+00:00,short,0.63069,0.634,0.62738,0.62738,TP,33.1,99.3,0.3,10188.55
AUDUSD,C,2025-02-27 23:30:00+00:00,short,0.62326,0.63094,0.61558,0.63094,SL,-76.8,-99.84,0.13,10088.71
AUDUSD,C,2025-03-06 07:15:00+00:00,long,0.63398,0.63237,0.63559,0.63237,SL,-16.1,-101.43,0.63,9987.28
AUDUSD,C,2025-03-07 16:45:00+00:00,short,0.63042,0.63266,0.62818,0.63266,SL,-22.4,-100.8,0.45,9886.48
AUDUSD,C,2025-03-11 23:45:00+00:00,short,0.62935,0.63163,0.62707,0.63163,SL,-22.8,-98.04,0.43,9788.44
AUDUSD,C,2025-03-13 23:30:00+00:00,long,0.6279,0.62707,0.62873,0.62873,TP,8.3,97.94,1.18,9886.38
AUDUSD,C,2025-03-17 23:45:00+00:00,short,0.63815,0.63958,0.63672,0.63672,TP,14.3,98.67,0.69,9985.05
AUDUSD,C,2025-03-18 07:45:00+00:00,short,0.63719,0.6392,0.63518,0.63518,TP,20.1,100.5,0.5,10085.55
AUDUSD,C,2025-03-18 23:15:00+00:00,long,0.63598,0.63388,0.63808,0.63388,SL,-21.0,-100.8,0.48,9984.75
AUDUSD,C,2025-03-19 16:45:00+00:00,long,0.63333,0.63162,0.63504,0.63504,TP,17.1,99.18,0.58,10083.93
AUDUSD,C,2025-03-20 06:15:00+00:00,short,0.63425,0.63684,0.63166,0.63166,TP,25.9,101.01,0.39,10184.94
AUDUSD,C,2025-03-20 16:00:00+00:00,short,0.62829,0.6353,0.62128,0.6353,SL,-70.1,-105.15,0.15,10079.79
AUDUSD,C,2025-04-08 09:15:00+00:00,long,0.60463,0.59725,0.61201,0.59725,SL,-73.8,-103.32,0.14,9976.47
AUDUSD,C,2025-04-10 11:15:00+00:00,long,0.61469,0.61101,0.61837,0.61837,TP,36.8,99.36,0.27,10075.83
AUDUSD,C,2025-04-14 07:30:00+00:00,long,0.62923,0.62722,0.63124,0.63124,TP,20.1,100.5,0.5,10176.33
AUDUSD,C,2025-04-14 11:30:00+00:00,long,0.63331,0.62798,0.63864,0.62798,SL,-53.3,-101.27,0.19,10075.06
AUDUSD,C,2025-04-18 16:00:00+00:00,short,0.63739,0.63817,0.63661,0.63661,TP,7.8,100.62,1.29,10175.68
AUDUSD,C,2025-04-21 12:45:00+00:00,long,0.64301,0.63586,0.65016,0.63586,SL,-71.5,-100.1,0.14,10075.58
AUDUSD,C,2025-04-23 06:30:00+00:00,short,0.63824,0.64095,0.63553,0.64095,SL,-27.1,-100.27,0.37,9975.31
AUDUSD,C,2025-04-23 12:30:00+00:00,long,0.64135,0.63435,0.64835,0.63435,SL,-70.0,-98.0,0.14,9877.31
AUDUSD,C,2025-04-24 23:45:00+00:00,long,0.64104,0.63691,0.64517,0.63691,SL,-41.3,-99.12,0.24,9778.19
AUDUSD,C,2025-04-29 23:45:00+00:00,short,0.63834,0.63985,0.63683,0.63985,SL,-15.1,-98.15,0.65,9680.04
AUDUSD,C,2025-04-30 05:30:00+00:00,long,0.6398,0.63669,0.64291,0.63669,SL,-31.1,-96.41,0.31,9583.63
AUDUSD,C,2025-04-30 17:15:00+00:00,short,0.63716,0.6422,0.63212,0.6422,SL,-50.4,-95.76,0.19,9487.87
AUDUSD,C,2025-05-02 04:30:00+00:00,long,0.63999,0.63631,0.64367,0.64367,TP,36.8,95.68,0.26,9583.55
AUDUSD,C,2025-05-02 15:30:00+00:00,short,0.64327,0.64491,0.64163,0.64491,SL,-16.4,-95.12,0.58,9488.43
AUDUSD,C,2025-05-05 06:45:00+00:00,short,0.6462,0.64852,0.64388,0.64852,SL,-23.2,-95.12,0.41,9393.31
AUDUSD,C,2025-05-05 23:00:00+00:00,short,0.64677,0.6498,0.64374,0.64374,TP,30.3,93.93,0.31,9487.24
AUDUSD,C,2025-05-07 09:30:00+00:00,long,0.64812,0.64717,0.64907,0.64717,SL,-9.5,-95.0,1.0,9392.24
AUDUSD,C,2025-05-08 14:30:00+00:00,long,0.64131,0.63968,0.64294,0.64294,TP,16.3,94.54,0.58,9486.78
AUDUSD,C,2025-05-09 09:45:00+00:00,long,0.64011,0.63652,0.6437,0.6437,TP,35.9,93.34,0.26,9580.12
AUDUSD,C,2025-05-12 18:30:00+00:00,short,0.6375,0.6405,0.6345,0.6405,SL,-30.0,-96.0,0.32,9484.12
AUDUSD,C,2025-05-15 05:00:00+00:00,long,0.64405,0.64167,0.64643,0.64167,SL,-23.8,-95.2,0.4,9388.92
AUDUSD,C,2025-05-15 14:00:00+00:00,short,0.64089,0.64618,0.6356,0.64618,SL,-52.9,-95.22,0.18,9293.7
AUDUSD,C,2025-05-20 11:30:00+00:00,long,0.64202,0.64024,0.6438,0.64024,SL,-17.8,-92.56,0.52,9201.14
AUDUSD,C,2025-05-21 11:00:00+00:00,short,0.64463,0.64631,0.64295,0.64631,SL,-16.8,-92.4,0.55,9108.74
AUDUSD,C,2025-05-22 09:45:00+00:00,short,0.64438,0.64575,0.64301,0.64575,SL,-13.7,-90.42,0.66,9018.32
AUDUSD,C,2025-05-22 13:15:00+00:00,short,0.64209,0.64575,0.63843,0.64575,SL,-36.6,-91.5,0.25,8926.82
AUDUSD,C,2025-05-26 04:30:00+00:00,long,0.65085,0.64772,0.65398,0.64772,SL,-31.3,-90.77,0.29,8836.05
AUDUSD,C,2025-05-27 06:45:00+00:00,short,0.64774,0.6535,0.64198,0.64198,TP,57.6,86.4,0.15,8922.45
AUDUSD,C,2025-06-02 13:15:00+00:00,short,0.64799,0.64936,0.64662,0.64936,SL,-13.7,-89.05,0.65,8833.4
AUDUSD,C,2025-06-03 03:45:00+00:00,long,0.64913,0.64752,0.65074,0.64752,SL,-16.1,-88.55,0.55,8744.85
AUDUSD,C,2025-06-03 16:30:00+00:00,short,0.64598,0.64689,0.64507,0.64507,TP,9.1,87.36,0.96,8832.21
AUDUSD,C,2025-06-03 23:30:00+00:00,short,0.64655,0.64745,0.64565,0.64565,TP,9.0,88.2,0.98,8920.41
AUDUSD,C,2025-06-04 08:30:00+00:00,short,0.64543,0.64843,0.64243,0.64843,SL,-30.0,-90.0,0.3,8830.41
AUDUSD,C,2025-06-04 15:30:00+00:00,long,0.64853,0.64449,0.65257,0.65257,TP,40.4,88.88,0.22,8919.29
AUDUSD,C,2025-06-05 23:45:00+00:00,short,0.65076,0.65421,0.64731,0.65421,SL,-34.5,-89.7,0.26,8829.59
AUDUSD,C,2025-06-12 22:15:00+00:00,short,0.65282,0.6534,0.65224,0.65224,TP,5.8,88.16,1.52,8917.75
AUDUSD,C,2025-06-16 04:00:00+00:00,long,0.64866,0.64661,0.65071,0.64661,SL,-20.5,-90.2,0.44,8827.55
AUDUSD,C,2025-06-16 22:15:00+00:00,short,0.65337,0.65562,0.65112,0.65112,TP,22.5,87.75,0.39,8915.3
AUDUSD,C,2025-06-18 16:45:00+00:00,short,0.65024,0.65103,0.64945,0.65103,SL,-7.9,-89.27,1.13,8826.03
AUDUSD,C,2025-06-19 16:00:00+00:00,short,0.64662,0.64832,0.64492,0.64492,TP,17.0,88.4,0.52,8914.43
AUDUSD,C,2025-06-19 22:30:00+00:00,long,0.64755,0.64399,0.65111,0.64399,SL,-35.6,-89.0,0.25,8825.43
AUDUSD,C,2025-06-24 08:30:00+00:00,short,0.64949,0.65009,0.64889,0.65009,SL,-6.0,-88.2,1.47,8737.23
AUDUSD,C,2025-06-24 16:00:00+00:00,short,0.65039,0.65177,0.64901,0.64901,TP,13.8,86.94,0.63,8824.17
AUDUSD,C,2025-06-25 02:30:00+00:00,long,0.64902,0.64757,0.65047,0.65047,TP,14.5,88.45,0.61,8912.62
AUDUSD,C,2025-06-25 08:30:00+00:00,short,0.64966,0.6512,0.64812,0.6512,SL,-15.4,-89.32,0.58,8823.3
AUDUSD,C,2025-06-26 06:15:00+00:00,long,0.65308,0.64977,0.65639,0.65639,TP,33.1,89.37,0.27,8912.67
AUDUSD,C,2025-07-03 19:45:00+00:00,short,0.65695,0.65841,0.65549,0.65549,TP,14.6,89.06,0.61,9001.73
AUDUSD,C,2025-07-07 04:15:00+00:00,short,0.65369,0.65612,0.65126,0.65126,TP,24.3,89.91,0.37,9091.64
AUDUSD,C,2025-07-07 09:45:00+00:00,short,0.65021,0.65612,0.6443,0.65612,SL,-59.1,-88.65,0.15,9002.99
AUDUSD,C,2025-07-10 12:30:00+00:00,long,0.65618,0.65279,0.65957,0.65279,SL,-33.9,-91.53,0.27,8911.46
AUDUSD,C,2025-07-16 12:00:00+00:00,short,0.65198,0.65337,0.65059,0.65059,TP,13.9,88.96,0.64,9000.42
AUDUSD,C,2025-07-17 02:45:00+00:00,short,0.65218,0.6535,0.65086,0.65086,TP,13.2,89.76,0.68,9090.18
AUDUSD,C,2025-07-18 07:15:00+00:00,short,0.64998,0.65141,0.64855,0.65141,SL,-14.3,-91.52,0.64,8998.66
AUDUSD,C,2025-07-21 09:00:00+00:00,long,0.65126,0.64922,0.6533,0.6533,TP,20.4,89.76,0.44,9088.42
AUDUSD,C,2025-07-22 06:30:00+00:00,long,0.65176,0.65056,0.65296,0.65056,SL,-12.0,-91.2,0.76,8997.22
AUDUSD,C,2025-07-23 06:45:00+00:00,long,0.65619,0.65309,0.65929,0.65929,TP,31.0,89.9,0.29,9087.12
AUDUSD,C,2025-07-24 02:15:00+00:00,long,0.66023,0.65738,0.66308,0.65738,SL,-28.5,-91.2,0.32,8995.92
AUDUSD,C,2025-07-29 13:15:00+00:00,short,0.6511,0.65342,0.64878,0.64878,TP,23.2,90.48,0.39,9086.4
AUDUSD,C,2025-07-31 04:45:00+00:00,long,0.64442,0.64202,0.64682,0.64682,TP,24.0,91.2,0.38,9177.6
AUDUSD,C,2025-08-04 23:45:00+00:00,short,0.64657,0.64944,0.6437,0.64944,SL,-28.7,-91.84,0.32,9085.76
AUDUSD,C,2025-08-06 10:15:00+00:00,short,0.649,0.64995,0.64805,0.64995,SL,-9.5,-91.2,0.96,8994.56
AUDUSD,C,2025-08-07 02:45:00+00:00,short,0.65005,0.6513,0.6488,0.6513,SL,-12.5,-90.0,0.72,8904.56
AUDUSD,C,2025-08-07 12:45:00+00:00,short,0.65269,0.65455,0.65083,0.65083,TP,18.6,89.28,0.48,8993.84
AUDUSD,C,2025-08-07 18:15:00+00:00,short,0.64978,0.65455,0.64501,0.65455,SL,-47.7,-90.63,0.19,8903.21
AUDUSD,C,2025-08-14 02:45:00+00:00,long,0.65497,0.65363,0.65631,0.65631,TP,13.4,88.44,0.66,8991.65
AUDUSD,C,2025-08-14 12:00:00+00:00,short,0.65296,0.6573,0.64862,0.64862,TP,43.4,91.14,0.21,9082.79
AUDUSD,C,2025-08-18 22:15:00+00:00,long,0.64917,0.64758,0.65076,0.64758,SL,-15.9,-90.63,0.57,8992.16
AUDUSD,C,2025-08-19 18:45:00+00:00,short,0.64598,0.65004,0.64192,0.64192,TP,40.6,89.32,0.22,9081.48
AUDUSD,C,2025-08-22 03:00:00+00:00,long,0.64242,0.64029,0.64455,0.64455,TP,21.3,91.59,0.43,9173.07
AUDUSD,C,2025-08-22 22:30:00+00:00,short,0.64863,0.65052,0.64674,0.64674,TP,18.9,92.61,0.49,9265.68
AUDUSD,C,2025-08-28 11:00:00+00:00,short,0.65097,0.65263,0.64931,0.65263,SL,-16.6,-92.96,0.56,9172.72
AUDUSD,C,2025-08-29 02:15:00+00:00,long,0.65298,0.65175,0.65421,0.65421,TP,12.3,92.25,0.75,9264.97
AUDUSD,C,2025-09-01 03:15:00+00:00,long,0.65444,0.65293,0.65595,0.65293,SL,-15.1,-92.11,0.61,9172.86
AUDUSD,C,2025-09-02 13:45:00+00:00,long,0.65098,0.64946,0.6525,0.64946,SL,-15.2,-91.2,0.6,9081.66
AUDUSD,C,2025-09-02 22:45:00+00:00,long,0.65189,0.64775,0.65603,0.65603,TP,41.4,91.08,0.22,9172.74
AUDUSD,C,2025-09-05 19:00:00+00:00,long,0.6565,0.65352,0.65948,0.65948,TP,29.8,92.38,0.31,9265.12
AUDUSD,C,2025-09-08 19:45:00+00:00,short,0.65845,0.66035,0.65655,0.66035,SL,-19.0,-93.1,0.49,9172.02
AUDUSD,C,2025-09-09 07:00:00+00:00,long,0.65992,0.65721,0.66263,0.66263,TP,27.1,92.14,0.34,9264.16
AUDUSD,C,2025-09-11 07:30:00+00:00,short,0.66091,0.66261,0.65921,0.65921,TP,17.0,91.8,0.54,9355.96
AUDUSD,C,2025-09-12 08:45:00+00:00,short,0.66578,0.66735,0.66421,0.66421,TP,15.7,94.2,0.6,9450.16
AUDUSD,C,2025-09-12 16:30:00+00:00,short,0.66373,0.66735,0.66011,0.66735,SL,-36.2,-94.12,0.26,9356.04
AUDUSD,C,2025-09-17 06:30:00+00:00,long,0.66772,0.66686,0.66858,0.66686,SL,-8.6,-93.74,1.09,9262.3
AUDUSD,C,2025-09-17 15:00:00+00:00,long,0.66762,0.66609,0.66915,0.66915,TP,15.3,93.33,0.61,9355.63
AUDUSD,C,2025-09-19 06:45:00+00:00,long,0.66107,0.66041,0.66173,0.66041,SL,-6.6,-93.72,1.42,9261.91
AUDUSD,C,2025-09-19 09:00:00+00:00,short,0.65974,0.66243,0.65705,0.66243,SL,-26.9,-91.46,0.34,9170.45
AUDUSD,C,2025-09-25 03:45:00+00:00,long,0.65894,0.65697,0.66091,0.65697,SL,-19.7,-92.59,0.47,9077.86
AUDUSD,C,2025-09-26 07:15:00+00:00,short,0.65419,0.65492,0.65346,0.65346,TP,7.3,90.52,1.24,9168.38
AUDUSD,C,2025-09-26 10:30:00+00:00,short,0.65307,0.65492,0.65122,0.65492,SL,-18.5,-92.5,0.5,9075.88
AUDUSD,C,2025-09-26 23:00:00+00:00,long,0.65494,0.65154,0.65834,0.65834,TP,34.0,91.8,0.27,9167.68
AUDUSD,C,2025-09-30 08:30:00+00:00,long,0.66073,0.65658,0.66488,0.65658,SL,-41.5,-91.3,0.22,9076.38
AUDUSD,C,2025-10-08 22:15:00+00:00,long,0.65859,0.65701,0.66017,0.66017,TP,15.8,90.06,0.57,9166.44
AUDUSD,C,2025-10-09 11:00:00+00:00,long,0.6578,0.65701,0.65859,0.65701,SL,-7.9,-91.64,1.16,9074.8
AUDUSD,C,2025-10-09 13:30:00+00:00,short,0.65954,0.66148,0.6576,0.6576,TP,19.4,91.18,0.47,9165.98
AUDUSD,C,2025-10-09 19:45:00+00:00,short,0.65518,0.66171,0.64865,0.64865,TP,65.3,91.42,0.14,9257.4
AUDUSD,C,2025-10-13 19:15:00+00:00,long,0.65197,0.65008,0.65386,0.65008,SL,-18.9,-92.61,0.49,9164.79
AUDUSD,C,2025-10-14 06:45:00+00:00,short,0.64967,0.65258,0.64676,0.64676,TP,29.1,90.21,0.31,9255.0
AUDUSD,C,2025-10-14 12:15:00+00:00,short,0.64558,0.65258,0.63858,0.65258,SL,-70.0,-91.0,0.13,9164.0
AUDUSD,C,2025-10-24 23:45:00+00:00,short,0.6512,0.65184,0.65056,0.65184,SL,-6.4,-91.52,1.43,9072.48
AUDUSD,C,2025-10-28 07:00:00+00:00,long,0.65625,0.65482,0.65768,0.65482,SL,-14.3,-90.09,0.63,8982.39
AUDUSD,C,2025-10-29 06:30:00+00:00,long,0.65966,0.6573,0.66202,0.6573,SL,-23.6,-89.68,0.38,8892.71
AUDUSD,C,2025-10-31 04:45:00+00:00,short,0.65515,0.65649,0.65381,0.65381,TP,13.4,88.44,0.66,8981.15
AUDUSD,C,2025-10-31 11:30:00+00:00,short,0.65402,0.65649,0.65155,0.65155,TP,24.7,88.92,0.36,9070.07
AUDUSD,C,2025-11-04 14:15:00+00:00,short,0.64955,0.65478,0.64432,0.65478,SL,-52.3,-88.91,0.17,8981.16
AUDUSD,C,2025-11-12 22:15:00+00:00,short,0.65437,0.65494,0.6538,0.6538,TP,5.7,90.06,1.58,9071.22
AUDUSD,C,2025-11-13 07:00:00+00:00,long,0.65569,0.65273,0.65865,0.65273,SL,-29.6,-91.76,0.31,8979.46
AUDUSD,C,2025-11-14 03:00:00+00:00,short,0.6532,0.65388,0.65252,0.65388,SL,-6.8,-89.76,1.32,8889.7
AUDUSD,C,2025-11-14 10:00:00+00:00,long,0.65265,0.65186,0.65344,0.65186,SL,-7.9,-89.27,1.13,8800.43
AUDUSD,C,2025-11-17 03:15:00+00:00,short,0.65241,0.65562,0.6492,0.6492,TP,32.1,86.67,0.27,8887.1
AUDUSD,C,2025-11-18 04:30:00+00:00,long,0.64923,0.64768,0.65078,0.64768,SL,-15.5,-88.35,0.57,8798.75
AUDUSD,C,2025-11-18 06:30:00+00:00,short,0.64765,0.65036,0.64494,0.65036,SL,-27.1,-86.72,0.32,8712.03
AUDUSD,C,2025-11-19 14:45:00+00:00,short,0.6489,0.65022,0.64758,0.64758,TP,13.2,87.12,0.66,8799.15
AUDUSD,C,2025-11-19 22:30:00+00:00,long,0.64706,0.64459,0.64953,0.64953,TP,24.7,88.92,0.36,8888.07
AUDUSD,C,2025-11-21 03:45:00+00:00,short,0.64543,0.65074,0.64012,0.65074,SL,-53.1,-90.27,0.17,8797.8
AUDUSD,C,2025-11-26 09:15:00+00:00,long,0.65056,0.64588,0.65524,0.65524,TP,46.8,88.92,0.19,8886.72
AUDUSD,C,2025-12-01 12:00:00+00:00,long,0.65512,0.65321,0.65703,0.65703,TP,19.1,89.77,0.47,8976.49
AUDUSD,C,2025-12-04 02:45:00+00:00,long,0.66085,0.65688,0.66482,0.66482,TP,39.7,91.31,0.23,9067.8
AUDUSD,C,2025-12-08 06:15:00+00:00,long,0.66441,0.66218,0.66664,0.66218,SL,-22.3,-91.43,0.41,8976.37
AUDUSD,C,2025-12-08 23:15:00+00:00,short,0.66221,0.66342,0.661,0.661,TP,12.1,89.54,0.74,9065.91
AUDUSD,C,2025-12-09 23:45:00+00:00,long,0.66416,0.66285,0.66547,0.66285,SL,-13.1,-90.39,0.69,8975.52
AUDUSD,C,2025-12-11 22:15:00+00:00,short,0.66635,0.66807,0.66463,0.66463,TP,17.2,89.44,0.52,9064.96
AUDUSD,C,2025-12-15 02:45:00+00:00,long,0.66461,0.66312,0.6661,0.66312,SL,-14.9,-90.89,0.61,8974.07
AUDUSD,C,2025-12-16 23:30:00+00:00,short,0.66286,0.66484,0.66088,0.66088,TP,19.8,89.1,0.45,9063.17
AUDUSD,C,2025-12-19 07:45:00+00:00,short,0.66041,0.6627,0.65812,0.6627,SL,-22.9,-91.6,0.4,8971.57
AUDUSD,C,2025-12-23 03:00:00+00:00,long,0.6657,0.66478,0.66662,0.66662,TP,9.2,90.16,0.98,9061.73
GBPUSD,C,2025-01-02 23:45:00+00:00,long,1.23704,1.23477,1.23931,1.23931,TP,22.7,99.88,0.44,10099.88
GBPUSD,C,2025-01-03 07:45:00+00:00,long,1.23958,1.23579,1.24337,1.24337,TP,37.9,102.33,0.27,10202.21
GBPUSD,C,2025-01-06 05:45:00+00:00,short,1.24339,1.24474,1.24204,1.24474,SL,-13.5,-102.6,0.76,10099.61
GBPUSD,C,2025-01-08 08:30:00+00:00,long,1.24899,1.24627,1.25171,1.24627,SL,-27.2,-100.64,0.37,9998.97
GBPUSD,C,2025-01-09 02:45:00+00:00,short,1.23561,1.23818,1.23304,1.23304,TP,25.7,100.23,0.39,10099.2
GBPUSD,C,2025-01-10 15:30:00+00:00,long,1.22965,1.22611,1.23319,1.22611,SL,-35.4,-102.66,0.29,9996.54
GBPUSD,C,2025-01-10 23:15:00+00:00,long,1.22107,1.21898,1.22316,1.21898,SL,-20.9,-100.32,0.48,9896.22
GBPUSD,C,2025-01-13 08:45:00+00:00,long,1.21487,1.21209,1.21765,1.21209,SL,-27.8,-100.08,0.36,9796.14
GBPUSD,C,2025-01-13 18:45:00+00:00,long,1.2159,1.20947,1.22233,1.22233,TP,64.3,96.45,0.15,9892.59
GBPUSD,C,2025-01-14 06:30:00+00:00,short,1.22142,1.22551,1.21733,1.21733,TP,40.9,98.16,0.24,9990.75
GBPUSD,C,2025-01-14 19:15:00+00:00,short,1.21829,1.22508,1.2115,1.22508,SL,-67.9,-101.85,0.15,9888.9
GBPUSD,C,2025-01-15 23:00:00+00:00,long,1.22412,1.2181,1.23014,1.2181,SL,-60.2,-96.32,0.16,9792.58
GBPUSD,C,2025-01-17 02:45:00+00:00,long,1.22365,1.22224,1.22506,1.22224,SL,-14.1,-97.29,0.69,9695.29
GBPUSD,C,2025-01-17 08:45:00+00:00,short,1.22152,1.22449,1.21855,1.21855,TP,29.7,98.01,0.33,9793.3
GBPUSD,C,2025-01-17 15:15:00+00:00,long,1.2189,1.21558,1.22222,1.22222,TP,33.2,96.28,0.29,9889.58
GBPUSD,C,2025-01-21 09:00:00+00:00,short,1.22647,1.23165,1.22129,1.23165,SL,-51.8,-98.42,0.19,9791.16
GBPUSD,C,2025-01-22 02:45:00+00:00,long,1.23477,1.22242,1.24712,1.24712,TP,123.5,98.8,0.08,9889.96
GBPUSD,C,2025-01-28 22:15:00+00:00,short,1.24436,1.24519,1.24353,1.24353,TP,8.3,98.77,1.19,9988.73
GBPUSD,C,2025-01-29 07:30:00+00:00,long,1.24496,1.24283,1.24709,1.24283,SL,-21.3,-100.11,0.47,9888.62
GBPUSD,C,2025-01-31 03:45:00+00:00,long,1.24188,1.24028,1.24348,1.24348,TP,16.0,99.2,0.62,9987.82
GBPUSD,C,2025-01-31 19:00:00+00:00,long,1.24318,1.23957,1.24679,1.24679,TP,36.1,101.08,0.28,10088.9
GBPUSD,C,2025-02-03 22:30:00+00:00,long,1.24023,1.23733,1.24313,1.24313,TP,29.0,101.5,0.35,10190.4
GBPUSD,C,2025-02-04 04:30:00+00:00,short,1.24224,1.24598,1.2385,1.2385,TP,37.4,100.98,0.27,10291.38
GBPUSD,C,2025-02-04 11:45:00+00:00,long,1.24222,1.23737,1.24707,1.24707,TP,48.5,101.85,0.21,10393.23
GBPUSD,C,2025-02-05 17:00:00+00:00,short,1.25243,1.25546,1.2494,1.2494,TP,30.3,103.02,0.34,10496.25
GBPUSD,C,2025-02-06 08:30:00+00:00,short,1.24884,1.25142,1.24626,1.24626,TP,25.8,105.78,0.41,10602.03
GBPUSD,C,2025-02-07 04:15:00+00:00,long,1.24331,1.24169,1.24493,1.24493,TP,16.2,105.3,0.65,10707.33
GBPUSD,C,2025-02-07 12:45:00+00:00,long,1.24505,1.24169,1.24841,1.24841,TP,33.6,107.52,0.32,10814.85
GBPUSD,C,2025-02-07 18:15:00+00:00,short,1.24224,1.24735,1.23713,1.23713,TP,51.1,107.31,0.21,10922.16
GBPUSD,C,2025-02-10 02:15:00+00:00,long,1.23911,1.23712,1.2411,1.2411,TP,19.9,109.45,0.55,11031.61
GBPUSD,C,2025-02-10 14:45:00+00:00,long,1.23857,1.23579,1.24135,1.23579,SL,-27.8,-111.2,0.4,10920.41
GBPUSD,C,2025-02-11 05:30:00+00:00,short,1.2352,1.23737,1.23303,1.23737,SL,-21.7,-108.5,0.5,10811.91
GBPUSD,C,2025-02-12 03:15:00+00:00,short,1.24433,1.24591,1.24275,1.24591,SL,-15.8,-107.44,0.68,10704.47
GBPUSD,C,2025-02-13 10:15:00+00:00,long,1.24862,1.24252,1.25472,1.25472,TP,61.0,109.8,0.18,10814.27
GBPUSD,C,2025-02-14 03:00:00+00:00,short,1.25631,1.25731,1.25531,1.25531,TP,10.0,108.0,1.08,10922.27
GBPUSD,C,2025-02-17 08:15:00+00:00,short,1.25913,1.26052,1.25774,1.26052,SL,-13.9,-109.81,0.79,10812.46
GBPUSD,C,2025-02-18 15:00:00+00:00,short,1.25896,1.26277,1.25515,1.26277,SL,-38.1,-106.68,0.28,10705.78
GBPUSD,C,2025-02-19 14:15:00+00:00,short,1.25822,1.26429,1.25215,1.26429,SL,-60.7,-109.26,0.18,10596.52
GBPUSD,C,2025-02-21 10:15:00+00:00,long,1.26634,1.26486,1.26782,1.26486,SL,-14.8,-106.56,0.72,10489.96
GBPUSD,C,2025-02-26 11:30:00+00:00,long,1.26549,1.26299,1.26799,1.26799,TP,25.0,105.0,0.42,10594.96
GBPUSD,C,2025-02-27 05:00:00+00:00,short,1.26625,1.27209,1.26041,1.26041,TP,58.4,105.12,0.18,10700.08
GBPUSD,C,2025-02-28 02:15:00+00:00,long,1.25985,1.25858,1.26112,1.25858,SL,-12.7,-106.68,0.84,10593.4
GBPUSD,C,2025-02-28 12:30:00+00:00,short,1.26003,1.26154,1.25852,1.25852,TP,15.1,105.7,0.7,10699.1
GBPUSD,C,2025-03-03 07:45:00+00:00,short,1.26015,1.26184,1.25846,1.25846,TP,16.9,106.47,0.63,10805.57
GBPUSD,C,2025-03-05 09:15:00+00:00,long,1.27991,1.27625,1.28357,1.28357,TP,36.6,109.8,0.3,10915.37
GBPUSD,C,2025-03-06 13:00:00+00:00,short,1.28765,1.29288,1.28242,1.29288,SL,-52.3,-109.83,0.21,10805.54
GBPUSD,C,2025-03-10 03:15:00+00:00,long,1.29398,1.28896,1.299,1.28896,SL,-50.2,-110.44,0.22,10695.1
GBPUSD,C,2025-03-10 12:45:00+00:00,long,1.29202,1.29001,1.29403,1.29403,TP,20.1,106.53,0.53,10801.63
GBPUSD,C,2025-03-10 23:45:00+00:00,long,1.28756,1.28563,1.28949,1.28949,TP,19.3,108.08,0.56,10909.71
GBPUSD,C,2025-03-11 08:45:00+00:00,long,1.28933,1.28563,1.29303,1.29303,TP,37.0,107.3,0.29,11017.01
GBPUSD,C,2025-03-11 18:15:00+00:00,short,1.29437,1.29566,1.29308,1.29566,SL,-12.9,-109.65,0.85,10907.36
GBPUSD,C,2025-03-12 03:00:00+00:00,short,1.29382,1.29708,1.29056,1.29708,SL,-32.6,-107.58,0.33,10799.78
GBPUSD,C,2025-03-13 07:45:00+00:00,short,1.29561,1.29784,1.29338,1.29338,TP,22.3,107.04,0.48,10906.82
GBPUSD,C,2025-03-14 02:45:00+00:00,long,1.295,1.29345,1.29655,1.29345,SL,-15.5,-108.5,0.7,10798.32
GBPUSD,C,2025-03-14 18:00:00+00:00,short,1.29213,1.29588,1.28838,1.29588,SL,-37.5,-108.75,0.29,10689.57
GBPUSD,C,2025-03-17 15:45:00+00:00,long,1.29737,1.29231,1.30243,1.29231,SL,-50.6,-106.26,0.21,10583.31
GBPUSD,C,2025-03-24 06:45:00+00:00,long,1.29164,1.29021,1.29307,1.29307,TP,14.3,105.82,0.74,10689.13
GBPUSD,C,2025-03-24 15:45:00+00:00,long,1.29348,1.29061,1.29635,1.29061,SL,-28.7,-106.19,0.37,10582.94
GBPUSD,C,2025-03-24 22:30:00+00:00,long,1.2924,1.28898,1.29582,1.29582,TP,34.2,106.02,0.31,10688.96
GBPUSD,C,2025-03-25 15:45:00+00:00,long,1.29509,1.28961,1.30057,1.28961,SL,-54.8,-109.6,0.2,10579.36
GBPUSD,C,2025-03-27 03:30:00+00:00,long,1.28931,1.28651,1.29211,1.29211,TP,28.0,106.4,0.38,10685.76
GBPUSD,C,2025-03-27 09:15:00+00:00,short,1.29176,1.29297,1.29055,1.29055,TP,12.1,106.48,0.88,10792.24
GBPUSD,C,2025-03-27 23:15:00+00:00,long,1.29423,1.29167,1.29679,1.29679,TP,25.6,107.52,0.42,10899.76
GBPUSD,C,2025-03-31 13:45:00+00:00,short,1.29416,1.29758,1.29074,1.29074,TP,34.2,109.44,0.32,11009.2
GBPUSD,C,2025-04-01 09:15:00+00:00,short,1.29168,1.29313,1.29023,1.29023,TP,14.5,110.2,0.76,11119.4
GBPUSD,C,2025-04-02 11:30:00+00:00,long,1.29132,1.29005,1.29259,1.29259,TP,12.7,111.76,0.88,11231.16
GBPUSD,C,2025-04-04 04:30:00+00:00,long,1.3097,1.30739,1.31201,1.30739,SL,-23.1,-113.19,0.49,11117.97
GBPUSD,C,2025-04-04 15:30:00+00:00,long,1.30068,1.29563,1.30573,1.29563,SL,-50.5,-111.1,0.22,11006.87
GBPUSD,C,2025-04-04 22:15:00+00:00,short,1.28788,1.3055,1.27026,1.3055,SL,-176.2,-105.72,0.06,10901.15
GBPUSD,C,2025-04-18 08:45:00+00:00,short,1.32702,1.32888,1.32516,1.32888,SL,-18.6,-109.74,0.59,10791.41
GBPUSD,C,2025-04-21 06:15:00+00:00,long,1.33713,1.32626,1.348,1.32626,SL,-108.7,-108.7,0.1,10682.71
GBPUSD,C,2025-04-23 08:30:00+00:00,long,1.33024,1.32281,1.33767,1.33767,TP,74.3,104.02,0.14,10786.73
GBPUSD,C,2025-04-29 07:00:00+00:00,short,1.34111,1.34485,1.33737,1.33737,TP,37.4,108.46,0.29,10895.19
GBPUSD,C,2025-04-30 15:15:00+00:00,short,1.33621,1.34186,1.33056,1.33056,TP,56.5,107.35,0.19,11002.54
GBPUSD,C,2025-05-02 02:15:00+00:00,short,1.32817,1.33493,1.32141,1.33493,SL,-67.6,-108.16,0.16,10894.38
GBPUSD,C,2025-05-07 08:30:00+00:00,long,1.3352,1.33274,1.33766,1.33274,SL,-24.6,-108.24,0.44,10786.14
GBPUSD,C,2025-05-07 13:00:00+00:00,short,1.33361,1.33711,1.33011,1.33711,SL,-35.0,-108.5,0.31,10677.64
GBPUSD,C,2025-05-08 12:00:00+00:00,short,1.32703,1.33604,1.31802,1.31802,TP,90.1,108.12,0.12,10785.76
GBPUSD,C,2025-05-13 02:45:00+00:00,long,1.31755,1.31563,1.31947,1.31947,TP,19.2,107.52,0.56,10893.28
GBPUSD,C,2025-05-13 11:00:00+00:00,long,1.32033,1.31563,1.32503,1.32503,TP,47.0,108.1,0.23,11001.38
GBPUSD,C,2025-05-14 17:45:00+00:00,short,1.32995,1.33643,1.32347,1.33643,SL,-64.8,-110.16,0.17,10891.22
GBPUSD,C,2025-05-20 02:30:00+00:00,long,1.33569,1.33389,1.33749,1.33749,TP,18.0,109.8,0.61,11001.02
GBPUSD,C,2025-05-21 02:30:00+00:00,long,1.33946,1.33288,1.34604,1.34604,TP,65.8,111.86,0.17,11112.88
GBPUSD,C,2025-05-22 03:45:00+00:00,short,1.34261,1.34567,1.33955,1.33955,TP,30.6,110.16,0.36,11223.04
GBPUSD,C,2025-05-26 08:00:00+00:00,long,1.35812,1.35155,1.36469,1.35155,SL,-65.7,-111.69,0.17,11111.35
GBPUSD,C,2025-05-28 09:15:00+00:00,short,1.3477,1.35262,1.34278,1.34278,TP,49.2,113.16,0.23,11224.51
GBPUSD,C,2025-05-30 04:15:00+00:00,long,1.34976,1.34756,1.35196,1.34756,SL,-22.0,-112.2,0.51,11112.31
GBPUSD,C,2025-05-30 09:30:00+00:00,short,1.34767,1.35149,1.34385,1.35149,SL,-38.2,-110.78,0.29,11001.53
GBPUSD,C,2025-06-02 14:30:00+00:00,long,1.35346,1.34673,1.36019,1.36019,TP,67.3,107.68,0.16,11109.21
GBPUSD,C,2025-06-06 07:45:00+00:00,long,1.35737,1.35591,1.35883,1.35591,SL,-14.6,-110.96,0.76,10998.25
GBPUSD,C,2025-06-06 22:15:00+00:00,long,1.35308,1.351,1.35516,1.35516,TP,20.8,110.24,0.53,11108.49
GBPUSD,C,2025-06-09 16:00:00+00:00,short,1.35381,1.35853,1.34909,1.34909,TP,47.2,113.28,0.24,11221.77
GBPUSD,C,2025-06-12 07:15:00+00:00,short,1.35805,1.35974,1.35636,1.35636,TP,16.9,111.54,0.66,11333.31
GBPUSD,C,2025-06-17 23:45:00+00:00,short,1.34241,1.35776,1.32706,1.35776,SL,-153.5,-107.45,0.07,11225.86
GBPUSD,C,2025-06-24 18:30:00+00:00,long,1.36255,1.35041,1.37469,1.37469,TP,121.4,109.26,0.09,11335.12
GBPUSD,C,2025-06-27 07:15:00+00:00,long,1.37315,1.37088,1.37542,1.37088,SL,-22.7,-113.5,0.5,11221.62
GBPUSD,C,2025-06-30 23:45:00+00:00,long,1.37298,1.36683,1.37913,1.36683,SL,-61.5,-110.7,0.18,11110.92
GBPUSD,C,2025-07-03 23:00:00+00:00,long,1.36448,1.35803,1.37093,1.35803,SL,-64.5,-109.65,0.17,11001.27
GBPUSD,C,2025-07-08 17:30:00+00:00,short,1.35493,1.36505,1.34481,1.34481,TP,101.2,111.32,0.11,11112.59
GBPUSD,C,2025-07-15 09:45:00+00:00,long,1.34397,1.34223,1.34571,1.34571,TP,17.4,111.36,0.64,11223.95
GBPUSD,C,2025-07-15 22:45:00+00:00,long,1.33875,1.33734,1.34016,1.33734,SL,-14.1,-112.8,0.8,11111.15
GBPUSD,C,2025-07-16 03:00:00+00:00,long,1.33861,1.33734,1.33988,1.33988,TP,12.7,110.49,0.87,11221.64
GBPUSD,C,2025-07-16 06:30:00+00:00,long,1.33868,1.33675,1.34061,1.34061,TP,19.3,111.94,0.58,11333.58
GBPUSD,C,2025-07-16 23:45:00+00:00,short,1.34173,1.34894,1.33452,1.34894,SL,-72.1,-115.36,0.16,11218.22
GBPUSD,C,2025-07-23 07:00:00+00:00,long,1.35245,1.35106,1.35384,1.35384,TP,13.9,112.59,0.81,11330.81
GBPUSD,C,2025-07-23 12:45:00+00:00,long,1.35391,1.35095,1.35687,1.35687,TP,29.6,112.48,0.38,11443.29
GBPUSD,C,2025-07-24 03:45:00+00:00,short,1.35755,1.35879,1.35631,1.35631,TP,12.4,114.08,0.92,11557.37
GBPUSD,C,2025-07-25 06:15:00+00:00,short,1.3491,1.35163,1.34657,1.34657,TP,25.3,116.38,0.46,11673.75
GBPUSD,C,2025-07-25 14:45:00+00:00,short,1.34494,1.35163,1.33825,1.33825,TP,66.9,113.73,0.17,11787.48
GBPUSD,C,2025-07-30 05:45:00+00:00,short,1.33566,1.33734,1.33398,1.33734,SL,-16.8,-117.6,0.7,11669.88
GBPUSD,C,2025-07-30 22:30:00+00:00,short,1.3243,1.33898,1.30962,1.33898,SL,-146.8,-117.44,0.08,11552.44
GBPUSD,C,2025-08-07 17:30:00+00:00,short,1.34144,1.34408,1.3388,1.34408,SL,-26.4,-116.16,0.44,11436.28
GBPUSD,C,2025-08-11 02:45:00+00:00,long,1.34462,1.34307,1.34617,1.34617,TP,15.5,114.7,0.74,11550.98
GBPUSD,C,2025-08-11 07:00:00+00:00,long,1.34638,1.34307,1.34969,1.34307,SL,-33.1,-115.85,0.35,11435.13
GBPUSD,C,2025-08-12 14:45:00+00:00,short,1.34493,1.34764,1.34222,1.34764,SL,-27.1,-113.82,0.42,11321.31
GBPUSD,C,2025-08-13 08:45:00+00:00,short,1.35042,1.35118,1.34966,1.35118,SL,-7.6,-113.24,1.49,11208.07
GBPUSD,C,2025-08-13 18:45:00+00:00,long,1.35704,1.34938,1.3647,1.34938,SL,-76.6,-114.9,0.15,11093.17
GBPUSD,C,2025-08-20 09:45:00+00:00,long,1.34999,1.3456,1.35438,1.3456,SL,-43.9,-109.75,0.25,10983.42
GBPUSD,C,2025-08-20 22:45:00+00:00,long,1.3455,1.34418,1.34682,1.34418,SL,-13.2,-109.56,0.83,10873.86
GBPUSD,C,2025-08-21 17:00:00+00:00,short,1.34369,1.34866,1.33872,1.34866,SL,-49.7,-109.34,0.22,10764.52
GBPUSD,C,2025-08-25 10:00:00+00:00,long,1.35125,1.34837,1.35413,1.34837,SL,-28.8,-106.56,0.37,10657.96
GBPUSD,C,2025-08-27 07:00:00+00:00,short,1.34562,1.34867,1.34257,1.34257,TP,30.5,106.75,0.35,10764.71
GBPUSD,C,2025-08-28 05:30:00+00:00,long,1.35131,1.34763,1.35499,1.34763,SL,-36.8,-106.72,0.29,10657.99
GBPUSD,C,2025-09-03 17:30:00+00:00,long,1.34364,1.33275,1.35453,1.35453,TP,108.9,108.9,0.1,10766.89
GBPUSD,C,2025-09-08 05:45:00+00:00,long,1.34995,1.34759,1.35231,1.35231,TP,23.6,108.56,0.46,10875.45
GBPUSD,C,2025-09-09 03:00:00+00:00,long,1.3551,1.35218,1.35802,1.35802,TP,29.2,108.04,0.37,10983.49
GBPUSD,C,2025-09-09 15:45:00+00:00,short,1.3553,1.35873,1.35187,1.35187,TP,34.3,109.76,0.32,11093.25
GBPUSD,C,2025-09-10 08:00:00+00:00,long,1.3539,1.35096,1.35684,1.35096,SL,-29.4,-111.72,0.38,10981.53
GBPUSD,C,2025-09-12 06:30:00+00:00,short,1.35556,1.3588,1.35232,1.3588,SL,-32.4,-110.16,0.34,10871.37
GBPUSD,C,2025-09-16 02:45:00+00:00,short,1.36022,1.36163,1.35881,1.36163,SL,-14.1,-108.57,0.77,10762.8
GBPUSD,C,2025-09-16 22:45:00+00:00,short,1.36542,1.36771,1.36313,1.36313,TP,22.9,107.63,0.47,10870.43
GBPUSD,C,2025-09-18 09:30:00+00:00,short,1.36019,1.36402,1.35636,1.36402,SL,-38.3,-107.24,0.28,10763.19
GBPUSD,C,2025-09-18 14:00:00+00:00,long,1.36485,1.35809,1.37161,1.35809,SL,-67.6,-108.16,0.16,10655.03
GBPUSD,C,2025-09-19 06:00:00+00:00,short,1.35433,1.35614,1.35252,1.35252,TP,18.1,106.79,0.59,10761.82
GBPUSD,C,2025-09-22 07:45:00+00:00,short,1.34594,1.34795,1.34393,1.34795,SL,-20.1,-108.54,0.54,10653.28
GBPUSD,C,2025-09-22 17:15:00+00:00,long,1.34934,1.34478,1.3539,1.34478,SL,-45.6,-104.88,0.23,10548.4
GBPUSD,C,2025-09-24 22:45:00+00:00,long,1.34462,1.34213,1.34711,1.34213,SL,-24.9,-104.58,0.42,10443.82
GBPUSD,C,2025-09-25 19:30:00+00:00,short,1.33515,1.34722,1.32308,1.34722,SL,-120.7,-108.63,0.09,10335.19
GBPUSD,C,2025-10-01 23:45:00+00:00,long,1.34735,1.34603,1.34867,1.34867,TP,13.2,102.96,0.78,10438.15
GBPUSD,C,2025-10-02 07:00:00+00:00,long,1.34783,1.34621,1.34945,1.34945,TP,16.2,103.68,0.64,10541.83
GBPUSD,C,2025-10-02 18:45:00+00:00,short,1.34118,1.35154,1.33082,1.33082,TP,103.6,103.6,0.1,10645.43
GBPUSD,C,2025-10-13 07:30:00+00:00,long,1.33577,1.33215,1.33939,1.33215,SL,-36.2,-104.98,0.29,10540.45
GBPUSD,C,2025-10-13 18:00:00+00:00,short,1.33312,1.33577,1.33047,1.33047,TP,26.5,106.0,0.4,10646.45
GBPUSD,C,2025-10-15 22:15:00+00:00,long,1.33845,1.3329,1.344,1.344,TP,55.5,105.45,0.19,10751.9
GBPUSD,C,2025-10-20 03:00:00+00:00,short,1.3427,1.34438,1.34102,1.34102,TP,16.8,107.52,0.64,10859.42
GBPUSD,C,2025-10-21 23:45:00+00:00,short,1.33686,1.34033,1.33339,1.33339,TP,34.7,107.57,0.31,10966.99
GBPUSD,C,2025-10-22 11:45:00+00:00,short,1.33221,1.3392,1.32522,1.32522,TP,69.9,111.84,0.16,11078.83
GBPUSD,C,2025-10-29 15:30:00+00:00,long,1.32161,1.31926,1.32396,1.32396,TP,23.5,110.45,0.47,11189.28
GBPUSD,C,2025-10-30 09:15:00+00:00,short,1.32001,1.32235,1.31767,1.31767,TP,23.4,112.32,0.48,11301.6
GBPUSD,C,2025-10-30 15:30:00+00:00,short,1.31487,1.32235,1.30739,1.30739,TP,74.8,112.2,0.15,11413.8
GBPUSD,C,2025-11-05 06:45:00+00:00,long,1.30238,1.30043,1.30433,1.30433,TP,19.5,115.05,0.59,11528.85
GBPUSD,C,2025-11-05 16:30:00+00:00,short,1.30332,1.30581,1.30083,1.30581,SL,-24.9,-114.54,0.46,11414.31
GBPUSD,C,2025-11-10 03:30:00+00:00,long,1.31495,1.3128,1.3171,1.3171,TP,21.5,113.95,0.53,11528.26
GBPUSD,C,2025-11-12 05:45:00+00:00,short,1.31402,1.31588,1.31216,1.31216,TP,18.6,115.32,0.62,11643.58
GBPUSD,C,2025-11-12 15:00:00+00:00,short,1.31216,1.31606,1.30826,1.31606,SL,-39.0,-117.0,0.3,11526.58
GBPUSD,C,2025-11-17 05:45:00+00:00,short,1.31436,1.31791,1.31081,1.31791,SL,-35.5,-113.6,0.32,11412.98
GBPUSD,C,2025-11-17 16:00:00+00:00,long,1.31715,1.31308,1.32122,1.31308,SL,-40.7,-113.96,0.28,11299.02
GBPUSD,C,2025-11-19 06:30:00+00:00,short,1.31349,1.31542,1.31156,1.31542,SL,-19.3,-113.87,0.59,11185.15
GBPUSD,C,2025-11-20 06:00:00+00:00,short,1.30473,1.30672,1.30274,1.30672,SL,-19.9,-111.44,0.56,11073.71
GBPUSD,C,2025-11-21 18:00:00+00:00,long,1.30794,1.30337,1.31251,1.31251,TP,45.7,109.68,0.24,11183.39
GBPUSD,C,2025-11-25 12:30:00+00:00,long,1.31262,1.30902,1.31622,1.31622,TP,36.0,111.6,0.31,11294.99
GBPUSD,C,2025-11-26 03:45:00+00:00,long,1.31742,1.31488,1.31996,1.31996,TP,25.4,111.76,0.44,11406.75
GBPUSD,C,2025-11-27 08:15:00+00:00,long,1.32606,1.3225,1.32962,1.3225,SL,-35.6,-113.92,0.32,11292.83
GBPUSD,C,2025-11-27 14:00:00+00:00,long,1.32275,1.32047,1.32503,1.32503,TP,22.8,114.0,0.5,11406.83
GBPUSD,C,2025-11-28 04:15:00+00:00,long,1.32324,1.32245,1.32403,1.32403,TP,7.9,113.76,1.44,11520.59
GBPUSD,C,2025-11-28 15:30:00+00:00,long,1.32144,1.31955,1.32333,1.32333,TP,18.9,115.29,0.61,11635.88
GBPUSD,C,2025-12-01 10:45:00+00:00,short,1.32161,1.32519,1.31803,1.32519,SL,-35.8,-118.14,0.33,11517.74
GBPUSD,C,2025-12-01 16:00:00+00:00,long,1.3256,1.32001,1.33119,1.32001,SL,-55.9,-117.39,0.21,11400.35
GBPUSD,C,2025-12-02 16:45:00+00:00,short,1.32094,1.32261,1.31927,1.31927,TP,16.7,113.56,0.68,11513.91
GBPUSD,C,2025-12-03 09:15:00+00:00,long,1.3245,1.31893,1.33007,1.33007,TP,55.7,116.97,0.21,11630.88
GBPUSD,C,2025-12-03 18:30:00+00:00,long,1.33327,1.31893,1.34761,1.34761,TP,143.4,114.72,0.08,11745.6
GBPUSD,C,2025-12-22 23:45:00+00:00,long,1.34606,1.34485,1.34727,1.34485,SL,-12.1,-117.37,0.97,11628.23
GBPUSD,C,2025-12-26 11:45:00+00:00,short,1.34882,1.35278,1.34486,1.35278,SL,-39.6,-114.84,0.29,11513.39
